Date,"Volatility of Returns (Session:All day, Interval:1d, Symbol:ZN)",ZScore wrt All Days,ZScore wrt Given Days
2000-09-20,5.2501220703125,-0.8593534789062688,-0.8593534789062688
2000-09-21,0.7498779296877274,-1.6357190001089696,-1.6357190001089696
2000-09-24,0.5,-1.6788270189312844,-1.6788270189312844
2000-09-25,1.500732421875,-1.506184352441292,-1.506184352441292
2000-09-26,0.748779296875,-1.6359085321898101,-1.6359085321898101
2000-09-27,2.0,-1.420052551277097,-1.420052551277097
2000-09-28,1.0,-1.592568863046555,-1.592568863046555
2000-10-01,0.499267578125,-1.6789533736518185,-1.6789533736518185
2000-10-02,2.5,-1.3337943953923679,-1.3337943953923679
2000-10-03,0.7501220703122726,-1.6356768818688698,-1.6356768818688698
2000-10-04,0.7496337890625,-1.635761118349187,-1.635761118349187
2000-10-05,1.75048828125,-1.4630973927391053,-1.4630973927391053
2000-10-08,1.75048828125,-1.4630973927391053,-1.4630973927391053
2000-10-09,3.0,-1.2475362395076388,-1.2475362395076388
2000-10-10,1.500732421875,-1.506184352441292,-1.506184352441292
2000-10-11,12.251220703125,0.34845023556073995,0.34845023556073995
2000-10-12,6.748779296875,-0.6008106615730611,-0.6008106615730611
2000-10-15,4.24951171875,-1.0319750862761723,-1.0319750862761723
2000-10-16,9.748779296875,-0.08326172626468645,-0.08326172626468645
2000-10-17,15.2496337890625,0.8657254023079569,0.8657254023079569
2000-10-18,9.0,-0.21243836889088963,-0.21243836889088963
2000-10-19,5.7503662109375,-0.7730532047813616,-0.7730532047813616
2000-10-22,5.75048828125,-0.7730321456612725,-0.7730321456612725
2000-10-23,8.0,-0.3849546806603478,-0.3849546806603478
2000-10-24,11.2496337890625,0.17566015523012418,0.17566015523012418
2000-10-25,8.499267578125,-0.298822879496153,-0.298822879496153
2000-10-26,8.7503662109375,-0.25550426947298704,-0.25550426947298704
2000-10-29,6.7503662109375,-0.6005368930119035,-0.6005368930119035
2000-10-30,8.2496337890625,-0.3418887800782504,-0.3418887800782504
2000-10-31,3.7503662109375,-1.118085828320278,-1.118085828320278
2000-11-01,3.0,-1.2475362395076388,-1.2475362395076388
2000-11-02,12.2496337890625,0.3481764669995824,0.3481764669995824
2000-11-05,7.2496337890625,-0.5144050918477087,-0.5144050918477087
2000-11-06,5.499511718750227,-0.8163296965643103,-0.8163296965643103
2000-11-07,14.2503662109375,0.693335445259033,0.693335445259033
2000-11-08,9.4991455078125,-0.12632762684678386,-0.12632762684678386
2000-11-09,4.7503662109375,-0.9455695165508199,-0.9455695165508199
2000-11-12,4.251220703125,-1.0316802585949256,-1.0316802585949256
2000-11-13,6.500732421875,-0.6436027935940009,-0.6436027935940009
2000-11-14,6.0,-0.7299873041992643,-0.7299873041992643
2000-11-15,4.2496337890625,-1.0319540271560832,-1.0319540271560832
2000-11-16,5.0,-0.9025036159687224,-0.9025036159687224
2000-11-19,4.24951171875,-1.0319750862761723,-1.0319750862761723
2000-11-20,4.0,-1.0750199277381807,-1.0750199277381807
2000-11-21,7.24951171875,-0.5144261509677976,-0.5144261509677976
2000-11-23,2.7503662109375,-1.2906021400897363,-1.2906021400897363
2000-11-26,4.2496337890625,-1.0319540271560832,-1.0319540271560832
2000-11-27,7.0,-0.557470992429806,-0.557470992429806
2000-11-28,8.748779296875,-0.2557780380341446,-0.2557780380341446
2000-11-29,9.7503662109375,-0.08298795770352885,-0.08298795770352885
2000-11-30,6.0,-0.7299873041992643,-0.7299873041992643
2000-12-03,8.251220703125,-0.34161501151709284,-0.34161501151709284
2000-12-04,11.251220703125,0.17593392379128175,0.17593392379128175
2000-12-05,12.499267578125,0.3912423675816798,0.3912423675816798
2000-12-06,7.500732421875,-0.47108648182454266,-0.47108648182454266
2000-12-07,7.7503662109375,-0.42802058124244524,-0.42802058124244524
2000-12-10,3.4991455078125,-1.161425497463533,-1.161425497463533
2000-12-11,5.2496337890625,-0.8594377153866251,-0.8594377153866251
2000-12-12,11.0,0.13259425464802677,0.13259425464802677
2000-12-13,4.4991455078125,-0.9889091856940748,-0.9889091856940748
2000-12-14,5.748779296875,-0.7733269733425192,-0.7733269733425192
2000-12-17,3.748779296875,-1.1183595968814357,-1.1183595968814357
2000-12-18,1.0,-1.592568863046555,-1.592568863046555
2000-12-19,13.0,0.47762687818694316,0.47762687818694316
2000-12-20,10.2496337890625,0.0031438434606659736,0.0031438434606659736
2000-12-21,8.0,-0.3849546806603478,-0.3849546806603478
2000-12-25,6.24951171875,-0.6869424627372559,-0.6869424627372559
2000-12-26,9.2496337890625,-0.1693724683087922,-0.1693724683087922
2000-12-27,7.0,-0.557470992429806,-0.557470992429806
2000-12-28,6.24951171875,-0.6869424627372559,-0.6869424627372559
2001-01-01,22.748779296875,2.1594503267382703,2.1594503267382703
2001-01-02,31.2496337890625,3.625986390619288,3.625986390619288
2001-01-03,15.0,0.8226595017258596,0.8226595017258596
2001-01-04,16.5008544921875,1.0815813832206702,1.0815813832206702
2001-01-07,11.7503662109375,0.26204466583538755,0.26204466583538755
2001-01-08,8.0,-0.3849546806603478,-0.3849546806603478
2001-01-09,13.0,0.47762687818694316,0.47762687818694316
2001-01-10,12.0,0.30511056641748496,0.30511056641748496
2001-01-11,16.24951171875,1.038220654957326,1.038220654957326
2001-01-15,7.748779296875,-0.4282943498036028,-0.4282943498036028
2001-01-16,18.4991455078125,1.4263191790783398,1.4263191790783398
2001-01-17,11.75048828125,0.2620657249554766,0.2620657249554766
2001-01-18,10.500732421875,0.04646245348383193,0.04646245348383193
2001-01-21,7.499267578125,-0.4713391912656112,-0.4713391912656112
2001-01-22,12.7503662109375,0.43456097760484574,0.43456097760484574
2001-01-23,7.75048828125,-0.4279995221223562,-0.4279995221223562
2001-01-24,14.7503662109375,0.7795936011437621,0.7795936011437621
2001-01-25,9.5008544921875,-0.12603279916553722,-0.12603279916553722
2001-01-28,7.0,-0.557470992429806,-0.557470992429806
2001-01-29,12.2496337890625,0.3481764669995824,0.3481764669995824
2001-01-30,11.2496337890625,0.17566015523012418,0.17566015523012418
2001-01-31,9.0,-0.21243836889088963,-0.21243836889088963
2001-02-01,10.7503662109375,0.08952835406592935,0.08952835406592935
2001-02-04,6.0,-0.7299873041992643,-0.7299873041992643
2001-02-05,7.7503662109375,-0.42802058124244524,-0.42802058124244524
2001-02-06,5.748779296875,-0.7733269733425192,-0.7733269733425192
2001-02-07,7.75048828125,-0.4279995221223562,-0.4279995221223562
2001-02-08,7.499267578125,-0.4713391912656112,-0.4713391912656112
2001-02-11,6.0,-0.7299873041992643,-0.7299873041992643
2001-02-12,9.7503662109375,-0.08298795770352885,-0.08298795770352885
2001-02-13,11.24951171875,0.17563909611003511,0.17563909611003511
2001-02-14,9.24951171875,-0.16939352742888128,-0.16939352742888128
2001-02-15,15.4991455078125,0.9087702437699653,0.9087702437699653
2001-02-19,7.24951171875,-0.5144261509677976,-0.5144261509677976
2001-02-20,8.2496337890625,-0.3418887800782504,-0.3418887800782504
2001-02-21,6.0,-0.7299873041992643,-0.7299873041992643
2001-02-22,10.7503662109375,0.08952835406592935,0.08952835406592935
2001-02-25,9.2496337890625,-0.1693724683087922,-0.1693724683087922
2001-02-26,10.0,-0.03992205712143144,-0.03992205712143144
2001-02-27,8.7503662109375,-0.25550426947298704,-0.25550426947298704
2001-02-28,7.2496337890625,-0.5144050918477087,-0.5144050918477087
2001-03-01,12.0,0.30511056641748496,0.30511056641748496
2001-03-04,14.0,0.6501431899564013,0.6501431899564013
2001-03-05,6.75048828125,-0.6005158338918144,-0.6005158338918144
2001-03-06,7.499267578125,-0.4713391912656112,-0.4713391912656112
2001-03-07,4.4991455078125,-0.9889091856940748,-0.9889091856940748
2001-03-08,11.2496337890625,0.17566015523012418,0.17566015523012418
2001-03-11,11.2496337890625,0.17566015523012418,0.17566015523012418
2001-03-12,6.7503662109375,-0.6005368930119035,-0.6005368930119035
2001-03-13,8.0003662109375,-0.3848915033000807,-0.3848915033000807
2001-03-14,9.0,-0.21243836889088963,-0.21243836889088963
2001-03-15,4.2496337890625,-1.0319540271560832,-1.0319540271560832
2001-03-18,6.251220703125,-0.6866476350560092,-0.6866476350560092
2001-03-19,8.500732421875,-0.29857017005508446,-0.29857017005508446
2001-03-20,7.2496337890625,-0.5144050918477087,-0.5144050918477087
2001-03-21,11.24951171875,0.17563909611003511,0.17563909611003511
2001-03-22,6.0,-0.7299873041992643,-0.7299873041992643
2001-03-25,5.0,-0.9025036159687224,-0.9025036159687224
2001-03-26,20.24951171875,1.7282859020351589,1.7282859020351589
2001-03-27,5.2496337890625,-0.8594377153866251,-0.8594377153866251
2001-03-28,6.7503662109375,-0.6005368930119035,-0.6005368930119035
2001-03-29,16.0,0.9951758134953177,0.9951758134953177
2001-04-01,8.7503662109375,-0.25550426947298704,-0.25550426947298704
2001-04-03,7.251220703125,-0.514131323286551,-0.514131323286551
2001-04-04,5.500732421875,-0.816119105363459,-0.816119105363459
2001-04-05,15.75048828125,0.9521309720333093,0.9521309720333093
2001-04-08,5.251220703125,-0.8591639468254674,-0.8591639468254674
2001-04-09,18.251220703125,1.383548106177489,1.383548106177489
2001-04-10,12.748779296875,0.43428720904368817,0.43428720904368817
2001-04-11,12.499267578125,0.3912423675816798,0.3912423675816798
2001-04-15,14.0,0.6501431899564013,0.6501431899564013
2001-04-16,9.24951171875,-0.16939352742888128,-0.16939352742888128
2001-04-17,24.0,2.3753063076509835,2.3753063076509835
2001-04-18,20.2496337890625,1.728306961155248,1.728306961155248
2001-04-19,10.7503662109375,0.08952835406592935,0.08952835406592935
2001-04-22,11.499267578125,0.21872605581222157,0.21872605581222157
2001-04-23,8.4991455078125,-0.29884393861624203,-0.29884393861624203
2001-04-24,13.748779296875,0.6068035208131464,0.6068035208131464
2001-04-25,12.0,0.30511056641748496,0.30511056641748496
2001-04-26,17.7503662109375,1.2971425364521367,1.2971425364521367
2001-04-29,9.5008544921875,-0.12603279916553722,-0.12603279916553722
2001-04-30,10.2496337890625,0.0031438434606659736,0.0031438434606659736
2001-05-01,8.0,-0.3849546806603478,-0.3849546806603478
2001-05-02,11.7503662109375,0.26204466583538755,0.26204466583538755
2001-05-03,14.2496337890625,0.6932090905384988,0.6932090905384988
2001-05-06,4.2496337890625,-1.0319540271560832,-1.0319540271560832
2001-05-07,9.7503662109375,-0.08298795770352885,-0.08298795770352885
2001-05-08,8.748779296875,-0.2557780380341446,-0.2557780380341446
2001-05-09,16.748779296875,1.124352456121521,1.124352456121521
2001-05-10,26.4991455078125,2.8064496732340056,2.8064496732340056
2001-05-13,5.748779296875,-0.7733269733425192,-0.7733269733425192
2001-05-14,11.4991455078125,0.21870499669213253,0.21870499669213253
2001-05-15,8.7503662109375,-0.25550426947298704,-0.25550426947298704
2001-05-16,13.2496337890625,0.5206927787690405,0.5206927787690405
2001-05-17,7.2496337890625,-0.5144050918477087,-0.5144050918477087
2001-05-20,7.2496337890625,-0.5144050918477087,-0.5144050918477087
2001-05-21,4.4991455078125,-0.9889091856940748,-0.9889091856940748
2001-05-22,5.75048828125,-0.7730321456612725,-0.7730321456612725
2001-05-23,16.748779296875,1.124352456121521,1.124352456121521
2001-05-24,7.0,-0.557470992429806,-0.557470992429806
2001-05-28,7.4991455078125,-0.47136025038570023,-0.47136025038570023
2001-05-29,3.24951171875,-1.2044913980456304,-1.2044913980456304
2001-05-30,14.75048828125,0.7796146602638512,0.7796146602638512
2001-05-31,13.0,0.47762687818694316,0.47762687818694316
2001-06-03,4.7503662109375,-0.9455695165508199,-0.9455695165508199
2001-06-04,9.7503662109375,-0.08298795770352885,-0.08298795770352885
2001-06-05,5.24951171875,-0.859458774506714,-0.859458774506714
2001-06-06,8.75048828125,-0.255483210352898,-0.255483210352898
2001-06-07,5.500732421875,-0.816119105363459,-0.816119105363459
2001-06-10,6.5008544921875,-0.6435817344739118,-0.6435817344739118
2001-06-11,3.500732421875,-1.1611517289023754,-1.1611517289023754
2001-06-12,7.2496337890625,-0.5144050918477087,-0.5144050918477087
2001-06-13,6.499267578125,-0.6438555030350694,-0.6438555030350694
2001-06-14,4.500732421875,-0.9886354171329172,-0.9886354171329172
2001-06-17,2.500732421875,-1.3336680406718335,-1.3336680406718335
2001-06-18,7.251220703125,-0.514131323286551,-0.514131323286551
2001-06-19,1.24951171875,-1.549524021584547,-1.549524021584547
2001-06-20,8.0,-0.3849546806603478,-0.3849546806603478
2001-06-21,9.0,-0.21243836889088963,-0.21243836889088963
2001-06-24,5.0,-0.9025036159687224,-0.9025036159687224
2001-06-25,13.5008544921875,0.5640324479122956,0.5640324479122956
2001-06-26,7.4991455078125,-0.47136025038570023,-0.47136025038570023
2001-06-27,17.251220703125,1.2110317944080309,1.2110317944080309
2001-06-28,12.7503662109375,0.43456097760484574,0.43456097760484574
2001-07-01,10.7503662109375,0.08952835406592935,0.08952835406592935
2001-07-02,7.7503662109375,-0.42802058124244524,-0.42802058124244524
2001-07-04,10.24951171875,0.0031227843405769286,0.0031227843405769286
2001-07-05,8.7503662109375,-0.25550426947298704,-0.25550426947298704
2001-07-08,7.24951171875,-0.5144261509677976,-0.5144261509677976
2001-07-09,10.500732421875,0.04646245348383193,0.04646245348383193
2001-07-10,7.500732421875,-0.47108648182454266,-0.47108648182454266
2001-07-11,11.24951171875,0.17563909611003511,0.17563909611003511
2001-07-12,8.251220703125,-0.34161501151709284,-0.34161501151709284
2001-07-15,7.251220703125,-0.514131323286551,-0.514131323286551
2001-07-16,5.748779296875,-0.7733269733425192,-0.7733269733425192
2001-07-17,16.251220703125,1.0385154826385727,1.0385154826385727
2001-07-18,4.5008544921875,-0.9886143580128282,-0.9886143580128282
2001-07-19,7.251220703125,-0.514131323286551,-0.514131323286551
2001-07-22,6.2496337890625,-0.6869214036171668,-0.6869214036171668
2001-07-23,4.0,-1.0750199277381807,-1.0750199277381807
2001-07-24,8.5008544921875,-0.2985491109349954,-0.2985491109349954
2001-07-25,8.5008544921875,-0.2985491109349954,-0.2985491109349954
2001-07-26,7.0,-0.557470992429806,-0.557470992429806
2001-07-29,6.2496337890625,-0.6869214036171668,-0.6869214036171668
2001-07-30,7.7503662109375,-0.42802058124244524,-0.42802058124244524
2001-07-31,7.7503662109375,-0.42802058124244524,-0.42802058124244524
2001-08-01,8.499267578125,-0.298822879496153,-0.298822879496153
2001-08-02,7.0,-0.557470992429806,-0.557470992429806
2001-08-05,3.5008544921875,-1.1611306697822863,-1.1611306697822863
2001-08-06,3.748779296875,-1.1183595968814357,-1.1183595968814357
2001-08-07,14.5008544921875,0.7365487596817537,0.7365487596817537
2001-08-08,10.500732421875,0.04646245348383193,0.04646245348383193
2001-08-09,7.0,-0.557470992429806,-0.557470992429806
2001-08-12,6.500732421875,-0.6436027935940009,-0.6436027935940009
2001-08-13,6.0,-0.7299873041992643,-0.7299873041992643
2001-08-14,8.2496337890625,-0.3418887800782504,-0.3418887800782504
2001-08-15,10.251220703125,0.003417612021823561,0.003417612021823561
2001-08-16,11.2496337890625,0.17566015523012418,0.17566015523012418
2001-08-19,7.0,-0.557470992429806,-0.557470992429806
2001-08-20,7.0,-0.557470992429806,-0.557470992429806
2001-08-21,8.500732421875,-0.29857017005508446,-0.29857017005508446
2001-08-22,5.7503662109375,-0.7730532047813616,-0.7730532047813616
2001-08-23,6.5008544921875,-0.6435817344739118,-0.6435817344739118
2001-08-26,4.75048828125,-0.9455484574307308,-0.9455484574307308
2001-08-27,11.0,0.13259425464802677,0.13259425464802677
2001-08-28,8.24951171875,-0.34190983919833945,-0.34190983919833945
2001-08-29,8.0,-0.3849546806603478,-0.3849546806603478
2001-08-30,6.500732421875,-0.6436027935940009,-0.6436027935940009
2001-09-03,17.2496337890625,1.2107580258468733,1.2107580258468733
2001-09-04,3.748779296875,-1.1183595968814357,-1.1183595968814357
2001-09-05,14.5008544921875,0.7365487596817537,0.7365487596817537
2001-09-06,12.24951171875,0.34815540787949334,0.34815540787949334
2001-09-09,11.2496337890625,0.17566015523012418,0.17566015523012418
2001-09-10,21.251220703125,1.9010970414858637,1.9010970414858637
2001-09-11,0.0,-1.7650851748160135,-1.7650851748160135
2001-09-12,19.4991455078125,1.5988354908477982,1.5988354908477982
2001-09-13,11.748779296875,0.26177089727423,0.26177089727423
2001-09-16,7.2496337890625,-0.5144050918477087,-0.5144050918477087
2001-09-17,15.0,0.8226595017258596,0.8226595017258596
2001-09-18,6.0,-0.7299873041992643,-0.7299873041992643
2001-09-19,11.4991455078125,0.21870499669213253,0.21870499669213253
2001-09-20,10.7503662109375,0.08952835406592935,0.08952835406592935
2001-09-23,9.0,-0.21243836889088963,-0.21243836889088963
2001-09-24,7.0,-0.557470992429806,-0.557470992429806
2001-09-25,10.5008544921875,0.04648351260392097,0.04648351260392097
2001-09-26,10.748779296875,0.08925458550477175,0.08925458550477175
2001-09-27,11.2496337890625,0.17566015523012418,0.17566015523012418
2001-09-30,9.5008544921875,-0.12603279916553722,-0.12603279916553722
2001-10-01,5.7503662109375,-0.7730532047813616,-0.7730532047813616
2001-10-02,7.500732421875,-0.47108648182454266,-0.47108648182454266
2001-10-03,12.2496337890625,0.3481764669995824,0.3481764669995824
2001-10-04,6.0,-0.7299873041992643,-0.7299873041992643
2001-10-08,13.2496337890625,0.5206927787690405,0.5206927787690405
2001-10-09,6.500732421875,-0.6436027935940009,-0.6436027935940009
2001-10-10,12.5008544921875,0.39151613614283737,0.39151613614283737
2001-10-11,9.748779296875,-0.08326172626468645,-0.08326172626468645
2001-10-14,9.5008544921875,-0.12603279916553722,-0.12603279916553722
2001-10-15,5.4991455078125,-0.8163928739246167,-0.8163928739246167
2001-10-16,10.2496337890625,0.0031438434606659736,0.0031438434606659736
2001-10-17,3.2496337890625,-1.2044703389255413,-1.2044703389255413
2001-10-18,11.748779296875,0.26177089727423,0.26177089727423
2001-10-21,6.0,-0.7299873041992643,-0.7299873041992643
2001-10-22,5.24951171875,-0.859458774506714,-0.859458774506714
2001-10-23,7.251220703125,-0.514131323286551,-0.514131323286551
2001-10-24,9.251220703125,-0.16909869974763464,-0.16909869974763464
2001-10-25,7.0,-0.557470992429806,-0.557470992429806
2001-10-28,6.7503662109375,-0.6005368930119035,-0.6005368930119035
2001-10-29,9.75048828125,-0.08296689858343981,-0.08296689858343981
2001-10-30,24.7503662109375,2.504756718838344,2.504756718838344
2001-10-31,15.5008544921875,0.909065071451212,0.909065071451212
2001-11-01,15.499267578125,0.9087913028900544,0.9087913028900544
2001-11-04,8.748779296875,-0.2557780380341446,-0.2557780380341446
2001-11-05,10.4991455078125,0.04618868492267434,0.04618868492267434
2001-11-06,8.748779296875,-0.2557780380341446,-0.2557780380341446
2001-11-07,16.4991455078125,1.0812865555394235,1.0812865555394235
2001-11-08,9.24951171875,-0.16939352742888128,-0.16939352742888128
2001-11-12,13.7503662109375,0.6070772893743039,0.6070772893743039
2001-11-13,20.500732421875,1.771625571178414,1.771625571178414
2001-11-14,31.75048828125,3.712391960344641,3.712391960344641
2001-11-15,26.748779296875,2.8495155738161033,2.8495155738161033
2001-11-18,14.500732421875,0.7365277005616647,0.7365277005616647
2001-11-19,17.0,1.1676921252647758,1.1676921252647758
2001-11-20,22.0,2.0302736841120668,2.0302736841120668
2001-11-22,12.7503662109375,0.43456097760484574,0.43456097760484574
2001-11-25,13.5008544921875,0.5640324479122956,0.5640324479122956
2001-11-26,22.24951171875,2.0733185255740754,2.0733185255740754
2001-11-27,14.499267578125,0.7362749911205961,0.7362749911205961
2001-11-28,23.0,2.202789995881525,2.202789995881525
2001-11-29,12.748779296875,0.43428720904368817,0.43428720904368817
2001-12-02,10.0,-0.03992205712143144,-0.03992205712143144
2001-12-03,12.7503662109375,0.43456097760484574,0.43456097760484574
2001-12-04,41.251220703125,5.351423276875028,5.351423276875028
2001-12-05,17.2496337890625,1.2107580258468733,1.2107580258468733
2001-12-06,27.75048828125,3.022326713266808,3.022326713266808
2001-12-09,12.499267578125,0.3912423675816798,0.3912423675816798
2001-12-10,9.7503662109375,-0.08298795770352885,-0.08298795770352885
2001-12-11,35.2496337890625,4.316051637697121,4.316051637697121
2001-12-12,19.0,1.5127247488036923,1.5127247488036923
2001-12-13,16.251220703125,1.0385154826385727,1.0385154826385727
2001-12-16,22.499267578125,2.1164054852762617,2.1164054852762617
2001-12-17,10.2496337890625,0.0031438434606659736,0.0031438434606659736
2001-12-18,11.0,0.13259425464802677,0.13259425464802677
2001-12-19,10.251220703125,0.003417612021823561,0.003417612021823561
2001-12-20,10.7503662109375,0.08952835406592935,0.08952835406592935
2001-12-23,7.5008544921875,-0.4710654227044536,-0.4710654227044536
2001-12-25,10.0,-0.03992205712143144,-0.03992205712143144
2001-12-26,17.748779296875,1.2968687678909792,1.2968687678909792
2001-12-27,13.0,0.47762687818694316,0.47762687818694316
2001-12-30,13.500732421875,0.5640113887922065,0.5640113887922065
2002-01-01,19.0,1.5127247488036923,1.5127247488036923
2002-01-02,7.2496337890625,-0.5144050918477087,-0.5144050918477087
2002-01-03,15.499267578125,0.9087913028900544,0.9087913028900544
2002-01-06,14.0,0.6501431899564013,0.6501431899564013
2002-01-07,8.0,-0.3849546806603478,-0.3849546806603478
2002-01-08,10.7503662109375,0.08952835406592935,0.08952835406592935
2002-01-09,16.499267578125,1.0813076146595126,1.0813076146595126
2002-01-10,19.0,1.5127247488036923,1.5127247488036923
2002-01-13,8.0,-0.3849546806603478,-0.3849546806603478
2002-01-14,11.0,0.13259425464802677,0.13259425464802677
2002-01-15,10.2496337890625,0.0031438434606659736,0.0031438434606659736
2002-01-16,12.5008544921875,0.39151613614283737,0.39151613614283737
2002-01-17,12.0,0.30511056641748496,0.30511056641748496
2002-01-21,8.500732421875,-0.29857017005508446,-0.29857017005508446
2002-01-22,13.499267578125,0.563758679351138,0.563758679351138
2002-01-23,11.0,0.13259425464802677,0.13259425464802677
2002-01-24,14.748779296875,0.7793198325826045,0.7793198325826045
2002-01-27,9.0,-0.21243836889088963,-0.21243836889088963
2002-01-28,22.0,2.0302736841120668,2.0302736841120668
2002-01-29,9.251220703125,-0.16909869974763464,-0.16909869974763464
2002-01-30,10.0,-0.03992205712143144,-0.03992205712143144
2002-01-31,14.251220703125,0.6934828590996563,0.6934828590996563
2002-02-03,11.5008544921875,0.21899982437337917,0.21899982437337917
2002-02-04,10.2496337890625,0.0031438434606659736,0.0031438434606659736
2002-02-05,8.499267578125,-0.298822879496153,-0.298822879496153
2002-02-06,12.251220703125,0.34845023556073995,0.34845023556073995
2002-02-07,14.75048828125,0.7796146602638512,0.7796146602638512
2002-02-10,5.75048828125,-0.7730321456612725,-0.7730321456612725
2002-02-11,11.75048828125,0.2620657249554766,0.2620657249554766
2002-02-12,13.0,0.47762687818694316,0.47762687818694316
2002-02-13,8.748779296875,-0.2557780380341446,-0.2557780380341446
2002-02-14,12.4991455078125,0.39122130846159076,0.39122130846159076
2002-02-18,9.251220703125,-0.16909869974763464,-0.16909869974763464
2002-02-19,10.0,-0.03992205712143144,-0.03992205712143144
2002-02-20,7.0,-0.557470992429806,-0.557470992429806
2002-02-21,8.24951171875,-0.34190983919833945,-0.34190983919833945
2002-02-24,7.4991455078125,-0.47136025038570023,-0.47136025038570023
2002-02-25,12.0,0.30511056641748496,0.30511056641748496
2002-02-26,16.251220703125,1.0385154826385727,1.0385154826385727
2002-02-27,11.0,0.13259425464802677,0.13259425464802677
2002-02-28,14.75048828125,0.7796146602638512,0.7796146602638512
2002-03-03,7.251220703125,-0.514131323286551,-0.514131323286551
2002-03-04,11.0,0.13259425464802677,0.13259425464802677
2002-03-05,7.2496337890625,-0.5144050918477087,-0.5144050918477087
2002-03-06,19.7503662109375,1.642175159991053,1.642175159991053
2002-03-07,11.0,0.13259425464802677,0.13259425464802677
2002-03-10,4.499267578125,-0.9888881265739858,-0.9888881265739858
2002-03-11,8.0,-0.3849546806603478,-0.3849546806603478
2002-03-12,13.5008544921875,0.5640324479122956,0.5640324479122956
2002-03-13,15.251220703125,0.8659991708691145,0.8659991708691145
2002-03-14,15.75048828125,0.9521309720333093,0.9521309720333093
2002-03-17,6.4991455078125,-0.6438765621551584,-0.6438765621551584
2002-03-18,4.2496337890625,-1.0319540271560832,-1.0319540271560832
2002-03-19,20.0,1.6852410605731505,1.6852410605731505
2002-03-20,11.0,0.13259425464802677,0.13259425464802677
2002-03-21,10.0,-0.03992205712143144,-0.03992205712143144
2002-03-24,7.4991455078125,-0.47136025038570023,-0.47136025038570023
2002-03-25,13.251220703125,0.5209665473301982,0.5209665473301982
2002-03-26,6.0,-0.7299873041992643,-0.7299873041992643
2002-03-27,14.75048828125,0.7796146602638512,0.7796146602638512
2002-03-31,9.2496337890625,-0.1693724683087922,-0.1693724683087922
2002-04-01,16.2496337890625,1.0382417140774152,1.0382417140774152
2002-04-02,13.0,0.47762687818694316,0.47762687818694316
2002-04-03,9.2496337890625,-0.1693724683087922,-0.1693724683087922
2002-04-04,13.7503662109375,0.6070772893743039,0.6070772893743039
2002-04-07,11.0,0.13259425464802677,0.13259425464802677
2002-04-08,10.748779296875,0.08925458550477175,0.08925458550477175
2002-04-09,7.2496337890625,-0.5144050918477087,-0.5144050918477087
2002-04-10,10.251220703125,0.003417612021823561,0.003417612021823561
2002-04-11,10.2496337890625,0.0031438434606659736,0.0031438434606659736
2002-04-14,8.0,-0.3849546806603478,-0.3849546806603478
2002-04-15,10.4991455078125,0.04618868492267434,0.04618868492267434
2002-04-16,6.2496337890625,-0.6869214036171668,-0.6869214036171668
2002-04-17,19.24951171875,1.5557695902657007,1.5557695902657007
2002-04-18,9.2496337890625,-0.1693724683087922,-0.1693724683087922
2002-04-21,6.7503662109375,-0.6005368930119035,-0.6005368930119035
2002-04-22,6.251220703125,-0.6866476350560092,-0.6866476350560092
2002-04-23,11.75048828125,0.2620657249554766,0.2620657249554766
2002-04-24,9.2496337890625,-0.1693724683087922,-0.1693724683087922
2002-04-25,9.0,-0.21243836889088963,-0.21243836889088963
2002-04-28,8.0,-0.3849546806603478,-0.3849546806603478
2002-04-29,5.500732421875,-0.816119105363459,-0.816119105363459
2002-04-30,10.251220703125,0.003417612021823561,0.003417612021823561
2002-05-01,10.499267578125,0.04620974404276339,0.04620974404276339
2002-05-02,10.251220703125,0.003417612021823561,0.003417612021823561
2002-05-05,4.500732421875,-0.9886354171329172,-0.9886354171329172
2002-05-06,7.24951171875,-0.5144261509677976,-0.5144261509677976
2002-05-07,17.0,1.1676921252647758,1.1676921252647758
2002-05-08,10.2496337890625,0.0031438434606659736,0.0031438434606659736
2002-05-09,14.748779296875,0.7793198325826045,0.7793198325826045
2002-05-12,10.75048828125,0.08954941318601839,0.08954941318601839
2002-05-13,13.5008544921875,0.5640324479122956,0.5640324479122956
2002-05-14,8.0,-0.3849546806603478,-0.3849546806603478
2002-05-15,11.0,0.13259425464802677,0.13259425464802677
2002-05-16,9.251220703125,-0.16909869974763464,-0.16909869974763464
2002-05-19,8.2496337890625,-0.3418887800782504,-0.3418887800782504
2002-05-20,9.0,-0.21243836889088963,-0.21243836889088963
2002-05-21,9.0,-0.21243836889088963,-0.21243836889088963
2002-05-22,14.7503662109375,0.7795936011437621,0.7795936011437621
2002-05-23,6.499267578125,-0.6438555030350694,-0.6438555030350694
2002-05-27,9.0,-0.21243836889088963,-0.21243836889088963
2002-05-28,9.0,-0.21243836889088963,-0.21243836889088963
2002-05-29,8.0,-0.3849546806603478,-0.3849546806603478
2002-05-30,9.4991455078125,-0.12632762684678386,-0.12632762684678386
2002-06-02,12.7503662109375,0.43456097760484574,0.43456097760484574
2002-06-03,7.5008544921875,-0.4710654227044536,-0.4710654227044536
2002-06-04,5.5008544921875,-0.81609804624337,-0.81609804624337
2002-06-05,12.5008544921875,0.39151613614283737,0.39151613614283737
2002-06-06,14.7503662109375,0.7795936011437621,0.7795936011437621
2002-06-09,6.500732421875,-0.6436027935940009,-0.6436027935940009
2002-06-10,10.7503662109375,0.08952835406592935,0.08952835406592935
2002-06-11,4.0,-1.0750199277381807,-1.0750199277381807
2002-06-12,12.5008544921875,0.39151613614283737,0.39151613614283737
2002-06-13,8.7503662109375,-0.25550426947298704,-0.25550426947298704
2002-06-16,8.0,-0.3849546806603478,-0.3849546806603478
2002-06-17,7.7503662109375,-0.42802058124244524,-0.42802058124244524
2002-06-18,3.0,-1.2475362395076388,-1.2475362395076388
2002-06-19,15.2496337890625,0.8657254023079569,0.8657254023079569
2002-06-20,9.0,-0.21243836889088963,-0.21243836889088963
2002-06-23,14.7503662109375,0.7795936011437621,0.7795936011437621
2002-06-24,12.0,0.30511056641748496,0.30511056641748496
2002-06-25,20.499267578125,1.7713728617373454,1.7713728617373454
2002-06-26,13.75048828125,0.6070983484943929,0.6070983484943929
2002-06-27,10.7503662109375,0.08952835406592935,0.08952835406592935
2002-06-30,11.5008544921875,0.21899982437337917,0.21899982437337917
2002-07-01,11.0,0.13259425464802677,0.13259425464802677
2002-07-02,5.24951171875,-0.859458774506714,-0.859458774506714
2002-07-04,11.7503662109375,0.26204466583538755,0.26204466583538755
2002-07-07,7.500732421875,-0.47108648182454266,-0.47108648182454266
2002-07-08,14.2496337890625,0.6932090905384988,0.6932090905384988
2002-07-09,17.500732421875,1.2540766358700393,1.2540766358700393
2002-07-10,11.500732421875,0.21897876525329013,0.21897876525329013
2002-07-11,13.7503662109375,0.6070772893743039,0.6070772893743039
2002-07-14,11.251220703125,0.17593392379128175,0.17593392379128175
2002-07-15,16.24951171875,1.038220654957326,1.038220654957326
2002-07-16,12.24951171875,0.34815540787949334,0.34815540787949334
2002-07-17,13.251220703125,0.5209665473301982,0.5209665473301982
2002-07-18,9.7503662109375,-0.08298795770352885,-0.08298795770352885
2002-07-21,13.2496337890625,0.5206927787690405,0.5206927787690405
2002-07-22,17.75048828125,1.2971635955722258,1.2971635955722258
2002-07-23,31.251220703125,3.626260159180446,3.626260159180446
2002-07-24,15.4991455078125,0.9087702437699653,0.9087702437699653
2002-07-25,11.5008544921875,0.21899982437337917,0.21899982437337917
2002-07-28,20.75048828125,1.8147125308806002,1.8147125308806002
2002-07-29,11.500732421875,0.21897876525329013,0.21897876525329013
2002-07-30,18.4991455078125,1.4263191790783398,1.4263191790783398
2002-07-31,9.499267578125,-0.1263065677266948,-0.1263065677266948
2002-08-01,17.7503662109375,1.2971425364521367,1.2971425364521367
2002-08-04,11.2496337890625,0.17566015523012418,0.17566015523012418
2002-08-05,22.4991455078125,2.1163844261561726,2.1163844261561726
2002-08-06,13.7503662109375,0.6070772893743039,0.6070772893743039
2002-08-07,9.500732421875,-0.12605385828562626,-0.12605385828562626
2002-08-08,19.24951171875,1.5557695902657007,1.5557695902657007
2002-08-11,10.75048828125,0.08954941318601839,0.08954941318601839
2002-08-12,16.24951171875,1.038220654957326,1.038220654957326
2002-08-13,22.0,2.0302736841120668,2.0302736841120668
2002-08-14,18.499267578125,1.426340238198429,1.426340238198429
2002-08-15,23.0,2.202789995881525,2.202789995881525
2002-08-18,9.5008544921875,-0.12603279916553722,-0.12603279916553722
2002-08-19,18.499267578125,1.426340238198429,1.426340238198429
2002-08-20,13.500732421875,0.5640113887922065,0.5640113887922065
2002-08-21,11.499267578125,0.21872605581222157,0.21872605581222157
2002-08-22,12.748779296875,0.43428720904368817,0.43428720904368817
2002-08-25,11.748779296875,0.26177089727423,0.26177089727423
2002-08-26,15.0,0.8226595017258596,0.8226595017258596
2002-08-27,9.0,-0.21243836889088963,-0.21243836889088963
2002-08-28,12.75048828125,0.4345820367249348,0.4345820367249348
2002-08-29,10.75048828125,0.08954941318601839,0.08954941318601839
2002-09-02,20.0,1.6852410605731505,1.6852410605731505
2002-09-03,8.748779296875,-0.2557780380341446,-0.2557780380341446
2002-09-04,10.251220703125,0.003417612021823561,0.003417612021823561
2002-09-05,14.7503662109375,0.7795936011437621,0.7795936011437621
2002-09-08,8.7503662109375,-0.25550426947298704,-0.25550426947298704
2002-09-09,13.75048828125,0.6070983484943929,0.6070983484943929
2002-09-10,11.5008544921875,0.21899982437337917,0.21899982437337917
2002-09-11,11.2496337890625,0.17566015523012418,0.17566015523012418
2002-09-12,6.24951171875,-0.6869424627372559,-0.6869424627372559
2002-09-15,9.0,-0.21243836889088963,-0.21243836889088963
2002-09-16,15.499267578125,0.9087913028900544,0.9087913028900544
2002-09-17,4.748779296875,-0.9458432851119775,-0.9458432851119775
2002-09-18,8.7503662109375,-0.25550426947298704,-0.25550426947298704
2002-09-19,9.7503662109375,-0.08298795770352885,-0.08298795770352885
2002-09-22,14.2496337890625,0.6932090905384988,0.6932090905384988
2002-09-23,13.4991455078125,0.5637376202310489,0.5637376202310489
2002-09-24,20.75048828125,1.8147125308806002,1.8147125308806002
2002-09-25,14.4991455078125,0.7362539320005071,0.7362539320005071
2002-09-26,15.499267578125,0.9087913028900544,0.9087913028900544
2002-09-29,12.499267578125,0.3912423675816798,0.3912423675816798
2002-09-30,17.500732421875,1.2540766358700393,1.2540766358700393
2002-10-01,12.75048828125,0.4345820367249348,0.4345820367249348
2002-10-02,11.0,0.13259425464802677,0.13259425464802677
2002-10-03,20.7503662109375,1.8146914717605114,1.8146914717605114
2002-10-06,8.0,-0.3849546806603478,-0.3849546806603478
2002-10-07,12.24951171875,0.34815540787949334,0.34815540787949334
2002-10-08,9.748779296875,-0.08326172626468645,-0.08326172626468645
2002-10-09,14.7503662109375,0.7795936011437621,0.7795936011437621
2002-10-10,20.2496337890625,1.728306961155248,1.728306961155248
2002-10-13,0.0,-1.7650851748160135,-1.7650851748160135
2002-10-14,32.2496337890625,3.7985027023887468,3.7985027023887468
2002-10-15,12.2496337890625,0.3481764669995824,0.3481764669995824
2002-10-16,13.251220703125,0.5209665473301982,0.5209665473301982
2002-10-17,18.24951171875,1.3832532784962426,1.3832532784962426
2002-10-20,17.251220703125,1.2110317944080309,1.2110317944080309
2002-10-21,8.4991455078125,-0.29884393861624203,-0.29884393861624203
2002-10-22,12.0,0.30511056641748496,0.30511056641748496
2002-10-23,18.499267578125,1.426340238198429,1.426340238198429
2002-10-24,9.0,-0.21243836889088963,-0.21243836889088963
2002-10-27,5.499267578125,-0.8163718148045276,-0.8163718148045276
2002-10-28,21.748779296875,1.986934014968812,1.986934014968812
2002-10-29,10.24951171875,0.0031227843405769286,0.0031227843405769286
2002-10-30,14.7503662109375,0.7795936011437621,0.7795936011437621
2002-10-31,16.500732421875,1.0815603241005811,1.0815603241005811
2002-11-03,8.5008544921875,-0.2985491109349954,-0.2985491109349954
2002-11-04,7.251220703125,-0.514131323286551,-0.514131323286551
2002-11-05,21.500732421875,1.944141882947872,1.944141882947872
2002-11-06,15.24951171875,0.8657043431878679,0.8657043431878679
2002-11-07,7.500732421875,-0.47108648182454266,-0.47108648182454266
2002-11-10,0.0,-1.7650851748160135,-1.7650851748160135
2002-11-11,7.251220703125,-0.514131323286551,-0.514131323286551
2002-11-12,9.24951171875,-0.16939352742888128,-0.16939352742888128
2002-11-13,27.7503662109375,3.022305654146719,3.022305654146719
2002-11-14,11.500732421875,0.21897876525329013,0.21897876525329013
2002-11-17,9.75048828125,-0.08296689858343981,-0.08296689858343981
2002-11-18,8.0,-0.3849546806603478,-0.3849546806603478
2002-11-19,19.75048828125,1.642196219111142,1.642196219111142
2002-11-20,16.7503662109375,1.1246262246826786,1.1246262246826786
2002-11-21,9.0,-0.21243836889088963,-0.21243836889088963
2002-11-24,9.0,-0.21243836889088963,-0.21243836889088963
2002-11-25,14.499267578125,0.7362749911205961,0.7362749911205961
2002-11-26,23.7503662109375,2.332240407068886,2.332240407068886
2002-11-28,5.7503662109375,-0.7730532047813616,-0.7730532047813616
2002-12-01,17.500732421875,1.2540766358700393,1.2540766358700393
2002-12-02,9.0,-0.21243836889088963,-0.21243836889088963
2002-12-03,7.2496337890625,-0.5144050918477087,-0.5144050918477087
2002-12-04,15.5008544921875,0.909065071451212,0.909065071451212
2002-12-05,19.748779296875,1.6419013914298954,1.6419013914298954
2002-12-08,8.500732421875,-0.29857017005508446,-0.29857017005508446
2002-12-09,7.2496337890625,-0.5144050918477087,-0.5144050918477087
2002-12-10,9.5008544921875,-0.12603279916553722,-0.12603279916553722
2002-12-11,5.7503662109375,-0.7730532047813616,-0.7730532047813616
2002-12-12,10.2496337890625,0.0031438434606659736,0.0031438434606659736
2002-12-15,9.75048828125,-0.08296689858343981,-0.08296689858343981
2002-12-16,3.251220703125,-1.2041965703643838,-1.2041965703643838
2002-12-17,6.24951171875,-0.6869424627372559,-0.6869424627372559
2002-12-18,1.75048828125,-1.4630973927391053,-1.4630973927391053
2002-12-19,6.0,-0.7299873041992643,-0.7299873041992643
2002-12-22,9.0,-0.21243836889088963,-0.21243836889088963
2002-12-23,9.0,-0.21243836889088963,-0.21243836889088963
2002-12-25,7.0,-0.557470992429806,-0.557470992429806
2002-12-26,12.0,0.30511056641748496,0.30511056641748496
2002-12-29,10.251220703125,0.003417612021823561,0.003417612021823561
2002-12-30,9.75048828125,-0.08296689858343981,-0.08296689858343981
2003-01-01,31.748779296875,3.712097132663394,3.712097132663394
2003-01-02,8.7503662109375,-0.25550426947298704,-0.25550426947298704
2003-01-05,10.0,-0.03992205712143144,-0.03992205712143144
2003-01-06,10.4991455078125,0.04618868492267434,0.04618868492267434
2003-01-07,7.7503662109375,-0.42802058124244524,-0.42802058124244524
2003-01-08,20.7503662109375,1.8146914717605114,1.8146914717605114
2003-01-09,16.251220703125,1.0385154826385727,1.0385154826385727
2003-01-12,12.2496337890625,0.3481764669995824,0.3481764669995824
2003-01-13,9.7503662109375,-0.08298795770352885,-0.08298795770352885
2003-01-14,10.0,-0.03992205712143144,-0.03992205712143144
2003-01-15,15.0,0.8226595017258596,0.8226595017258596
2003-01-16,10.4991455078125,0.04618868492267434,0.04618868492267434
2003-01-20,9.748779296875,-0.08326172626468645,-0.08326172626468645
2003-01-21,9.748779296875,-0.08326172626468645,-0.08326172626468645
2003-01-22,5.4991455078125,-0.8163928739246167,-0.8163928739246167
2003-01-23,10.251220703125,0.003417612021823561,0.003417612021823561
2003-01-26,13.0,0.47762687818694316,0.47762687818694316
2003-01-27,10.7503662109375,0.08952835406592935,0.08952835406592935
2003-01-28,15.0,0.8226595017258596,0.8226595017258596
2003-01-29,14.0,0.6501431899564013,0.6501431899564013
2003-01-30,6.75048828125,-0.6005158338918144,-0.6005158338918144
2003-02-02,7.0,-0.557470992429806,-0.557470992429806
2003-02-03,9.2496337890625,-0.1693724683087922,-0.1693724683087922
2003-02-04,15.4991455078125,0.9087702437699653,0.9087702437699653
2003-02-05,9.5008544921875,-0.12603279916553722,-0.12603279916553722
2003-02-06,15.500732421875,0.9090440123311229,0.9090440123311229
2003-02-09,8.7503662109375,-0.25550426947298704,-0.25550426947298704
2003-02-10,8.24951171875,-0.34190983919833945,-0.34190983919833945
2003-02-11,10.0,-0.03992205712143144,-0.03992205712143144
2003-02-12,13.2496337890625,0.5206927787690405,0.5206927787690405
2003-02-13,11.5008544921875,0.21899982437337917,0.21899982437337917
2003-02-17,8.499267578125,-0.298822879496153,-0.298822879496153
2003-02-18,8.0,-0.3849546806603478,-0.3849546806603478
2003-02-19,11.0,0.13259425464802677,0.13259425464802677
2003-02-20,9.499267578125,-0.1263065677266948,-0.1263065677266948
2003-02-23,6.0,-0.7299873041992643,-0.7299873041992643
2003-02-24,10.0,-0.03992205712143144,-0.03992205712143144
2003-02-25,7.0,-0.557470992429806,-0.557470992429806
2003-02-26,9.0,-0.21243836889088963,-0.21243836889088963
2003-02-27,12.0,0.30511056641748496,0.30511056641748496
2003-03-02,8.5008544921875,-0.2985491109349954,-0.2985491109349954
2003-03-03,7.0,-0.557470992429806,-0.557470992429806
2003-03-04,8.24951171875,-0.34190983919833945,-0.34190983919833945
2003-03-05,8.7503662109375,-0.25550426947298704,-0.25550426947298704
2003-03-06,13.7503662109375,0.6070772893743039,0.6070772893743039
2003-03-09,5.0,-0.9025036159687224,-0.9025036159687224
2003-03-10,5.75048828125,-0.7730321456612725,-0.7730321456612725
2003-03-11,6.5008544921875,-0.6435817344739118,-0.6435817344739118
2003-03-12,19.2496337890625,1.5557906493857898,1.5557906493857898
2003-03-13,8.7503662109375,-0.25550426947298704,-0.25550426947298704
2003-03-16,24.251220703125,2.418645976794238,2.418645976794238
2003-03-17,11.75048828125,0.2620657249554766,0.2620657249554766
2003-03-18,11.0,0.13259425464802677,0.13259425464802677
2003-03-19,14.0,0.6501431899564013,0.6501431899564013
2003-03-20,18.24951171875,1.3832532784962426,1.3832532784962426
2003-03-23,10.7503662109375,0.08952835406592935,0.08952835406592935
2003-03-24,13.499267578125,0.563758679351138,0.563758679351138
2003-03-25,9.0,-0.21243836889088963,-0.21243836889088963
2003-03-26,7.75048828125,-0.4279995221223562,-0.4279995221223562
2003-03-27,8.499267578125,-0.298822879496153,-0.298822879496153
2003-03-30,8.251220703125,-0.34161501151709284,-0.34161501151709284
2003-03-31,13.4991455078125,0.5637376202310489,0.5637376202310489
2003-04-01,15.0,0.8226595017258596,0.8226595017258596
2003-04-02,15.0,0.8226595017258596,0.8226595017258596
2003-04-03,11.4991455078125,0.21870499669213253,0.21870499669213253
2003-04-06,14.0,0.6501431899564013,0.6501431899564013
2003-04-07,12.499267578125,0.3912423675816798,0.3912423675816798
2003-04-08,11.5008544921875,0.21899982437337917,0.21899982437337917
2003-04-09,8.499267578125,-0.298822879496153,-0.298822879496153
2003-04-10,12.500732421875,0.39149507702274833,0.39149507702274833
2003-04-13,9.251220703125,-0.16909869974763464,-0.16909869974763464
2003-04-14,11.2496337890625,0.17566015523012418,0.17566015523012418
2003-04-15,11.0,0.13259425464802677,0.13259425464802677
2003-04-16,7.75048828125,-0.4279995221223562,-0.4279995221223562
2003-04-20,8.7503662109375,-0.25550426947298704,-0.25550426947298704
2003-04-21,8.499267578125,-0.298822879496153,-0.298822879496153
2003-04-22,5.0,-0.9025036159687224,-0.9025036159687224
2003-04-23,10.75048828125,0.08954941318601839,0.08954941318601839
2003-04-24,8.4991455078125,-0.29884393861624203,-0.29884393861624203
2003-04-27,7.499267578125,-0.4713391912656112,-0.4713391912656112
2003-04-28,8.7503662109375,-0.25550426947298704,-0.25550426947298704
2003-04-29,14.7503662109375,0.7795936011437621,0.7795936011437621
2003-04-30,8.5008544921875,-0.2985491109349954,-0.2985491109349954
2003-05-01,11.7503662109375,0.26204466583538755,0.26204466583538755
2003-05-04,9.748779296875,-0.08326172626468645,-0.08326172626468645
2003-05-05,17.24951171875,1.2107369667267842,1.2107369667267842
2003-05-06,14.0,0.6501431899564013,0.6501431899564013
2003-05-07,10.0,-0.03992205712143144,-0.03992205712143144
2003-05-08,7.748779296875,-0.4282943498036028,-0.4282943498036028
2003-05-11,9.0,-0.21243836889088963,-0.21243836889088963
2003-05-12,7.499267578125,-0.4713391912656112,-0.4713391912656112
2003-05-13,15.24951171875,0.8657043431878679,0.8657043431878679
2003-05-14,9.4991455078125,-0.12632762684678386,-0.12632762684678386
2003-05-15,17.0,1.1676921252647758,1.1676921252647758
2003-05-18,10.5008544921875,0.04648351260392097,0.04648351260392097
2003-05-19,17.499267578125,1.2538239264289708,1.2538239264289708
2003-05-20,11.7503662109375,0.26204466583538755,0.26204466583538755
2003-05-21,9.748779296875,-0.08326172626468645,-0.08326172626468645
2003-05-22,6.5008544921875,-0.6435817344739118,-0.6435817344739118
2003-05-26,13.0,0.47762687818694316,0.47762687818694316
2003-05-27,12.7503662109375,0.43456097760484574,0.43456097760484574
2003-05-28,17.2496337890625,1.2107580258468733,1.2107580258468733
2003-05-29,13.7503662109375,0.6070772893743039,0.6070772893743039
2003-06-01,7.5008544921875,-0.4710654227044536,-0.4710654227044536
2003-06-02,15.0,0.8226595017258596,0.8226595017258596
2003-06-03,8.0,-0.3849546806603478,-0.3849546806603478
2003-06-04,12.5008544921875,0.39151613614283737,0.39151613614283737
2003-06-05,15.251220703125,0.8659991708691145,0.8659991708691145
2003-06-08,7.500732421875,-0.47108648182454266,-0.47108648182454266
2003-06-09,14.0,0.6501431899564013,0.6501431899564013
2003-06-10,9.0,-0.21243836889088963,-0.21243836889088963
2003-06-11,24.4991455078125,2.461417049695089,2.461417049695089
2003-06-12,6.500732421875,-0.6436027935940009,-0.6436027935940009
2003-06-15,13.75048828125,0.6070983484943929,0.6070983484943929
2003-06-16,12.7503662109375,0.43456097760484574,0.43456097760484574
2003-06-17,12.0,0.30511056641748496,0.30511056641748496
2003-06-18,10.0,-0.03992205712143144,-0.03992205712143144
2003-06-19,13.2496337890625,0.5206927787690405,0.5206927787690405
2003-06-22,12.499267578125,0.3912423675816798,0.3912423675816798
2003-06-23,12.75048828125,0.4345820367249348,0.4345820367249348
2003-06-24,25.4991455078125,2.6339333614645475,2.6339333614645475
2003-06-25,20.7503662109375,1.8146914717605114,1.8146914717605114
2003-06-26,16.0,0.9951758134953177,0.9951758134953177
2003-06-29,10.0,-0.03992205712143144,-0.03992205712143144
2003-06-30,12.0,0.30511056641748496,0.30511056641748496
2003-07-01,15.0,0.8226595017258596,0.8226595017258596
2003-07-02,16.75048828125,1.1246472838027675,1.1246472838027675
2003-07-06,12.24951171875,0.34815540787949334,0.34815540787949334
2003-07-07,11.24951171875,0.17563909611003511,0.17563909611003511
2003-07-08,7.0,-0.557470992429806,-0.557470992429806
2003-07-09,8.0,-0.3849546806603478,-0.3849546806603478
2003-07-10,10.7503662109375,0.08952835406592935,0.08952835406592935
2003-07-13,13.24951171875,0.5206717196489515,0.5206717196489515
2003-07-14,32.2496337890625,3.7985027023887468,3.7985027023887468
2003-07-15,16.0,0.9951758134953177,0.9951758134953177
2003-07-16,16.5008544921875,1.0815813832206702,1.0815813832206702
2003-07-17,9.4991455078125,-0.12632762684678386,-0.12632762684678386
2003-07-20,26.24951171875,2.7633837726519084,2.7633837726519084
2003-07-21,12.0,0.30511056641748496,0.30511056641748496
2003-07-22,11.75048828125,0.2620657249554766,0.2620657249554766
2003-07-23,16.499267578125,1.0813076146595126,1.0813076146595126
2003-07-24,14.7503662109375,0.7795936011437621,0.7795936011437621
2003-07-27,17.2496337890625,1.2107580258468733,1.2107580258468733
2003-07-28,31.499267578125,3.669052291201386,3.669052291201386
2003-07-29,20.0,1.6852410605731505,1.6852410605731505
2003-07-30,40.7503662109375,5.265017707149675,5.265017707149675
2003-07-31,26.0,2.7203389311899,2.7203389311899
2003-08-03,19.5008544921875,1.5991303185290446,1.5991303185290446
2003-08-04,23.2496337890625,2.2458558964636226,2.2458558964636226
2003-08-05,25.2496337890625,2.590888520002539,2.590888520002539
2003-08-06,13.5008544921875,0.5640324479122956,0.5640324479122956
2003-08-07,16.0,0.9951758134953177,0.9951758134953177
2003-08-10,16.251220703125,1.0385154826385727,1.0385154826385727
2003-08-11,14.0,0.6501431899564013,0.6501431899564013
2003-08-12,23.4991455078125,2.2889007379256308,2.2889007379256308
2003-08-13,33.4991455078125,4.014063855620213,4.014063855620213
2003-08-14,11.7503662109375,0.26204466583538755,0.26204466583538755
2003-08-17,13.2496337890625,0.5206927787690405,0.5206927787690405
2003-08-18,23.748779296875,2.3319666385077285,2.3319666385077285
2003-08-19,21.0,1.8577573723426086,1.8577573723426086
2003-08-20,18.4991455078125,1.4263191790783398,1.4263191790783398
2003-08-21,14.2496337890625,0.6932090905384988,0.6932090905384988
2003-08-24,19.24951171875,1.5557695902657007,1.5557695902657007
2003-08-25,18.4991455078125,1.4263191790783398,1.4263191790783398
2003-08-26,12.0,0.30511056641748496,0.30511056641748496
2003-08-27,19.499267578125,1.598856549967887,1.598856549967887
2003-08-28,11.4991455078125,0.21870499669213253,0.21870499669213253
2003-09-01,20.5008544921875,1.771646630298503,1.771646630298503
2003-09-02,7.5008544921875,-0.4710654227044536,-0.4710654227044536
2003-09-03,15.2496337890625,0.8657254023079569,0.8657254023079569
2003-09-04,25.748779296875,2.6769992620466447,2.6769992620466447
2003-09-07,19.500732421875,1.5991092594089558,1.5991092594089558
2003-09-08,11.251220703125,0.17593392379128175,0.17593392379128175
2003-09-09,14.5008544921875,0.7365487596817537,0.7365487596817537
2003-09-10,8.251220703125,-0.34161501151709284,-0.34161501151709284
2003-09-11,16.5008544921875,1.0815813832206702,1.0815813832206702
2003-09-14,10.75048828125,0.08954941318601839,0.08954941318601839
2003-09-15,7.2496337890625,-0.5144050918477087,-0.5144050918477087
2003-09-16,11.0,0.13259425464802677,0.13259425464802677
2003-09-17,10.75048828125,0.08954941318601839,0.08954941318601839
2003-09-18,6.7503662109375,-0.6005368930119035,-0.6005368930119035
2003-09-21,14.75048828125,0.7796146602638512,0.7796146602638512
2003-09-22,12.0,0.30511056641748496,0.30511056641748496
2003-09-23,18.500732421875,1.4265929476394974,1.4265929476394974
2003-09-24,11.0,0.13259425464802677,0.13259425464802677
2003-09-25,17.251220703125,1.2110317944080309,1.2110317944080309
2003-09-28,9.0,-0.21243836889088963,-0.21243836889088963
2003-09-29,20.7503662109375,1.8146914717605114,1.8146914717605114
2003-09-30,8.7503662109375,-0.25550426947298704,-0.25550426947298704
2003-10-01,15.4991455078125,0.9087702437699653,0.9087702437699653
2003-10-02,28.5008544921875,3.151777124454169,3.151777124454169
2003-10-05,12.0,0.30511056641748496,0.30511056641748496
2003-10-06,14.5008544921875,0.7365487596817537,0.7365487596817537
2003-10-07,11.7503662109375,0.26204466583538755,0.26204466583538755
2003-10-08,14.24951171875,0.6931880314184097,0.6931880314184097
2003-10-09,11.4991455078125,0.21870499669213253,0.21870499669213253
2003-10-12,0.0,-1.7650851748160135,-1.7650851748160135
2003-10-13,8.5008544921875,-0.2985491109349954,-0.2985491109349954
2003-10-14,14.0,0.6501431899564013,0.6501431899564013
2003-10-15,19.2496337890625,1.5557906493857898,1.5557906493857898
2003-10-16,13.2496337890625,0.5206927787690405,0.5206927787690405
2003-10-19,16.0,0.9951758134953177,0.9951758134953177
2003-10-20,11.251220703125,0.17593392379128175,0.17593392379128175
2003-10-21,13.748779296875,0.6068035208131464,0.6068035208131464
2003-10-22,17.7503662109375,1.2971425364521367,1.2971425364521367
2003-10-23,15.499267578125,0.9087913028900544,0.9087913028900544
2003-10-26,7.0,-0.557470992429806,-0.557470992429806
2003-10-27,19.4991455078125,1.5988354908477982,1.5988354908477982
2003-10-28,15.0,0.8226595017258596,0.8226595017258596
2003-10-29,18.75048828125,1.469679907341684,1.469679907341684
2003-10-30,8.24951171875,-0.34190983919833945,-0.34190983919833945
2003-11-02,14.500732421875,0.7365277005616647,0.7365277005616647
2003-11-03,10.0,-0.03992205712143144,-0.03992205712143144
2003-11-04,10.499267578125,0.04620974404276339,0.04620974404276339
2003-11-05,11.499267578125,0.21872605581222157,0.21872605581222157
2003-11-06,25.0,2.5478226194204416,2.5478226194204416
2003-11-09,8.75048828125,-0.255483210352898,-0.255483210352898
2003-11-10,0.0,-1.7650851748160135,-1.7650851748160135
2003-11-11,9.499267578125,-0.1263065677266948,-0.1263065677266948
2003-11-12,19.2496337890625,1.5557906493857898,1.5557906493857898
2003-11-13,14.7503662109375,0.7795936011437621,0.7795936011437621
2003-11-16,10.24951171875,0.0031227843405769286,0.0031227843405769286
2003-11-17,13.2496337890625,0.5206927787690405,0.5206927787690405
2003-11-18,17.5008544921875,1.2540976949901284,1.2540976949901284
2003-11-19,15.499267578125,0.9087913028900544,0.9087913028900544
2003-11-20,6.499267578125,-0.6438555030350694,-0.6438555030350694
2003-11-23,11.24951171875,0.17563909611003511,0.17563909611003511
2003-11-24,13.2496337890625,0.5206927787690405,0.5206927787690405
2003-11-25,11.0,0.13259425464802677,0.13259425464802677
2003-11-27,11.0,0.13259425464802677,0.13259425464802677
2003-11-30,14.5008544921875,0.7365487596817537,0.7365487596817537
2003-12-01,9.2496337890625,-0.1693724683087922,-0.1693724683087922
2003-12-02,9.5008544921875,-0.12603279916553722,-0.12603279916553722
2003-12-03,10.2496337890625,0.0031438434606659736,0.0031438434606659736
2003-12-04,22.75048828125,2.1597451544195168,2.1597451544195168
2003-12-07,9.0,-0.21243836889088963,-0.21243836889088963
2003-12-08,17.499267578125,1.2538239264289708,1.2538239264289708
2003-12-09,8.7503662109375,-0.25550426947298704,-0.25550426947298704
2003-12-10,16.24951171875,1.038220654957326,1.038220654957326
2003-12-11,11.5008544921875,0.21899982437337917,0.21899982437337917
2003-12-14,10.0,-0.03992205712143144,-0.03992205712143144
2003-12-15,7.748779296875,-0.4282943498036028,-0.4282943498036028
2003-12-16,6.499267578125,-0.6438555030350694,-0.6438555030350694
2003-12-17,5.5008544921875,-0.81609804624337,-0.81609804624337
2003-12-18,4.75048828125,-0.9455484574307308,-0.9455484574307308
2003-12-21,12.0,0.30511056641748496,0.30511056641748496
2003-12-22,15.500732421875,0.9090440123311229,0.9090440123311229
2003-12-23,13.2496337890625,0.5206927787690405,0.5206927787690405
2003-12-25,7.7503662109375,-0.42802058124244524,-0.42802058124244524
2003-12-28,11.2496337890625,0.17566015523012418,0.17566015523012418
2003-12-29,8.499267578125,-0.298822879496153,-0.298822879496153
2003-12-30,4.2496337890625,-1.0319540271560832,-1.0319540271560832
2004-01-01,18.5008544921875,1.4266140067595865,1.4266140067595865
2004-01-04,6.748779296875,-0.6008106615730611,-0.6008106615730611
2004-01-05,15.5008544921875,0.909065071451212,0.909065071451212
2004-01-06,12.24951171875,0.34815540787949334,0.34815540787949334
2004-01-07,7.499267578125,-0.4713391912656112,-0.4713391912656112
2004-01-08,27.0,2.8928552429593584,2.8928552429593584
2004-01-11,11.2496337890625,0.17566015523012418,0.17566015523012418
2004-01-12,14.500732421875,0.7365277005616647,0.7365277005616647
2004-01-13,11.251220703125,0.17593392379128175,0.17593392379128175
2004-01-14,10.7503662109375,0.08952835406592935,0.08952835406592935
2004-01-15,14.0,0.6501431899564013,0.6501431899564013
2004-01-19,7.7503662109375,-0.42802058124244524,-0.42802058124244524
2004-01-20,6.7503662109375,-0.6005368930119035,-0.6005368930119035
2004-01-21,11.0,0.13259425464802677,0.13259425464802677
2004-01-22,19.24951171875,1.5557695902657007,1.5557695902657007
2004-01-25,12.0,0.30511056641748496,0.30511056641748496
2004-01-26,9.500732421875,-0.12605385828562626,-0.12605385828562626
2004-01-27,31.2496337890625,3.625986390619288,3.625986390619288
2004-01-28,10.2496337890625,0.0031438434606659736,0.0031438434606659736
2004-01-29,8.2496337890625,-0.3418887800782504,-0.3418887800782504
2004-02-01,9.0,-0.21243836889088963,-0.21243836889088963
2004-02-02,7.2496337890625,-0.5144050918477087,-0.5144050918477087
2004-02-03,8.748779296875,-0.2557780380341446,-0.2557780380341446
2004-02-04,12.2496337890625,0.3481764669995824,0.3481764669995824
2004-02-05,20.7503662109375,1.8146914717605114,1.8146914717605114
2004-02-08,5.2496337890625,-0.8594377153866251,-0.8594377153866251
2004-02-09,8.7503662109375,-0.25550426947298704,-0.25550426947298704
2004-02-10,21.0,1.8577573723426086,1.8577573723426086
2004-02-11,7.2496337890625,-0.5144050918477087,-0.5144050918477087
2004-02-12,10.251220703125,0.003417612021823561,0.003417612021823561
2004-02-16,6.0,-0.7299873041992643,-0.7299873041992643
2004-02-17,8.24951171875,-0.34190983919833945,-0.34190983919833945
2004-02-18,8.251220703125,-0.34161501151709284,-0.34161501151709284
2004-02-19,9.7503662109375,-0.08298795770352885,-0.08298795770352885
2004-02-22,11.75048828125,0.2620657249554766,0.2620657249554766
2004-02-23,8.0,-0.3849546806603478,-0.3849546806603478
2004-02-24,4.5008544921875,-0.9886143580128282,-0.9886143580128282
2004-02-25,8.5008544921875,-0.2985491109349954,-0.2985491109349954
2004-02-26,8.24951171875,-0.34190983919833945,-0.34190983919833945
2004-02-29,14.2496337890625,0.6932090905384988,0.6932090905384988
2004-03-01,10.7503662109375,0.08952835406592935,0.08952835406592935
2004-03-02,7.0,-0.557470992429806,-0.557470992429806
2004-03-03,9.0,-0.21243836889088963,-0.21243836889088963
2004-03-04,31.500732421875,3.6693050006424546,3.6693050006424546
2004-03-07,10.0,-0.03992205712143144,-0.03992205712143144
2004-03-08,10.2496337890625,0.0031438434606659736,0.0031438434606659736
2004-03-09,5.24951171875,-0.859458774506714,-0.859458774506714
2004-03-10,13.7503662109375,0.6070772893743039,0.6070772893743039
2004-03-11,11.251220703125,0.17593392379128175,0.17593392379128175
2004-03-14,9.2496337890625,-0.1693724683087922,-0.1693724683087922
2004-03-15,14.5008544921875,0.7365487596817537,0.7365487596817537
2004-03-16,7.5008544921875,-0.4710654227044536,-0.4710654227044536
2004-03-17,8.4991455078125,-0.29884393861624203,-0.29884393861624203
2004-03-18,4.748779296875,-0.9458432851119775,-0.9458432851119775
2004-03-21,3.500732421875,-1.1611517289023754,-1.1611517289023754
2004-03-22,5.748779296875,-0.7733269733425192,-0.7733269733425192
2004-03-23,5.7503662109375,-0.7730532047813616,-0.7730532047813616
2004-03-24,6.7503662109375,-0.6005368930119035,-0.6005368930119035
2004-03-25,14.2496337890625,0.6932090905384988,0.6932090905384988
2004-03-28,8.251220703125,-0.34161501151709284,-0.34161501151709284
2004-03-29,5.7503662109375,-0.7730532047813616,-0.7730532047813616
2004-03-30,9.4991455078125,-0.12632762684678386,-0.12632762684678386
2004-03-31,11.7503662109375,0.26204466583538755,0.26204466583538755
2004-04-01,45.75048828125,6.127620325117055,6.127620325117055
2004-04-04,11.0,0.13259425464802677,0.13259425464802677
2004-04-05,7.5008544921875,-0.4710654227044536,-0.4710654227044536
2004-04-06,6.0,-0.7299873041992643,-0.7299873041992643
2004-04-07,7.0,-0.557470992429806,-0.557470992429806
2004-04-11,5.499267578125,-0.8163718148045276,-0.8163718148045276
2004-04-12,14.7503662109375,0.7795936011437621,0.7795936011437621
2004-04-13,18.748779296875,1.4693850796604373,1.4693850796604373
2004-04-14,11.499267578125,0.21872605581222157,0.21872605581222157
2004-04-15,11.4991455078125,0.21870499669213253,0.21870499669213253
2004-04-18,9.75048828125,-0.08296689858343981,-0.08296689858343981
2004-04-19,14.7503662109375,0.7795936011437621,0.7795936011437621
2004-04-20,11.75048828125,0.2620657249554766,0.2620657249554766
2004-04-21,11.7503662109375,0.26204466583538755,0.26204466583538755
2004-04-22,14.4991455078125,0.7362539320005071,0.7362539320005071
2004-04-25,6.500732421875,-0.6436027935940009,-0.6436027935940009
2004-04-26,10.0,-0.03992205712143144,-0.03992205712143144
2004-04-27,14.0,0.6501431899564013,0.6501431899564013
2004-04-28,16.4991455078125,1.0812865555394235,1.0812865555394235
2004-04-29,10.7503662109375,0.08952835406592935,0.08952835406592935
2004-05-02,7.251220703125,-0.514131323286551,-0.514131323286551
2004-05-03,18.0,1.3402084370342342,1.3402084370342342
2004-05-04,13.2496337890625,0.5206927787690405,0.5206927787690405
2004-05-05,6.748779296875,-0.6008106615730611,-0.6008106615730611
2004-05-06,36.2496337890625,4.48856794946658,4.48856794946658
2004-05-09,6.2496337890625,-0.6869214036171668,-0.6869214036171668
2004-05-10,6.2496337890625,-0.6869214036171668,-0.6869214036171668
2004-05-11,7.5008544921875,-0.4710654227044536,-0.4710654227044536
2004-05-12,7.4991455078125,-0.47136025038570023,-0.47136025038570023
2004-05-13,18.0,1.3402084370342342,1.3402084370342342
2004-05-16,11.499267578125,0.21872605581222157,0.21872605581222157
2004-05-17,7.5008544921875,-0.4710654227044536,-0.4710654227044536
2004-05-18,9.0,-0.21243836889088963,-0.21243836889088963
2004-05-19,9.251220703125,-0.16909869974763464,-0.16909869974763464
2004-05-20,11.24951171875,0.17563909611003511,0.17563909611003511
2004-05-23,6.748779296875,-0.6008106615730611,-0.6008106615730611
2004-05-24,5.499267578125,-0.8163718148045276,-0.8163718148045276
2004-05-25,10.499267578125,0.04620974404276339,0.04620974404276339
2004-05-26,12.0,0.30511056641748496,0.30511056641748496
2004-05-27,10.500732421875,0.04646245348383193,0.04646245348383193
2004-05-31,9.500732421875,-0.12605385828562626,-0.12605385828562626
2004-06-01,6.4991455078125,-0.6438765621551584,-0.6438765621551584
2004-06-02,7.4991455078125,-0.47136025038570023,-0.47136025038570023
2004-06-03,13.0,0.47762687818694316,0.47762687818694316
2004-06-06,5.7503662109375,-0.7730532047813616,-0.7730532047813616
2004-06-07,7.7503662109375,-0.42802058124244524,-0.42802058124244524
2004-06-08,8.4991455078125,-0.29884393861624203,-0.29884393861624203
2004-06-09,6.748779296875,-0.6008106615730611,-0.6008106615730611
2004-06-10,3.24951171875,-1.2044913980456304,-1.2044913980456304
2004-06-13,6.2496337890625,-0.6869214036171668,-0.6869214036171668
2004-06-14,24.0,2.3753063076509835,2.3753063076509835
2004-06-15,5.4991455078125,-0.8163928739246167,-0.8163928739246167
2004-06-16,11.500732421875,0.21897876525329013,0.21897876525329013
2004-06-17,11.2496337890625,0.17566015523012418,0.17566015523012418
2004-06-20,5.0,-0.9025036159687224,-0.9025036159687224
2004-06-21,5.0,-0.9025036159687224,-0.9025036159687224
2004-06-22,6.748779296875,-0.6008106615730611,-0.6008106615730611
2004-06-23,11.7503662109375,0.26204466583538755,0.26204466583538755
2004-06-24,6.0,-0.7299873041992643,-0.7299873041992643
2004-06-27,15.4991455078125,0.9087702437699653,0.9087702437699653
2004-06-28,10.0,-0.03992205712143144,-0.03992205712143144
2004-06-29,16.7503662109375,1.1246262246826786,1.1246262246826786
2004-06-30,8.75048828125,-0.255483210352898,-0.255483210352898
2004-07-01,26.0,2.7203389311899,2.7203389311899
2004-07-05,6.251220703125,-0.6866476350560092,-0.6866476350560092
2004-07-06,5.4991455078125,-0.8163928739246167,-0.8163928739246167
2004-07-07,8.2496337890625,-0.3418887800782504,-0.3418887800782504
2004-07-08,4.5008544921875,-0.9886143580128282,-0.9886143580128282
2004-07-11,4.0,-1.0750199277381807,-1.0750199277381807
2004-07-12,7.748779296875,-0.4282943498036028,-0.4282943498036028
2004-07-13,8.500732421875,-0.29857017005508446,-0.29857017005508446
2004-07-14,5.7503662109375,-0.7730532047813616,-0.7730532047813616
2004-07-15,18.24951171875,1.3832532784962426,1.3832532784962426
2004-07-18,3.5008544921875,-1.1611306697822863,-1.1611306697822863
2004-07-19,14.2496337890625,0.6932090905384988,0.6932090905384988
2004-07-20,8.499267578125,-0.298822879496153,-0.298822879496153
2004-07-21,6.251220703125,-0.6866476350560092,-0.6866476350560092
2004-07-22,5.2496337890625,-0.8594377153866251,-0.8594377153866251
2004-07-25,6.24951171875,-0.6869424627372559,-0.6869424627372559
2004-07-26,13.75048828125,0.6070983484943929,0.6070983484943929
2004-07-27,8.0,-0.3849546806603478,-0.3849546806603478
2004-07-28,8.2496337890625,-0.3418887800782504,-0.3418887800782504
2004-07-29,14.7503662109375,0.7795936011437621,0.7795936011437621
2004-08-01,7.7503662109375,-0.42802058124244524,-0.42802058124244524
2004-08-02,8.24951171875,-0.34190983919833945,-0.34190983919833945
2004-08-03,7.7503662109375,-0.42802058124244524,-0.42802058124244524
2004-08-04,5.7503662109375,-0.7730532047813616,-0.7730532047813616
2004-08-05,33.0,3.927953113576107,3.927953113576107
2004-08-08,7.748779296875,-0.4282943498036028,-0.4282943498036028
2004-08-09,11.0,0.13259425464802677,0.13259425464802677
2004-08-10,6.251220703125,-0.6866476350560092,-0.6866476350560092
2004-08-11,8.500732421875,-0.29857017005508446,-0.29857017005508446
2004-08-12,9.0,-0.21243836889088963,-0.21243836889088963
2004-08-15,8.75048828125,-0.255483210352898,-0.255483210352898
2004-08-16,10.5008544921875,0.04648351260392097,0.04648351260392097
2004-08-17,10.0,-0.03992205712143144,-0.03992205712143144
2004-08-18,5.7503662109375,-0.7730532047813616,-0.7730532047813616
2004-08-19,5.0,-0.9025036159687224,-0.9025036159687224
2004-08-22,8.2496337890625,-0.3418887800782504,-0.3418887800782504
2004-08-23,6.748779296875,-0.6008106615730611,-0.6008106615730611
2004-08-24,9.0,-0.21243836889088963,-0.21243836889088963
2004-08-25,7.251220703125,-0.514131323286551,-0.514131323286551
2004-08-26,4.748779296875,-0.9458432851119775,-0.9458432851119775
2004-08-29,6.499267578125,-0.6438555030350694,-0.6438555030350694
2004-08-30,11.499267578125,0.21872605581222157,0.21872605581222157
2004-08-31,9.0,-0.21243836889088963,-0.21243836889088963
2004-09-01,11.24951171875,0.17563909611003511,0.17563909611003511
2004-09-02,32.748779296875,3.884613444432852,3.884613444432852
2004-09-06,6.24951171875,-0.6869424627372559,-0.6869424627372559
2004-09-07,16.499267578125,1.0813076146595126,1.0813076146595126
2004-09-08,7.7503662109375,-0.42802058124244524,-0.42802058124244524
2004-09-09,8.0,-0.3849546806603478,-0.3849546806603478
2004-09-12,5.500732421875,-0.816119105363459,-0.816119105363459
2004-09-13,6.2496337890625,-0.6869214036171668,-0.6869214036171668
2004-09-14,6.2496337890625,-0.6869214036171668,-0.6869214036171668
2004-09-15,13.5008544921875,0.5640324479122956,0.5640324479122956
2004-09-16,9.0,-0.21243836889088963,-0.21243836889088963
2004-09-19,6.7503662109375,-0.6005368930119035,-0.6005368930119035
2004-09-20,4.251220703125,-1.0316802585949256,-1.0316802585949256
2004-09-21,10.24951171875,0.0031227843405769286,0.0031227843405769286
2004-09-22,10.0,-0.03992205712143144,-0.03992205712143144
2004-09-23,7.0,-0.557470992429806,-0.557470992429806
2004-09-26,9.0,-0.21243836889088963,-0.21243836889088963
2004-09-27,8.24951171875,-0.34190983919833945,-0.34190983919833945
2004-09-28,12.5008544921875,0.39151613614283737,0.39151613614283737
2004-09-29,14.4991455078125,0.7362539320005071,0.7362539320005071
2004-09-30,8.75048828125,-0.255483210352898,-0.255483210352898
2004-10-03,8.499267578125,-0.298822879496153,-0.298822879496153
2004-10-04,4.0,-1.0750199277381807,-1.0750199277381807
2004-10-05,7.499267578125,-0.4713391912656112,-0.4713391912656112
2004-10-06,6.0,-0.7299873041992643,-0.7299873041992643
2004-10-07,15.0,0.8226595017258596,0.8226595017258596
2004-10-10,0.0,-1.7650851748160135,-1.7650851748160135
2004-10-11,7.0,-0.557470992429806,-0.557470992429806
2004-10-12,11.24951171875,0.17563909611003511,0.17563909611003511
2004-10-13,8.0,-0.3849546806603478,-0.3849546806603478
2004-10-14,15.4991455078125,0.9087702437699653,0.9087702437699653
2004-10-17,5.4991455078125,-0.8163928739246167,-0.8163928739246167
2004-10-18,9.24951171875,-0.16939352742888128,-0.16939352742888128
2004-10-19,6.7503662109375,-0.6005368930119035,-0.6005368930119035
2004-10-20,7.24951171875,-0.5144261509677976,-0.5144261509677976
2004-10-21,7.748779296875,-0.4282943498036028,-0.4282943498036028
2004-10-24,5.0,-0.9025036159687224,-0.9025036159687224
2004-10-25,5.7503662109375,-0.7730532047813616,-0.7730532047813616
2004-10-26,15.4991455078125,0.9087702437699653,0.9087702437699653
2004-10-27,12.748779296875,0.43428720904368817,0.43428720904368817
2004-10-28,8.0,-0.3849546806603478,-0.3849546806603478
2004-10-31,7.7503662109375,-0.42802058124244524,-0.42802058124244524
2004-11-01,6.7503662109375,-0.6005368930119035,-0.6005368930119035
2004-11-02,17.748779296875,1.2968687678909792,1.2968687678909792
2004-11-03,6.0,-0.7299873041992643,-0.7299873041992643
2004-11-04,28.7503662109375,3.1948219659161774,3.1948219659161774
2004-11-07,4.500732421875,-0.9886354171329172,-0.9886354171329172
2004-11-08,4.0,-1.0750199277381807,-1.0750199277381807
2004-11-09,7.500732421875,-0.47108648182454266,-0.47108648182454266
2004-11-10,0.0,-1.7650851748160135,-1.7650851748160135
2004-11-11,8.24951171875,-0.34190983919833945,-0.34190983919833945
2004-11-14,4.499267578125,-0.9888881265739858,-0.9888881265739858
2004-11-15,6.748779296875,-0.6008106615730611,-0.6008106615730611
2004-11-16,16.0,0.9951758134953177,0.9951758134953177
2004-11-17,5.5008544921875,-0.81609804624337,-0.81609804624337
2004-11-18,16.0,0.9951758134953177,0.9951758134953177
2004-11-21,4.499267578125,-0.9888881265739858,-0.9888881265739858
2004-11-22,8.499267578125,-0.298822879496153,-0.298822879496153
2004-11-23,4.748779296875,-0.9458432851119775,-0.9458432851119775
2004-11-25,11.4991455078125,0.21870499669213253,0.21870499669213253
2004-11-28,12.499267578125,0.3912423675816798,0.3912423675816798
2004-11-29,6.2496337890625,-0.6869214036171668,-0.6869214036171668
2004-11-30,8.2496337890625,-0.3418887800782504,-0.3418887800782504
2004-12-01,7.75048828125,-0.4279995221223562,-0.4279995221223562
2004-12-02,21.748779296875,1.986934014968812,1.986934014968812
2004-12-05,4.5008544921875,-0.9886143580128282,-0.9886143580128282
2004-12-06,4.2496337890625,-1.0319540271560832,-1.0319540271560832
2004-12-07,14.748779296875,0.7793198325826045,0.7793198325826045
2004-12-08,8.5008544921875,-0.2985491109349954,-0.2985491109349954
2004-12-09,6.0,-0.7299873041992643,-0.7299873041992643
2004-12-12,6.0,-0.7299873041992643,-0.7299873041992643
2004-12-13,7.0,-0.557470992429806,-0.557470992429806
2004-12-14,6.4991455078125,-0.6438765621551584,-0.6438765621551584
2004-12-15,12.5008544921875,0.39151613614283737,0.39151613614283737
2004-12-16,9.499267578125,-0.1263065677266948,-0.1263065677266948
2004-12-19,4.2496337890625,-1.0319540271560832,-1.0319540271560832
2004-12-20,5.0,-0.9025036159687224,-0.9025036159687224
2004-12-21,5.0,-0.9025036159687224,-0.9025036159687224
2004-12-22,3.24951171875,-1.2044913980456304,-1.2044913980456304
2004-12-26,11.0,0.13259425464802677,0.13259425464802677
2004-12-27,6.748779296875,-0.6008106615730611,-0.6008106615730611
2004-12-28,5.7503662109375,-0.7730532047813616,-0.7730532047813616
2004-12-29,8.7503662109375,-0.25550426947298704,-0.25550426947298704
2004-12-30,5.7503662109375,-0.7730532047813616,-0.7730532047813616
2005-01-02,7.0,-0.557470992429806,-0.557470992429806
2005-01-03,13.499267578125,0.563758679351138,0.563758679351138
2005-01-04,6.0,-0.7299873041992643,-0.7299873041992643
2005-01-05,4.748779296875,-0.9458432851119775,-0.9458432851119775
2005-01-06,29.2496337890625,3.280953767080372,3.280953767080372
2005-01-09,3.7503662109375,-1.118085828320278,-1.118085828320278
2005-01-10,6.4991455078125,-0.6438765621551584,-0.6438765621551584
2005-01-11,4.7503662109375,-0.9455695165508199,-0.9455695165508199
2005-01-12,9.5008544921875,-0.12603279916553722,-0.12603279916553722
2005-01-13,9.0,-0.21243836889088963,-0.21243836889088963
2005-01-17,5.499267578125,-0.8163718148045276,-0.8163718148045276
2005-01-18,6.4991455078125,-0.6438765621551584,-0.6438765621551584
2005-01-19,6.7503662109375,-0.6005368930119035,-0.6005368930119035
2005-01-20,6.0,-0.7299873041992643,-0.7299873041992643
2005-01-23,4.0,-1.0750199277381807,-1.0750199277381807
2005-01-24,9.0,-0.21243836889088963,-0.21243836889088963
2005-01-25,5.2496337890625,-0.8594377153866251,-0.8594377153866251
2005-01-26,5.5008544921875,-0.81609804624337,-0.81609804624337
2005-01-27,11.2496337890625,0.17566015523012418,0.17566015523012418
2005-01-30,4.748779296875,-0.9458432851119775,-0.9458432851119775
2005-01-31,4.24951171875,-1.0319750862761723,-1.0319750862761723
2005-02-01,4.4991455078125,-0.9889091856940748,-0.9889091856940748
2005-02-02,5.499267578125,-0.8163718148045276,-0.8163718148045276
2005-02-03,14.0,0.6501431899564013,0.6501431899564013
2005-02-06,5.500732421875,-0.816119105363459,-0.816119105363459
2005-02-07,6.24951171875,-0.6869424627372559,-0.6869424627372559
2005-02-08,11.4000244140625,0.20160499117982783,0.20160499117982783
2005-02-09,10.0,-0.03992205712143144,-0.03992205712143144
2005-02-10,6.75048828125,-0.6005158338918144,-0.6005158338918144
2005-02-13,5.0,-0.9025036159687224,-0.9025036159687224
2005-02-14,4.0,-1.0750199277381807,-1.0750199277381807
2005-02-15,11.4991455078125,0.21870499669213253,0.21870499669213253
2005-02-16,5.7503662109375,-0.7730532047813616,-0.7730532047813616
2005-02-17,10.4991455078125,0.04618868492267434,0.04618868492267434
2005-02-21,4.0,-1.0750199277381807,-1.0750199277381807
2005-02-22,10.5008544921875,0.04648351260392097,0.04648351260392097
2005-02-23,7.2496337890625,-0.5144050918477087,-0.5144050918477087
2005-02-24,5.0,-0.9025036159687224,-0.9025036159687224
2005-02-27,14.0,0.6501431899564013,0.6501431899564013
2005-02-28,3.7503662109375,-1.118085828320278,-1.118085828320278
2005-03-01,5.0,-0.9025036159687224,-0.9025036159687224
2005-03-02,4.7503662109375,-0.9455695165508199,-0.9455695165508199
2005-03-03,11.748779296875,0.26177089727423,0.26177089727423
2005-03-06,8.75048828125,-0.255483210352898,-0.255483210352898
2005-03-07,1.24951171875,-1.549524021584547,-1.549524021584547
2005-03-08,13.7503662109375,0.6070772893743039,0.6070772893743039
2005-03-09,11.251220703125,0.17593392379128175,0.17593392379128175
2005-03-10,7.7503662109375,-0.42802058124244524,-0.42802058124244524
2005-03-13,7.5008544921875,-0.4710654227044536,-0.4710654227044536
2005-03-14,7.4991455078125,-0.47136025038570023,-0.47136025038570023
2005-03-15,11.5008544921875,0.21899982437337917,0.21899982437337917
2005-03-16,5.2496337890625,-0.8594377153866251,-0.8594377153866251
2005-03-17,4.251220703125,-1.0316802585949256,-1.0316802585949256
2005-03-20,2.748779296875,-1.2908759086508939,-1.2908759086508939
2005-03-21,20.4991455078125,1.7713518026172563,1.7713518026172563
2005-03-22,10.7503662109375,0.08952835406592935,0.08952835406592935
2005-03-23,4.499267578125,-0.9888881265739858,-0.9888881265739858
2005-03-27,5.0,-0.9025036159687224,-0.9025036159687224
2005-03-28,7.7503662109375,-0.42802058124244524,-0.42802058124244524
2005-03-29,5.748779296875,-0.7733269733425192,-0.7733269733425192
2005-03-30,8.7503662109375,-0.25550426947298704,-0.25550426947298704
2005-03-31,19.4991455078125,1.5988354908477982,1.5988354908477982
2005-04-03,8.0,-0.3849546806603478,-0.3849546806603478
2005-04-04,4.75048828125,-0.9455484574307308,-0.9455484574307308
2005-04-05,5.251220703125,-0.8591639468254674,-0.8591639468254674
2005-04-06,10.0,-0.03992205712143144,-0.03992205712143144
2005-04-07,5.7503662109375,-0.7730532047813616,-0.7730532047813616
2005-04-10,7.0,-0.557470992429806,-0.557470992429806
2005-04-11,14.0,0.6501431899564013,0.6501431899564013
2005-04-12,7.5008544921875,-0.4710654227044536,-0.4710654227044536
2005-04-13,7.0,-0.557470992429806,-0.557470992429806
2005-04-14,10.5008544921875,0.04648351260392097,0.04648351260392097
2005-04-17,9.0,-0.21243836889088963,-0.21243836889088963
2005-04-18,13.2496337890625,0.5206927787690405,0.5206927787690405
2005-04-19,13.0,0.47762687818694316,0.47762687818694316
2005-04-20,14.748779296875,0.7793198325826045,0.7793198325826045
2005-04-21,6.0,-0.7299873041992643,-0.7299873041992643
2005-04-24,4.4991455078125,-0.9889091856940748,-0.9889091856940748
2005-04-25,7.75048828125,-0.4279995221223562,-0.4279995221223562
2005-04-26,10.24951171875,0.0031227843405769286,0.0031227843405769286
2005-04-27,11.2496337890625,0.17566015523012418,0.17566015523012418
2005-04-28,8.24951171875,-0.34190983919833945,-0.34190983919833945
2005-05-01,5.500732421875,-0.816119105363459,-0.816119105363459
2005-05-02,7.7503662109375,-0.42802058124244524,-0.42802058124244524
2005-05-03,9.251220703125,-0.16909869974763464,-0.16909869974763464
2005-05-04,10.24951171875,0.0031227843405769286,0.0031227843405769286
2005-05-05,16.0,0.9951758134953177,0.9951758134953177
2005-05-08,3.75048828125,-1.118064769200189,-1.118064769200189
2005-05-09,9.5008544921875,-0.12603279916553722,-0.12603279916553722
2005-05-10,10.251220703125,0.003417612021823561,0.003417612021823561
2005-05-11,10.0,-0.03992205712143144,-0.03992205712143144
2005-05-12,8.748779296875,-0.2557780380341446,-0.2557780380341446
2005-05-15,5.748779296875,-0.7733269733425192,-0.7733269733425192
2005-05-16,8.0,-0.3849546806603478,-0.3849546806603478
2005-05-17,9.75048828125,-0.08296689858343981,-0.08296689858343981
2005-05-18,6.0,-0.7299873041992643,-0.7299873041992643
2005-05-19,2.5008544921875,-1.3336469815517447,-1.3336469815517447
2005-05-22,12.4991455078125,0.39122130846159076,0.39122130846159076
2005-05-23,11.0,0.13259425464802677,0.13259425464802677
2005-05-24,13.7503662109375,0.6070772893743039,0.6070772893743039
2005-05-25,7.499267578125,-0.4713391912656112,-0.4713391912656112
2005-05-26,4.4991455078125,-0.9889091856940748,-0.9889091856940748
2005-05-30,6.0,-0.7299873041992643,-0.7299873041992643
2005-05-31,12.75048828125,0.4345820367249348,0.4345820367249348
2005-06-01,5.251220703125,-0.8591639468254674,-0.8591639468254674
2005-06-02,25.0,2.5478226194204416,2.5478226194204416
2005-06-05,5.499267578125,-0.8163718148045276,-0.8163718148045276
2005-06-06,8.5008544921875,-0.2985491109349954,-0.2985491109349954
2005-06-07,6.748779296875,-0.6008106615730611,-0.6008106615730611
2005-06-08,8.2496337890625,-0.3418887800782504,-0.3418887800782504
2005-06-09,10.500732421875,0.04646245348383193,0.04646245348383193
2005-06-12,6.24951171875,-0.6869424627372559,-0.6869424627372559
2005-06-13,8.499267578125,-0.298822879496153,-0.298822879496153
2005-06-14,7.7503662109375,-0.42802058124244524,-0.42802058124244524
2005-06-15,8.7503662109375,-0.25550426947298704,-0.25550426947298704
2005-06-16,5.5008544921875,-0.81609804624337,-0.81609804624337
2005-06-19,9.4991455078125,-0.12632762684678386,-0.12632762684678386
2005-06-20,8.5008544921875,-0.2985491109349954,-0.2985491109349954
2005-06-21,14.2496337890625,0.6932090905384988,0.6932090905384988
2005-06-22,5.499267578125,-0.8163718148045276,-0.8163718148045276
2005-06-23,6.4991455078125,-0.6438765621551584,-0.6438765621551584
2005-06-26,4.0,-1.0750199277381807,-1.0750199277381807
2005-06-27,9.0,-0.21243836889088963,-0.21243836889088963
2005-06-28,9.7503662109375,-0.08298795770352885,-0.08298795770352885
2005-06-29,8.748779296875,-0.2557780380341446,-0.2557780380341446
2005-06-30,16.7503662109375,1.1246262246826786,1.1246262246826786
2005-07-04,9.251220703125,-0.16909869974763464,-0.16909869974763464
2005-07-05,4.499267578125,-0.9888881265739858,-0.9888881265739858
2005-07-06,19.24951171875,1.5557695902657007,1.5557695902657007
2005-07-07,12.2496337890625,0.3481764669995824,0.3481764669995824
2005-07-10,8.7503662109375,-0.25550426947298704,-0.25550426947298704
2005-07-11,6.500732421875,-0.6436027935940009,-0.6436027935940009
2005-07-12,3.7503662109375,-1.118085828320278,-1.118085828320278
2005-07-13,8.0,-0.3849546806603478,-0.3849546806603478
2005-07-14,7.0,-0.557470992429806,-0.557470992429806
2005-07-17,6.0,-0.7299873041992643,-0.7299873041992643
2005-07-18,8.24951171875,-0.34190983919833945,-0.34190983919833945
2005-07-19,12.0,0.30511056641748496,0.30511056641748496
2005-07-20,15.500732421875,0.9090440123311229,0.9090440123311229
2005-07-21,9.0,-0.21243836889088963,-0.21243836889088963
2005-07-24,5.0,-0.9025036159687224,-0.9025036159687224
2005-07-25,2.75048828125,-1.2905810809696472,-1.2905810809696472
2005-07-26,6.24951171875,-0.6869424627372559,-0.6869424627372559
2005-07-27,9.7503662109375,-0.08298795770352885,-0.08298795770352885
2005-07-28,13.0,0.47762687818694316,0.47762687818694316
2005-07-31,8.7503662109375,-0.25550426947298704,-0.25550426947298704
2005-08-01,5.75048828125,-0.7730321456612725,-0.7730321456612725
2005-08-02,5.5008544921875,-0.81609804624337,-0.81609804624337
2005-08-03,5.4991455078125,-0.8163928739246167,-0.8163928739246167
2005-08-04,11.5008544921875,0.21899982437337917,0.21899982437337917
2005-08-07,5.499267578125,-0.8163718148045276,-0.8163718148045276
2005-08-08,6.24951171875,-0.6869424627372559,-0.6869424627372559
2005-08-09,6.0,-0.7299873041992643,-0.7299873041992643
2005-08-10,10.0,-0.03992205712143144,-0.03992205712143144
2005-08-11,10.0,-0.03992205712143144,-0.03992205712143144
2005-08-14,5.7503662109375,-0.7730532047813616,-0.7730532047813616
2005-08-15,10.7503662109375,0.08952835406592935,0.08952835406592935
2005-08-16,9.0,-0.21243836889088963,-0.21243836889088963
2005-08-17,10.75048828125,0.08954941318601839,0.08954941318601839
2005-08-18,5.5008544921875,-0.81609804624337,-0.81609804624337
2005-08-21,8.5008544921875,-0.2985491109349954,-0.2985491109349954
2005-08-22,7.0,-0.557470992429806,-0.557470992429806
2005-08-23,6.7503662109375,-0.6005368930119035,-0.6005368930119035
2005-08-24,4.4991455078125,-0.9889091856940748,-0.9889091856940748
2005-08-25,7.5008544921875,-0.4710654227044536,-0.4710654227044536
2005-08-28,5.499267578125,-0.8163718148045276,-0.8163718148045276
2005-08-29,13.500732421875,0.5640113887922065,0.5640113887922065
2005-08-30,12.7503662109375,0.43456097760484574,0.43456097760484574
2005-08-31,10.0,-0.03992205712143144,-0.03992205712143144
2005-09-01,8.500732421875,-0.29857017005508446,-0.29857017005508446
2005-09-05,6.251220703125,-0.6866476350560092,-0.6866476350560092
2005-09-06,8.7503662109375,-0.25550426947298704,-0.25550426947298704
2005-09-07,8.0,-0.3849546806603478,-0.3849546806603478
2005-09-08,4.0,-1.0750199277381807,-1.0750199277381807
2005-09-11,8.7503662109375,-0.25550426947298704,-0.25550426947298704
2005-09-12,9.251220703125,-0.16909869974763464,-0.16909869974763464
2005-09-13,8.0,-0.3849546806603478,-0.3849546806603478
2005-09-14,12.0,0.30511056641748496,0.30511056641748496
2005-09-15,9.2496337890625,-0.1693724683087922,-0.1693724683087922
2005-09-18,5.2496337890625,-0.8594377153866251,-0.8594377153866251
2005-09-19,6.7503662109375,-0.6005368930119035,-0.6005368930119035
2005-09-20,6.7503662109375,-0.6005368930119035,-0.6005368930119035
2005-09-21,7.2496337890625,-0.5144050918477087,-0.5144050918477087
2005-09-22,9.5008544921875,-0.12603279916553722,-0.12603279916553722
2005-09-25,5.500732421875,-0.816119105363459,-0.816119105363459
2005-09-26,7.4991455078125,-0.47136025038570023,-0.47136025038570023
2005-09-27,9.0,-0.21243836889088963,-0.21243836889088963
2005-09-28,7.5008544921875,-0.4710654227044536,-0.4710654227044536
2005-09-29,8.24951171875,-0.34190983919833945,-0.34190983919833945
2005-10-02,9.748779296875,-0.08326172626468645,-0.08326172626468645
2005-10-03,6.500732421875,-0.6436027935940009,-0.6436027935940009
2005-10-04,5.24951171875,-0.859458774506714,-0.859458774506714
2005-10-05,6.75048828125,-0.6005158338918144,-0.6005158338918144
2005-10-06,10.7503662109375,0.08952835406592935,0.08952835406592935
2005-10-09,0.0,-1.7650851748160135,-1.7650851748160135
2005-10-10,6.499267578125,-0.6438555030350694,-0.6438555030350694
2005-10-11,7.5008544921875,-0.4710654227044536,-0.4710654227044536
2005-10-12,7.0,-0.557470992429806,-0.557470992429806
2005-10-13,10.500732421875,0.04646245348383193,0.04646245348383193
2005-10-16,4.7503662109375,-0.9455695165508199,-0.9455695165508199
2005-10-17,5.2496337890625,-0.8594377153866251,-0.8594377153866251
2005-10-18,5.2496337890625,-0.8594377153866251,-0.8594377153866251
2005-10-19,7.5008544921875,-0.4710654227044536,-0.4710654227044536
2005-10-20,9.0,-0.21243836889088963,-0.21243836889088963
2005-10-23,8.2496337890625,-0.3418887800782504,-0.3418887800782504
2005-10-24,12.0,0.30511056641748496,0.30511056641748496
2005-10-25,8.0,-0.3849546806603478,-0.3849546806603478
2005-10-26,5.75048828125,-0.7730321456612725,-0.7730321456612725
2005-10-27,8.2496337890625,-0.3418887800782504,-0.3418887800782504
2005-10-30,7.5008544921875,-0.4710654227044536,-0.4710654227044536
2005-10-31,6.4991455078125,-0.6438765621551584,-0.6438765621551584
2005-11-01,7.0,-0.557470992429806,-0.557470992429806
2005-11-02,10.0,-0.03992205712143144,-0.03992205712143144
2005-11-03,9.499267578125,-0.1263065677266948,-0.1263065677266948
2005-11-06,5.5008544921875,-0.81609804624337,-0.81609804624337
2005-11-07,8.7503662109375,-0.25550426947298704,-0.25550426947298704
2005-11-08,10.4991455078125,0.04618868492267434,0.04618868492267434
2005-11-09,9.2496337890625,-0.1693724683087922,-0.1693724683087922
2005-11-13,10.0,-0.03992205712143144,-0.03992205712143144
2005-11-14,9.0,-0.21243836889088963,-0.21243836889088963
2005-11-15,11.7503662109375,0.26204466583538755,0.26204466583538755
2005-11-16,9.2496337890625,-0.1693724683087922,-0.1693724683087922
2005-11-17,6.5008544921875,-0.6435817344739118,-0.6435817344739118
2005-11-20,6.7503662109375,-0.6005368930119035,-0.6005368930119035
2005-11-21,7.2496337890625,-0.5144050918477087,-0.5144050918477087
2005-11-22,7.251220703125,-0.514131323286551,-0.514131323286551
2005-11-24,3.75048828125,-1.118064769200189,-1.118064769200189
2005-11-27,8.5008544921875,-0.2985491109349954,-0.2985491109349954
2005-11-28,11.0,0.13259425464802677,0.13259425464802677
2005-11-29,6.748779296875,-0.6008106615730611,-0.6008106615730611
2005-11-30,9.2496337890625,-0.1693724683087922,-0.1693724683087922
2005-12-01,4.748779296875,-0.9458432851119775,-0.9458432851119775
2005-12-04,6.0,-0.7299873041992643,-0.7299873041992643
2005-12-05,10.499267578125,0.04620974404276339,0.04620974404276339
2005-12-06,4.0,-1.0750199277381807,-1.0750199277381807
2005-12-07,6.75048828125,-0.6005158338918144,-0.6005158338918144
2005-12-08,9.0,-0.21243836889088963,-0.21243836889088963
2005-12-11,5.7503662109375,-0.7730532047813616,-0.7730532047813616
2005-12-12,4.75048828125,-0.9455484574307308,-0.9455484574307308
2005-12-13,9.748779296875,-0.08326172626468645,-0.08326172626468645
2005-12-14,7.75048828125,-0.4279995221223562,-0.4279995221223562
2005-12-15,2.75048828125,-1.2905810809696472,-1.2905810809696472
2005-12-18,3.748779296875,-1.1183595968814357,-1.1183595968814357
2005-12-19,4.0,-1.0750199277381807,-1.0750199277381807
2005-12-20,5.2496337890625,-0.8594377153866251,-0.8594377153866251
2005-12-21,7.748779296875,-0.4282943498036028,-0.4282943498036028
2005-12-22,10.251220703125,0.003417612021823561,0.003417612021823561
2005-12-26,7.7503662109375,-0.42802058124244524,-0.42802058124244524
2005-12-27,4.5008544921875,-0.9886143580128282,-0.9886143580128282
2005-12-28,3.7503662109375,-1.118085828320278,-1.118085828320278
2005-12-29,7.7503662109375,-0.42802058124244524,-0.42802058124244524
2006-01-02,10.0,-0.03992205712143144,-0.03992205712143144
2006-01-03,6.75,-0.6006000703721706,-0.6006000703721706
2006-01-04,5.0,-0.9025036159687224,-0.9025036159687224
2006-01-05,10.5,0.04633609876329766,0.04633609876329766
2006-01-08,3.5,-1.1612780836229097,-1.1612780836229097
2006-01-09,7.75,-0.42808375860271236,-0.42808375860271236
2006-01-10,6.25,-0.6868582262568996,-0.6868582262568996
2006-01-11,6.0,-0.7299873041992643,-0.7299873041992643
2006-01-12,10.5,0.04633609876329766,0.04633609876329766
2006-01-16,11.1199951171875,0.15329536969555818,0.15329536969555818
2006-01-17,9.5,-0.12618021300616053,-0.12618021300616053
2006-01-18,6.0,-0.7299873041992643,-0.7299873041992643
2006-01-19,5.0,-0.9025036159687224,-0.9025036159687224
2006-01-22,7.25,-0.5143419144874415,-0.5143419144874415
2006-01-23,5.0,-0.9025036159687224,-0.9025036159687224
2006-01-24,10.5,0.04633609876329766,0.04633609876329766
2006-01-25,7.5,-0.47121283654507695,-0.47121283654507695
2006-01-26,8.0,-0.3849546806603478,-0.3849546806603478
2006-01-29,4.75,-0.945632693911087,-0.945632693911087
2006-01-30,5.75,-0.7731163821416288,-0.7731163821416288
2006-01-31,8.0,-0.3849546806603478,-0.3849546806603478
2006-02-01,5.0,-0.9025036159687224,-0.9025036159687224
2006-02-02,10.5,0.04633609876329766,0.04633609876329766
2006-02-05,4.25,-1.0318908497958161,-1.0318908497958161
2006-02-06,5.75,-0.7731163821416288,-0.7731163821416288
2006-02-07,5.25,-0.8593745380263579,-0.8593745380263579
2006-02-08,7.0,-0.557470992429806,-0.557470992429806
2006-02-09,11.0,0.13259425464802677,0.13259425464802677
2006-02-12,4.0,-1.0750199277381807,-1.0750199277381807
2006-02-13,5.75,-0.7731163821416288,-0.7731163821416288
2006-02-14,6.5,-0.6437291483145351,-0.6437291483145351
2006-02-15,3.25,-1.2044071615652743,-1.2044071615652743
2006-02-16,6.5,-0.6437291483145351,-0.6437291483145351
2006-02-20,4.25,-1.0318908497958161,-1.0318908497958161
2006-02-21,8.0,-0.3849546806603478,-0.3849546806603478
2006-02-22,6.75,-0.6006000703721706,-0.6006000703721706
2006-02-23,5.75,-0.7731163821416288,-0.7731163821416288
2006-02-26,4.5,-0.9887617718534515,-0.9887617718534515
2006-02-27,6.75,-0.6006000703721706,-0.6006000703721706
2006-02-28,5.5,-0.8162454600839933,-0.8162454600839933
2006-03-01,9.25,-0.1693092909485251,-0.1693092909485251
2006-03-02,5.75,-0.7731163821416288,-0.7731163821416288
2006-03-05,5.75,-0.7731163821416288,-0.7731163821416288
2006-03-06,7.25,-0.5143419144874415,-0.5143419144874415
2006-03-07,5.0,-0.9025036159687224,-0.9025036159687224
2006-03-08,3.25,-1.2044071615652743,-1.2044071615652743
2006-03-09,8.0,-0.3849546806603478,-0.3849546806603478
2006-03-12,3.25,-1.2044071615652743,-1.2044071615652743
2006-03-13,8.75,-0.25556744683325416,-0.25556744683325416
2006-03-14,5.25,-0.8593745380263579,-0.8593745380263579
2006-03-15,12.5,0.39136872230221403,0.39136872230221403
2006-03-16,2.75,-1.2906653174500033,-1.2906653174500033
2006-03-19,3.75,-1.1181490056805452,-1.1181490056805452
2006-03-20,8.0,-0.3849546806603478,-0.3849546806603478
2006-03-21,3.0,-1.2475362395076388,-1.2475362395076388
2006-03-22,7.25,-0.5143419144874415,-0.5143419144874415
2006-03-23,10.25,0.0032070208209331093,0.0032070208209331093
2006-03-26,5.0,-0.9025036159687224,-0.9025036159687224
2006-03-27,11.5,0.21885241053275586,0.21885241053275586
2006-03-28,4.75,-0.945632693911087,-0.945632693911087
2006-03-29,10.0,-0.03992205712143144,-0.03992205712143144
2006-03-30,6.0,-0.7299873041992643,-0.7299873041992643
2006-04-02,7.25,-0.5143419144874415,-0.5143419144874415
2006-04-03,4.25,-1.0318908497958161,-1.0318908497958161
2006-04-04,3.75,-1.1181490056805452,-1.1181490056805452
2006-04-05,6.0,-0.7299873041992643,-0.7299873041992643
2006-04-06,11.5,0.21885241053275586,0.21885241053275586
2006-04-09,4.5,-0.9887617718534515,-0.9887617718534515
2006-04-10,3.5,-1.1612780836229097,-1.1612780836229097
2006-04-11,9.0,-0.21243836889088963,-0.21243836889088963
2006-04-12,7.5,-0.47121283654507695,-0.47121283654507695
2006-04-16,5.75,-0.7731163821416288,-0.7731163821416288
2006-04-17,8.25,-0.3418256027179833,-0.3418256027179833
2006-04-18,11.0,0.13259425464802677,0.13259425464802677
2006-04-19,3.75,-1.1181490056805452,-1.1181490056805452
2006-04-20,6.0,-0.7299873041992643,-0.7299873041992643
2006-04-23,7.5,-0.47121283654507695,-0.47121283654507695
2006-04-24,13.0,0.47762687818694316,0.47762687818694316
2006-04-25,6.0,-0.7299873041992643,-0.7299873041992643
2006-04-26,11.25,0.1757233325903913,0.1757233325903913
2006-04-27,6.5,-0.6437291483145351,-0.6437291483145351
2006-04-30,11.25,0.1757233325903913,0.1757233325903913
2006-05-01,6.25,-0.6868582262568996,-0.6868582262568996
2006-05-02,6.5,-0.6437291483145351,-0.6437291483145351
2006-05-03,4.5,-0.9887617718534515,-0.9887617718534515
2006-05-04,8.0,-0.3849546806603478,-0.3849546806603478
2006-05-07,3.5,-1.1612780836229097,-1.1612780836229097
2006-05-08,3.5,-1.1612780836229097,-1.1612780836229097
2006-05-09,9.0,-0.21243836889088963,-0.21243836889088963
2006-05-10,6.25,-0.6868582262568996,-0.6868582262568996
2006-05-11,7.0,-0.557470992429806,-0.557470992429806
2006-05-14,8.0,-0.3849546806603478,-0.3849546806603478
2006-05-15,7.0,-0.557470992429806,-0.557470992429806
2006-05-16,9.5,-0.12618021300616053,-0.12618021300616053
2006-05-17,11.25,0.1757233325903913,0.1757233325903913
2006-05-18,7.0,-0.557470992429806,-0.557470992429806
2006-05-21,7.5,-0.47121283654507695,-0.47121283654507695
2006-05-22,6.5,-0.6437291483145351,-0.6437291483145351
2006-05-23,7.5,-0.47121283654507695,-0.47121283654507695
2006-05-24,5.75,-0.7731163821416288,-0.7731163821416288
2006-05-25,6.0,-0.7299873041992643,-0.7299873041992643
2006-05-29,4.75,-0.945632693911087,-0.945632693911087
2006-05-30,10.0,-0.03992205712143144,-0.03992205712143144
2006-05-31,5.5,-0.8162454600839933,-0.8162454600839933
2006-06-01,13.75,0.6070141120140368,0.6070141120140368
2006-06-04,4.75,-0.945632693911087,-0.945632693911087
2006-06-05,5.25,-0.8593745380263579,-0.8593745380263579
2006-06-06,5.25,-0.8593745380263579,-0.8593745380263579
2006-06-07,7.5,-0.47121283654507695,-0.47121283654507695
2006-06-08,4.25,-1.0318908497958161,-1.0318908497958161
2006-06-11,3.0,-1.2475362395076388,-1.2475362395076388
2006-06-12,5.25,-0.8593745380263579,-0.8593745380263579
2006-06-13,10.75,0.0894651767056622,0.0894651767056622
2006-06-14,5.5,-0.8162454600839933,-0.8162454600839933
2006-06-15,6.5,-0.6437291483145351,-0.6437291483145351
2006-06-18,2.25,-1.3769234733347324,-1.3769234733347324
2006-06-19,4.5,-0.9887617718534515,-0.9887617718534515
2006-06-20,1.5,-1.506310707161826,-1.506310707161826
2006-06-21,7.25,-0.5143419144874415,-0.5143419144874415
2006-06-22,6.5,-0.6437291483145351,-0.6437291483145351
2006-06-25,2.75,-1.2906653174500033,-1.2906653174500033
2006-06-26,5.0,-0.9025036159687224,-0.9025036159687224
2006-06-27,5.5,-0.8162454600839933,-0.8162454600839933
2006-06-28,7.25,-0.5143419144874415,-0.5143419144874415
2006-06-29,10.25,0.0032070208209331093,0.0032070208209331093
2006-07-02,3.75,-1.1181490056805452,-1.1181490056805452
2006-07-04,11.5,0.21885241053275586,0.21885241053275586
2006-07-05,5.5,-0.8162454600839933,-0.8162454600839933
2006-07-06,8.0,-0.3849546806603478,-0.3849546806603478
2006-07-09,3.75,-1.1181490056805452,-1.1181490056805452
2006-07-10,6.0,-0.7299873041992643,-0.7299873041992643
2006-07-11,5.25,-0.8593745380263579,-0.8593745380263579
2006-07-12,5.0,-0.9025036159687224,-0.9025036159687224
2006-07-13,4.75,-0.945632693911087,-0.945632693911087
2006-07-16,5.0,-0.9025036159687224,-0.9025036159687224
2006-07-17,8.75,-0.25556744683325416,-0.25556744683325416
2006-07-18,15.0,0.8226595017258596,0.8226595017258596
2006-07-19,7.0,-0.557470992429806,-0.557470992429806
2006-07-20,5.0,-0.9025036159687224,-0.9025036159687224
2006-07-23,4.5,-0.9887617718534515,-0.9887617718534515
2006-07-24,5.75,-0.7731163821416288,-0.7731163821416288
2006-07-25,7.5,-0.47121283654507695,-0.47121283654507695
2006-07-26,4.75,-0.945632693911087,-0.945632693911087
2006-07-27,8.25,-0.3418256027179833,-0.3418256027179833
2006-07-30,3.5,-1.1612780836229097,-1.1612780836229097
2006-07-31,4.75,-0.945632693911087,-0.945632693911087
2006-08-01,5.0,-0.9025036159687224,-0.9025036159687224
2006-08-02,5.0,-0.9025036159687224,-0.9025036159687224
2006-08-03,10.5,0.04633609876329766,0.04633609876329766
2006-08-06,4.25,-1.0318908497958161,-1.0318908497958161
2006-08-07,6.0,-0.7299873041992643,-0.7299873041992643
2006-08-08,4.25,-1.0318908497958161,-1.0318908497958161
2006-08-09,6.75,-0.6006000703721706,-0.6006000703721706
2006-08-10,5.75,-0.7731163821416288,-0.7731163821416288
2006-08-13,3.5,-1.1612780836229097,-1.1612780836229097
2006-08-14,10.25,0.0032070208209331093,0.0032070208209331093
2006-08-15,8.75,-0.25556744683325416,-0.25556744683325416
2006-08-16,5.75,-0.7731163821416288,-0.7731163821416288
2006-08-17,4.75,-0.945632693911087,-0.945632693911087
2006-08-20,3.25,-1.2044071615652743,-1.2044071615652743
2006-08-21,4.0,-1.0750199277381807,-1.0750199277381807
2006-08-22,4.25,-1.0318908497958161,-1.0318908497958161
2006-08-23,3.75,-1.1181490056805452,-1.1181490056805452
2006-08-24,4.0,-1.0750199277381807,-1.0750199277381807
2006-08-27,4.0,-1.0750199277381807,-1.0750199277381807
2006-08-28,8.5,-0.29869652477561875,-0.29869652477561875
2006-08-29,5.5,-0.8162454600839933,-0.8162454600839933
2006-08-30,5.25,-0.8593745380263579,-0.8593745380263579
2006-08-31,6.0,-0.7299873041992643,-0.7299873041992643
2006-09-04,5.25,-0.8593745380263579,-0.8593745380263579
2006-09-05,5.5,-0.8162454600839933,-0.8162454600839933
2006-09-06,5.75,-0.7731163821416288,-0.7731163821416288
2006-09-07,5.0,-0.9025036159687224,-0.9025036159687224
2006-09-10,5.25,-0.8593745380263579,-0.8593745380263579
2006-09-11,6.25,-0.6868582262568996,-0.6868582262568996
2006-09-12,3.0,-1.2475362395076388,-1.2475362395076388
2006-09-13,6.0,-0.7299873041992643,-0.7299873041992643
2006-09-14,5.75,-0.7731163821416288,-0.7731163821416288
2006-09-17,6.25,-0.6868582262568996,-0.6868582262568996
2006-09-18,10.5,0.04633609876329766,0.04633609876329766
2006-09-19,5.5,-0.8162454600839933,-0.8162454600839933
2006-09-20,12.25,0.3482396443598495,0.3482396443598495
2006-09-21,6.5,-0.6437291483145351,-0.6437291483145351
2006-09-24,7.25,-0.5143419144874415,-0.5143419144874415
2006-09-25,6.25,-0.6868582262568996,-0.6868582262568996
2006-09-26,7.25,-0.5143419144874415,-0.5143419144874415
2006-09-27,4.75,-0.945632693911087,-0.945632693911087
2006-09-28,8.25,-0.3418256027179833,-0.3418256027179833
2006-10-01,7.5,-0.47121283654507695,-0.47121283654507695
2006-10-02,4.5,-0.9887617718534515,-0.9887617718534515
2006-10-03,9.0,-0.21243836889088963,-0.21243836889088963
2006-10-04,7.25,-0.5143419144874415,-0.5143419144874415
2006-10-05,17.0,1.1676921252647758,1.1676921252647758
2006-10-09,7.5,-0.47121283654507695,-0.47121283654507695
2006-10-10,8.5,-0.29869652477561875,-0.29869652477561875
2006-10-11,4.0,-1.0750199277381807,-1.0750199277381807
2006-10-12,8.0,-0.3849546806603478,-0.3849546806603478
2006-10-15,3.75,-1.1181490056805452,-1.1181490056805452
2006-10-16,7.25,-0.5143419144874415,-0.5143419144874415
2006-10-17,5.0,-0.9025036159687224,-0.9025036159687224
2006-10-18,5.75,-0.7731163821416288,-0.7731163821416288
2006-10-19,3.25,-1.2044071615652743,-1.2044071615652743
2006-10-22,6.5,-0.6437291483145351,-0.6437291483145351
2006-10-23,2.0,-1.420052551277097,-1.420052551277097
2006-10-24,8.0,-0.3849546806603478,-0.3849546806603478
2006-10-25,7.0,-0.557470992429806,-0.557470992429806
2006-10-26,6.75,-0.6006000703721706,-0.6006000703721706
2006-10-29,3.5,-1.1612780836229097,-1.1612780836229097
2006-10-30,8.75,-0.25556744683325416,-0.25556744683325416
2006-10-31,8.25,-0.3418256027179833,-0.3418256027179833
2006-11-01,4.5,-0.9887617718534515,-0.9887617718534515
2006-11-02,17.75,1.2970793590918697,1.2970793590918697
2006-11-05,4.25,-1.0318908497958161,-1.0318908497958161
2006-11-06,8.75,-0.25556744683325416,-0.25556744683325416
2006-11-07,6.0,-0.7299873041992643,-0.7299873041992643
2006-11-08,4.25,-1.0318908497958161,-1.0318908497958161
2006-11-09,5.25,-0.8593745380263579,-0.8593745380263579
2006-11-12,8.0,-0.3849546806603478,-0.3849546806603478
2006-11-13,10.25,0.0032070208209331093,0.0032070208209331093
2006-11-14,8.25,-0.3418256027179833,-0.3418256027179833
2006-11-15,13.0,0.47762687818694316,0.47762687818694316
2006-11-16,10.5,0.04633609876329766,0.04633609876329766
2006-11-19,3.75,-1.1181490056805452,-1.1181490056805452
2006-11-20,4.75,-0.945632693911087,-0.945632693911087
2006-11-21,3.5,-1.1612780836229097,-1.1612780836229097
2006-11-23,5.5,-0.8162454600839933,-0.8162454600839933
2006-11-26,7.75,-0.42808375860271236,-0.42808375860271236
2006-11-27,7.5,-0.47121283654507695,-0.47121283654507695
2006-11-28,4.75,-0.945632693911087,-0.945632693911087
2006-11-29,7.5,-0.47121283654507695,-0.47121283654507695
2006-11-30,9.75,-0.083051135063796,-0.083051135063796
2006-12-03,3.75,-1.1181490056805452,-1.1181490056805452
2006-12-04,7.0,-0.557470992429806,-0.557470992429806
2006-12-05,5.0,-0.9025036159687224,-0.9025036159687224
2006-12-06,4.25,-1.0318908497958161,-1.0318908497958161
2006-12-07,9.25,-0.1693092909485251,-0.1693092909485251
2006-12-10,4.75,-0.945632693911087,-0.945632693911087
2006-12-11,5.25,-0.8593745380263579,-0.8593745380263579
2006-12-12,11.75,0.2619814884751204,0.2619814884751204
2006-12-13,3.75,-1.1181490056805452,-1.1181490056805452
2006-12-14,11.5,0.21885241053275586,0.21885241053275586
2006-12-17,3.25,-1.2044071615652743,-1.2044071615652743
2006-12-18,6.0,-0.7299873041992643,-0.7299873041992643
2006-12-19,3.25,-1.2044071615652743,-1.2044071615652743
2006-12-20,7.0,-0.557470992429806,-0.557470992429806
2006-12-21,9.75,-0.083051135063796,-0.083051135063796
2006-12-25,4.25,-1.0318908497958161,-1.0318908497958161
2006-12-26,8.5,-0.29869652477561875,-0.29869652477561875
2006-12-27,10.25,0.0032070208209331093,0.0032070208209331093
2006-12-28,5.75,-0.7731163821416288,-0.7731163821416288
2007-01-01,5.0,-0.9025036159687224,-0.9025036159687224
2007-01-02,7.0,-0.557470992429806,-0.557470992429806
2007-01-03,7.5,-0.47121283654507695,-0.47121283654507695
2007-01-04,13.75,0.6070141120140368,0.6070141120140368
2007-01-07,4.0,-1.0750199277381807,-1.0750199277381807
2007-01-08,3.75,-1.1181490056805452,-1.1181490056805452
2007-01-09,6.0,-0.7299873041992643,-0.7299873041992643
2007-01-10,7.75,-0.42808375860271236,-0.42808375860271236
2007-01-11,5.5,-0.8162454600839933,-0.8162454600839933
2007-01-15,4.5,-0.9887617718534515,-0.9887617718534515
2007-01-16,6.75,-0.6006000703721706,-0.6006000703721706
2007-01-17,8.0,-0.3849546806603478,-0.3849546806603478
2007-01-18,5.5,-0.8162454600839933,-0.8162454600839933
2007-01-21,4.75,-0.945632693911087,-0.945632693911087
2007-01-22,6.0,-0.7299873041992643,-0.7299873041992643
2007-01-23,3.5,-1.1612780836229097,-1.1612780836229097
2007-01-24,8.5,-0.29869652477561875,-0.29869652477561875
2007-01-25,6.25,-0.6868582262568996,-0.6868582262568996
2007-01-28,4.75,-0.945632693911087,-0.945632693911087
2007-01-29,3.0,-1.2475362395076388,-1.2475362395076388
2007-01-30,9.5,-0.12618021300616053,-0.12618021300616053
2007-01-31,8.5,-0.29869652477561875,-0.29869652477561875
2007-02-01,6.5,-0.6437291483145351,-0.6437291483145351
2007-02-04,3.5,-1.1612780836229097,-1.1612780836229097
2007-02-05,7.25,-0.5143419144874415,-0.5143419144874415
2007-02-06,5.0,-0.9025036159687224,-0.9025036159687224
2007-02-07,4.25,-1.0318908497958161,-1.0318908497958161
2007-02-08,6.75,-0.6006000703721706,-0.6006000703721706
2007-02-11,4.0,-1.0750199277381807,-1.0750199277381807
2007-02-12,4.0,-1.0750199277381807,-1.0750199277381807
2007-02-13,10.0,-0.03992205712143144,-0.03992205712143144
2007-02-14,7.25,-0.5143419144874415,-0.5143419144874415
2007-02-15,5.5,-0.8162454600839933,-0.8162454600839933
2007-02-19,4.5,-0.9887617718534515,-0.9887617718534515
2007-02-20,6.25,-0.6868582262568996,-0.6868582262568996
2007-02-21,5.5,-0.8162454600839933,-0.8162454600839933
2007-02-22,8.75,-0.25556744683325416,-0.25556744683325416
2007-02-25,5.25,-0.8593745380263579,-0.8593745380263579
2007-02-26,20.25,1.728370138515515,1.728370138515515
2007-02-27,7.25,-0.5143419144874415,-0.5143419144874415
2007-02-28,9.25,-0.1693092909485251,-0.1693092909485251
2007-03-01,7.5,-0.47121283654507695,-0.47121283654507695
2007-03-04,8.75,-0.25556744683325416,-0.25556744683325416
2007-03-05,4.5,-0.9887617718534515,-0.9887617718534515
2007-03-06,6.0,-0.7299873041992643,-0.7299873041992643
2007-03-07,4.5,-0.9887617718534515,-0.9887617718534515
2007-03-08,10.25,0.0032070208209331093,0.0032070208209331093
2007-03-11,7.25,-0.5143419144874415,-0.5143419144874415
2007-03-12,8.5,-0.29869652477561875,-0.29869652477561875
2007-03-13,6.25,-0.6868582262568996,-0.6868582262568996
2007-03-14,5.75,-0.7731163821416288,-0.7731163821416288
2007-03-15,5.25,-0.8593745380263579,-0.8593745380263579
2007-03-18,3.25,-1.2044071615652743,-1.2044071615652743
2007-03-19,4.0,-1.0750199277381807,-1.0750199277381807
2007-03-20,5.5,-0.8162454600839933,-0.8162454600839933
2007-03-21,7.5,-0.47121283654507695,-0.47121283654507695
2007-03-22,6.75,-0.6006000703721706,-0.6006000703721706
2007-03-25,8.25,-0.3418256027179833,-0.3418256027179833
2007-03-26,3.5,-1.1612780836229097,-1.1612780836229097
2007-03-27,8.25,-0.3418256027179833,-0.3418256027179833
2007-03-28,4.75,-0.945632693911087,-0.945632693911087
2007-03-29,13.25,0.5207559561293077,0.5207559561293077
2007-04-01,3.0,-1.2475362395076388,-1.2475362395076388
2007-04-02,3.75,-1.1181490056805452,-1.1181490056805452
2007-04-03,5.5,-0.8162454600839933,-0.8162454600839933
2007-04-04,4.5,-0.9887617718534515,-0.9887617718534515
2007-04-08,2.25,-1.3769234733347324,-1.3769234733347324
2007-04-09,4.25,-1.0318908497958161,-1.0318908497958161
2007-04-10,5.0,-0.9025036159687224,-0.9025036159687224
2007-04-11,3.75,-1.1181490056805452,-1.1181490056805452
2007-04-12,5.75,-0.7731163821416288,-0.7731163821416288
2007-04-15,5.25,-0.8593745380263579,-0.8593745380263579
2007-04-16,8.5,-0.29869652477561875,-0.29869652477561875
2007-04-17,5.25,-0.8593745380263579,-0.8593745380263579
2007-04-18,5.75,-0.7731163821416288,-0.7731163821416288
2007-04-19,3.75,-1.1181490056805452,-1.1181490056805452
2007-04-22,5.75,-0.7731163821416288,-0.7731163821416288
2007-04-23,4.75,-0.945632693911087,-0.945632693911087
2007-04-24,5.25,-0.8593745380263579,-0.8593745380263579
2007-04-25,6.0,-0.7299873041992643,-0.7299873041992643
2007-04-26,5.5,-0.8162454600839933,-0.8162454600839933
2007-04-29,8.25,-0.3418256027179833,-0.3418256027179833
2007-04-30,7.25,-0.5143419144874415,-0.5143419144874415
2007-05-01,4.0,-1.0750199277381807,-1.0750199277381807
2007-05-02,8.75,-0.25556744683325416,-0.25556744683325416
2007-05-03,11.5,0.21885241053275586,0.21885241053275586
2007-05-06,3.5,-1.1612780836229097,-1.1612780836229097
2007-05-07,3.0,-1.2475362395076388,-1.2475362395076388
2007-05-08,6.0,-0.7299873041992643,-0.7299873041992643
2007-05-09,5.0,-0.9025036159687224,-0.9025036159687224
2007-05-10,9.25,-0.1693092909485251,-0.1693092909485251
2007-05-13,3.25,-1.2044071615652743,-1.2044071615652743
2007-05-14,6.0,-0.7299873041992643,-0.7299873041992643
2007-05-15,4.0,-1.0750199277381807,-1.0750199277381807
2007-05-16,6.5,-0.6437291483145351,-0.6437291483145351
2007-05-17,8.25,-0.3418256027179833,-0.3418256027179833
2007-05-20,3.75,-1.1181490056805452,-1.1181490056805452
2007-05-21,5.25,-0.8593745380263579,-0.8593745380263579
2007-05-22,5.75,-0.7731163821416288,-0.7731163821416288
2007-05-23,7.25,-0.5143419144874415,-0.5143419144874415
2007-05-24,4.75,-0.945632693911087,-0.945632693911087
2007-05-28,4.25,-1.0318908497958161,-1.0318908497958161
2007-05-29,5.0,-0.9025036159687224,-0.9025036159687224
2007-05-30,7.5,-0.47121283654507695,-0.47121283654507695
2007-05-31,9.5,-0.12618021300616053,-0.12618021300616053
2007-06-03,3.25,-1.2044071615652743,-1.2044071615652743
2007-06-04,6.75,-0.6006000703721706,-0.6006000703721706
2007-06-05,4.0,-1.0750199277381807,-1.0750199277381807
2007-06-06,15.75,0.9520467355529532,0.9520467355529532
2007-06-07,10.5,0.04633609876329766,0.04633609876329766
2007-06-10,4.0,-1.0750199277381807,-1.0750199277381807
2007-06-11,12.75,0.4344978002445786,0.4344978002445786
2007-06-12,10.0,-0.03992205712143144,-0.03992205712143144
2007-06-13,6.25,-0.6868582262568996,-0.6868582262568996
2007-06-14,9.0,-0.21243836889088963,-0.21243836889088963
2007-06-17,4.25,-1.0318908497958161,-1.0318908497958161
2007-06-18,7.75,-0.42808375860271236,-0.42808375860271236
2007-06-19,6.5,-0.6437291483145351,-0.6437291483145351
2007-06-20,8.0,-0.3849546806603478,-0.3849546806603478
2007-06-21,8.75,-0.25556744683325416,-0.25556744683325416
2007-06-24,7.0,-0.557470992429806,-0.557470992429806
2007-06-25,5.75,-0.7731163821416288,-0.7731163821416288
2007-06-26,7.75,-0.42808375860271236,-0.42808375860271236
2007-06-27,4.5,-0.9887617718534515,-0.9887617718534515
2007-06-28,10.0,-0.03992205712143144,-0.03992205712143144
2007-07-01,6.0,-0.7299873041992643,-0.7299873041992643
2007-07-02,7.5,-0.47121283654507695,-0.47121283654507695
2007-07-04,10.0,-0.03992205712143144,-0.03992205712143144
2007-07-05,8.25,-0.3418256027179833,-0.3418256027179833
2007-07-08,5.75,-0.7731163821416288,-0.7731163821416288
2007-07-09,14.5,0.7364013458411305,0.7364013458411305
2007-07-10,11.5,0.21885241053275586,0.21885241053275586
2007-07-11,10.5,0.04633609876329766,0.04633609876329766
2007-07-12,7.0,-0.557470992429806,-0.557470992429806
2007-07-15,7.5,-0.47121283654507695,-0.47121283654507695
2007-07-16,7.0,-0.557470992429806,-0.557470992429806
2007-07-17,9.25,-0.1693092909485251,-0.1693092909485251
2007-07-18,6.25,-0.6868582262568996,-0.6868582262568996
2007-07-19,12.5,0.39136872230221403,0.39136872230221403
2007-07-22,5.25,-0.8593745380263579,-0.8593745380263579
2007-07-23,7.5,-0.47121283654507695,-0.47121283654507695
2007-07-24,6.25,-0.6868582262568996,-0.6868582262568996
2007-07-25,18.75,1.4695956708613278,1.4695956708613278
2007-07-26,10.0,-0.03992205712143144,-0.03992205712143144
2007-07-29,9.25,-0.1693092909485251,-0.1693092909485251
2007-07-30,13.25,0.5207559561293077,0.5207559561293077
2007-07-31,12.0,0.30511056641748496,0.30511056641748496
2007-08-01,6.5,-0.6437291483145351,-0.6437291483145351
2007-08-02,13.0,0.47762687818694316,0.47762687818694316
2007-08-05,10.0,-0.03992205712143144,-0.03992205712143144
2007-08-06,10.75,0.0894651767056622,0.0894651767056622
2007-08-07,12.25,0.3482396443598495,0.3482396443598495
2007-08-08,16.75,1.1245630473224113,1.1245630473224113
2007-08-09,11.5,0.21885241053275586,0.21885241053275586
2007-08-12,9.25,-0.1693092909485251,-0.1693092909485251
2007-08-13,11.25,0.1757233325903913,0.1757233325903913
2007-08-14,9.25,-0.1693092909485251,-0.1693092909485251
2007-08-15,17.75,1.2970793590918697,1.2970793590918697
2007-08-16,14.0,0.6501431899564013,0.6501431899564013
2007-08-19,9.75,-0.083051135063796,-0.083051135063796
2007-08-20,9.0,-0.21243836889088963,-0.21243836889088963
2007-08-21,10.0,-0.03992205712143144,-0.03992205712143144
2007-08-22,11.25,0.1757233325903913,0.1757233325903913
2007-08-23,5.75,-0.7731163821416288,-0.7731163821416288
2007-08-26,10.25,0.0032070208209331093,0.0032070208209331093
2007-08-27,12.0,0.30511056641748496,0.30511056641748496
2007-08-28,9.75,-0.083051135063796,-0.083051135063796
2007-08-29,9.5,-0.12618021300616053,-0.12618021300616053
2007-08-30,9.25,-0.1693092909485251,-0.1693092909485251
2007-09-03,7.75,-0.42808375860271236,-0.42808375860271236
2007-09-04,13.5,0.5638850340716722,0.5638850340716722
2007-09-05,7.25,-0.5143419144874415,-0.5143419144874415
2007-09-06,19.0,1.5127247488036923,1.5127247488036923
2007-09-09,9.0,-0.21243836889088963,-0.21243836889088963
2007-09-10,6.75,-0.6006000703721706,-0.6006000703721706
2007-09-11,9.75,-0.083051135063796,-0.083051135063796
2007-09-12,12.5,0.39136872230221403,0.39136872230221403
2007-09-13,10.25,0.0032070208209331093,0.0032070208209331093
2007-09-16,6.5,-0.6437291483145351,-0.6437291483145351
2007-09-17,10.25,0.0032070208209331093,0.0032070208209331093
2007-09-18,9.75,-0.083051135063796,-0.083051135063796
2007-09-19,18.5,1.4264665929189633,1.4264665929189633
2007-09-20,9.0,-0.21243836889088963,-0.21243836889088963
2007-09-23,6.0,-0.7299873041992643,-0.7299873041992643
2007-09-24,9.25,-0.1693092909485251,-0.1693092909485251
2007-09-25,7.0,-0.557470992429806,-0.557470992429806
2007-09-26,10.0,-0.03992205712143144,-0.03992205712143144
2007-09-27,9.0,-0.21243836889088963,-0.21243836889088963
2007-09-30,6.75,-0.6006000703721706,-0.6006000703721706
2007-10-01,10.0,-0.03992205712143144,-0.03992205712143144
2007-10-02,9.5,-0.12618021300616053,-0.12618021300616053
2007-10-03,7.75,-0.42808375860271236,-0.42808375860271236
2007-10-04,16.75,1.1245630473224113,1.1245630473224113
2007-10-08,7.0,-0.557470992429806,-0.557470992429806
2007-10-09,7.25,-0.5143419144874415,-0.5143419144874415
2007-10-10,8.75,-0.25556744683325416,-0.25556744683325416
2007-10-11,7.5,-0.47121283654507695,-0.47121283654507695
2007-10-14,7.25,-0.5143419144874415,-0.5143419144874415
2007-10-15,7.5,-0.47121283654507695,-0.47121283654507695
2007-10-16,15.0,0.8226595017258596,0.8226595017258596
2007-10-17,8.75,-0.25556744683325416,-0.25556744683325416
2007-10-18,14.25,0.693272267898766,0.693272267898766
2007-10-21,10.75,0.0894651767056622,0.0894651767056622
2007-10-22,7.0,-0.557470992429806,-0.557470992429806
2007-10-23,11.25,0.1757233325903913,0.1757233325903913
2007-10-24,7.0,-0.557470992429806,-0.557470992429806
2007-10-25,7.75,-0.42808375860271236,-0.42808375860271236
2007-10-28,7.0,-0.557470992429806,-0.557470992429806
2007-10-29,4.0,-1.0750199277381807,-1.0750199277381807
2007-10-30,11.75,0.2619814884751204,0.2619814884751204
2007-10-31,20.25,1.728370138515515,1.728370138515515
2007-11-01,16.75,1.1245630473224113,1.1245630473224113
2007-11-04,8.75,-0.25556744683325416,-0.25556744683325416
2007-11-05,7.75,-0.42808375860271236,-0.42808375860271236
2007-11-06,9.25,-0.1693092909485251,-0.1693092909485251
2007-11-07,9.5,-0.12618021300616053,-0.12618021300616053
2007-11-08,10.25,0.0032070208209331093,0.0032070208209331093
2007-11-12,9.0,-0.21243836889088963,-0.21243836889088963
2007-11-13,7.5,-0.47121283654507695,-0.47121283654507695
2007-11-14,15.5,0.9089176576105886,0.9089176576105886
2007-11-15,7.25,-0.5143419144874415,-0.5143419144874415
2007-11-18,18.0,1.3402084370342342,1.3402084370342342
2007-11-19,11.25,0.1757233325903913,0.1757233325903913
2007-11-20,14.0,0.6501431899564013,0.6501431899564013
2007-11-22,7.0,-0.557470992429806,-0.557470992429806
2007-11-25,30.75,3.5397914120948264,3.5397914120948264
2007-11-26,20.0,1.6852410605731505,1.6852410605731505
2007-11-27,12.5,0.39136872230221403,0.39136872230221403
2007-11-28,18.75,1.4695956708613278,1.4695956708613278
2007-11-29,14.0,0.6501431899564013,0.6501431899564013
2007-12-02,13.75,0.6070141120140368,0.6070141120140368
2007-12-03,9.25,-0.1693092909485251,-0.1693092909485251
2007-12-04,10.5,0.04633609876329766,0.04633609876329766
2007-12-05,7.75,-0.42808375860271236,-0.42808375860271236
2007-12-06,17.25,1.2108212032071404,1.2108212032071404
2007-12-09,11.25,0.1757233325903913,0.1757233325903913
2007-12-10,24.25,2.418435385593348,2.418435385593348
2007-12-11,25.0,2.5478226194204416,2.5478226194204416
2007-12-12,14.5,0.7364013458411305,0.7364013458411305
2007-12-13,8.75,-0.25556744683325416,-0.25556744683325416
2007-12-16,11.25,0.1757233325903913,0.1757233325903913
2007-12-17,9.25,-0.1693092909485251,-0.1693092909485251
2007-12-18,10.75,0.0894651767056622,0.0894651767056622
2007-12-19,10.5,0.04633609876329766,0.04633609876329766
2007-12-20,16.0,0.9951758134953177,0.9951758134953177
2007-12-23,7.0,-0.557470992429806,-0.557470992429806
2007-12-25,12.5,0.39136872230221403,0.39136872230221403
2007-12-26,12.5,0.39136872230221403,0.39136872230221403
2007-12-27,17.25,1.2108212032071404,1.2108212032071404
2007-12-30,9.5,-0.12618021300616053,-0.12618021300616053
2008-01-01,23.0,2.202789995881525,2.202789995881525
2008-01-02,10.5,0.04633609876329766,0.04633609876329766
2008-01-03,15.75,0.9520467355529532,0.9520467355529532
2008-01-06,9.25,-0.1693092909485251,-0.1693092909485251
2008-01-07,16.25,1.0383048914376822,1.0383048914376822
2008-01-08,9.75,-0.083051135063796,-0.083051135063796
2008-01-09,11.25,0.1757233325903913,0.1757233325903913
2008-01-10,13.5,0.5638850340716722,0.5638850340716722
2008-01-13,7.0,-0.557470992429806,-0.557470992429806
2008-01-14,14.0,0.6501431899564013,0.6501431899564013
2008-01-15,14.75,0.779530423783495,0.779530423783495
2008-01-16,17.5,1.2539502811495051,1.2539502811495051
2008-01-17,9.25,-0.1693092909485251,-0.1693092909485251
2008-01-21,23.25,2.2459190738238894,2.2459190738238894
2008-01-22,38.75,4.919921906250492,4.919921906250492
2008-01-23,27.75,3.022242476786452,3.022242476786452
2008-01-24,23.75,2.332177229708619,2.332177229708619
2008-01-27,12.0,0.30511056641748496,0.30511056641748496
2008-01-28,14.75,0.779530423783495,0.779530423783495
2008-01-29,16.5,1.0814339693800468,1.0814339693800468
2008-01-30,13.0,0.47762687818694316,0.47762687818694316
2008-01-31,17.0,1.1676921252647758,1.1676921252647758
2008-02-03,7.5,-0.47121283654507695,-0.47121283654507695
2008-02-04,17.25,1.2108212032071404,1.2108212032071404
2008-02-05,10.25,0.0032070208209331093,0.0032070208209331093
2008-02-06,30.0,3.410404178267733,3.410404178267733
2008-02-07,15.75,0.9520467355529532,0.9520467355529532
2008-02-10,12.25,0.3482396443598495,0.3482396443598495
2008-02-11,15.25,0.8657885796682241,0.8657885796682241
2008-02-12,10.25,0.0032070208209331093,0.0032070208209331093
2008-02-13,15.75,0.9520467355529532,0.9520467355529532
2008-02-14,10.5,0.04633609876329766,0.04633609876329766
2008-02-18,17.5,1.2539502811495051,1.2539502811495051
2008-02-19,12.75,0.4344978002445786,0.4344978002445786
2008-02-20,24.0,2.3753063076509835,2.3753063076509835
2008-02-21,10.25,0.0032070208209331093,0.0032070208209331093
2008-02-24,12.75,0.4344978002445786,0.4344978002445786
2008-02-25,11.75,0.2619814884751204,0.2619814884751204
2008-02-26,14.25,0.693272267898766,0.693272267898766
2008-02-27,25.0,2.5478226194204416,2.5478226194204416
2008-02-28,20.75,1.814628294400244,1.814628294400244
2008-03-02,9.5,-0.12618021300616053,-0.12618021300616053
2008-03-03,15.25,0.8657885796682241,0.8657885796682241
2008-03-04,15.25,0.8657885796682241,0.8657885796682241
2008-03-05,15.25,0.8657885796682241,0.8657885796682241
2008-03-06,18.0,1.3402084370342342,1.3402084370342342
2008-03-09,16.75,1.1245630473224113,1.1245630473224113
2008-03-10,26.0,2.7203389311899,2.7203389311899
2008-03-11,23.25,2.2459190738238894,2.2459190738238894
2008-03-12,18.0,1.3402084370342342,1.3402084370342342
2008-03-13,25.5,2.6340807753051707,2.6340807753051707
2008-03-16,16.25,1.0383048914376822,1.0383048914376822
2008-03-17,18.75,1.4695956708613278,1.4695956708613278
2008-03-18,19.5,1.5989829046884214,1.5989829046884214
2008-03-19,8.75,-0.25556744683325416,-0.25556744683325416
2008-03-23,27.75,3.022242476786452,3.022242476786452
2008-03-24,12.0,0.30511056641748496,0.30511056641748496
2008-03-25,10.25,0.0032070208209331093,0.0032070208209331093
2008-03-26,14.25,0.693272267898766,0.693272267898766
2008-03-27,14.25,0.693272267898766,0.693272267898766
2008-03-30,10.75,0.0894651767056622,0.0894651767056622
2008-03-31,27.25,2.935984320901723,2.935984320901723
2008-04-01,11.75,0.2619814884751204,0.2619814884751204
2008-04-02,12.25,0.3482396443598495,0.3482396443598495
2008-04-03,19.75,1.642111982630786,1.642111982630786
2008-04-06,21.75,1.9871446061697025,1.9871446061697025
2008-04-07,9.5,-0.12618021300616053,-0.12618021300616053
2008-04-08,20.0,1.6852410605731505,1.6852410605731505
2008-04-09,17.75,1.2970793590918697,1.2970793590918697
2008-04-10,17.75,1.2970793590918697,1.2970793590918697
2008-04-13,14.0,0.6501431899564013,0.6501431899564013
2008-04-14,17.0,1.1676921252647758,1.1676921252647758
2008-04-15,16.25,1.0383048914376822,1.0383048914376822
2008-04-16,11.5,0.21885241053275586,0.21885241053275586
2008-04-17,21.0,1.8577573723426086,1.8577573723426086
2008-04-20,9.5,-0.12618021300616053,-0.12618021300616053
2008-04-21,9.5,-0.12618021300616053,-0.12618021300616053
2008-04-22,10.75,0.0894651767056622,0.0894651767056622
2008-04-23,19.25,1.5558538267460569,1.5558538267460569
2008-04-24,13.0,0.47762687818694316,0.47762687818694316
2008-04-27,10.0,-0.03992205712143144,-0.03992205712143144
2008-04-28,8.75,-0.25556744683325416,-0.25556744683325416
2008-04-29,17.5,1.2539502811495051,1.2539502811495051
2008-04-30,13.5,0.5638850340716722,0.5638850340716722
2008-05-01,23.5,2.2890481517662544,2.2890481517662544
2008-05-04,12.25,0.3482396443598495,0.3482396443598495
2008-05-05,13.75,0.6070141120140368,0.6070141120140368
2008-05-06,13.5,0.5638850340716722,0.5638850340716722
2008-05-07,14.75,0.779530423783495,0.779530423783495
2008-05-08,8.75,-0.25556744683325416,-0.25556744683325416
2008-05-11,9.0,-0.21243836889088963,-0.21243836889088963
2008-05-12,22.0,2.0302736841120668,2.0302736841120668
2008-05-13,14.5,0.7364013458411305,0.7364013458411305
2008-05-14,17.25,1.2108212032071404,1.2108212032071404
2008-05-15,15.5,0.9089176576105886,0.9089176576105886
2008-05-18,10.0,-0.03992205712143144,-0.03992205712143144
2008-05-19,12.75,0.4344978002445786,0.4344978002445786
2008-05-20,10.0,-0.03992205712143144,-0.03992205712143144
2008-05-21,21.25,1.9008864502849732,1.9008864502849732
2008-05-22,17.25,1.2108212032071404,1.2108212032071404
2008-05-26,14.25,0.693272267898766,0.693272267898766
2008-05-27,17.0,1.1676921252647758,1.1676921252647758
2008-05-28,16.75,1.1245630473224113,1.1245630473224113
2008-05-29,8.75,-0.25556744683325416,-0.25556744683325416
2008-06-01,19.25,1.5558538267460569,1.5558538267460569
2008-06-02,21.75,1.9871446061697025,1.9871446061697025
2008-06-03,14.75,0.779530423783495,0.779530423783495
2008-06-04,13.5,0.5638850340716722,0.5638850340716722
2008-06-05,24.0,2.3753063076509835,2.3753063076509835
2008-06-08,25.0,2.5478226194204416,2.5478226194204416
2008-06-09,14.75,0.779530423783495,0.779530423783495
2008-06-10,16.25,1.0383048914376822,1.0383048914376822
2008-06-11,21.25,1.9008864502849732,1.9008864502849732
2008-06-12,13.5,0.5638850340716722,0.5638850340716722
2008-06-15,8.5,-0.29869652477561875,-0.29869652477561875
2008-06-16,11.75,0.2619814884751204,0.2619814884751204
2008-06-17,13.0,0.47762687818694316,0.47762687818694316
2008-06-18,14.75,0.779530423783495,0.779530423783495
2008-06-30,14.25,0.693272267898766,0.693272267898766
2008-07-01,11.75,0.2619814884751204,0.2619814884751204
2008-07-02,11.0,0.13259425464802677,0.13259425464802677
2008-07-06,20.5,1.7714992164578796,1.7714992164578796
2008-07-07,9.75,-0.083051135063796,-0.083051135063796
2008-07-08,14.75,0.779530423783495,0.779530423783495
2008-07-09,9.0,-0.21243836889088963,-0.21243836889088963
2008-07-10,25.25,2.590951697362806,2.590951697362806
2008-07-13,25.75,2.6772098532475352,2.6772098532475352
2008-07-14,17.75,1.2970793590918697,1.2970793590918697
2008-07-15,18.0,1.3402084370342342,1.3402084370342342
2008-07-16,20.25,1.728370138515515,1.728370138515515
2008-07-17,16.25,1.0383048914376822,1.0383048914376822
2008-07-20,11.75,0.2619814884751204,0.2619814884751204
2008-07-21,16.5,1.0814339693800468,1.0814339693800468
2008-07-22,9.25,-0.1693092909485251,-0.1693092909485251
2008-07-23,18.75,1.4695956708613278,1.4695956708613278
2008-07-24,18.0,1.3402084370342342,1.3402084370342342
2008-07-27,17.25,1.2108212032071404,1.2108212032071404
2008-07-28,12.5,0.39136872230221403,0.39136872230221403
2008-07-29,14.5,0.7364013458411305,0.7364013458411305
2008-07-30,18.75,1.4695956708613278,1.4695956708613278
2008-07-31,11.5,0.21885241053275586,0.21885241053275586
2008-08-03,8.5,-0.29869652477561875,-0.29869652477561875
2008-08-04,8.0,-0.3849546806603478,-0.3849546806603478
2008-08-05,13.5,0.5638850340716722,0.5638850340716722
2008-08-06,21.0,1.8577573723426086,1.8577573723426086
2008-08-07,8.25,-0.3418256027179833,-0.3418256027179833
2008-08-10,17.5,1.2539502811495051,1.2539502811495051
2008-08-11,16.0,0.9951758134953177,0.9951758134953177
2008-08-12,12.25,0.3482396443598495,0.3482396443598495
2008-08-13,12.25,0.3482396443598495,0.3482396443598495
2008-08-14,12.75,0.4344978002445786,0.4344978002445786
2008-08-17,7.5,-0.47121283654507695,-0.47121283654507695
2008-08-18,8.5,-0.29869652477561875,-0.29869652477561875
2008-08-19,12.0,0.30511056641748496,0.30511056641748496
2008-08-20,11.75,0.2619814884751204,0.2619814884751204
2008-08-21,11.25,0.1757233325903913,0.1757233325903913
2008-08-24,17.5,1.2539502811495051,1.2539502811495051
2008-08-25,8.0,-0.3849546806603478,-0.3849546806603478
2008-08-26,13.0,0.47762687818694316,0.47762687818694316
2008-08-27,8.5,-0.29869652477561875,-0.29869652477561875
2008-08-28,15.25,0.8657885796682241,0.8657885796682241
2008-09-01,20.25,1.728370138515515,1.728370138515515
2008-09-02,8.5,-0.29869652477561875,-0.29869652477561875
2008-09-03,11.75,0.2619814884751204,0.2619814884751204
2008-09-04,25.0,2.5478226194204416,2.5478226194204416
2008-09-07,26.0,2.7203389311899,2.7203389311899
2008-09-08,18.75,1.4695956708613278,1.4695956708613278
2008-09-09,14.75,0.779530423783495,0.779530423783495
2008-09-10,14.0,0.6501431899564013,0.6501431899564013
2008-09-11,16.5,1.0814339693800468,1.0814339693800468
2008-09-14,28.5,3.1516297106135456,3.1516297106135456
2008-09-15,31.5,3.66917864592192,3.66917864592192
2008-09-16,32.0,3.755436801806649,3.755436801806649
2008-09-17,22.5,2.116531839996796,2.116531839996796
2008-09-18,35.0,4.2729857371150235,4.2729857371150235
2008-09-21,18.0,1.3402084370342342,1.3402084370342342
2008-09-22,14.5,0.7364013458411305,0.7364013458411305
2008-09-23,17.25,1.2108212032071404,1.2108212032071404
2008-09-24,18.25,1.3833375149765987,1.3833375149765987
2008-09-25,12.25,0.3482396443598495,0.3482396443598495
2008-09-28,59.5,8.499635375466749,8.499635375466749
2008-09-29,37.75,4.747405594481034,4.747405594481034
2008-09-30,22.5,2.116531839996796,2.116531839996796
2008-10-01,14.5,0.7364013458411305,0.7364013458411305
2008-10-02,27.25,2.935984320901723,2.935984320901723
2008-10-05,26.75,2.849726165016994,2.849726165016994
2008-10-06,16.5,1.0814339693800468,1.0814339693800468
2008-10-07,61.0,8.758409843120937,8.758409843120937
2008-10-08,30.5,3.496662334152462,3.496662334152462
2008-10-09,36.75,4.574889282711576,4.574889282711576
2008-10-12,15.25,0.8657885796682241,0.8657885796682241
2008-10-13,20.5,1.7714992164578796,1.7714992164578796
2008-10-14,15.75,0.9520467355529532,0.9520467355529532
2008-10-15,22.25,2.0734027620544313,2.0734027620544313
2008-10-16,22.75,2.1596609179391604,2.1596609179391604
2008-10-19,27.5,2.9791133988440874,2.9791133988440874
2008-10-20,24.25,2.418435385593348,2.418435385593348
2008-10-21,18.5,1.4264665929189633,1.4264665929189633
2008-10-22,20.5,1.7714992164578796,1.7714992164578796
2008-10-23,26.0,2.7203389311899,2.7203389311899
2008-10-26,19.5,1.5989829046884214,1.5989829046884214
2008-10-27,21.75,1.9871446061697025,1.9871446061697025
2008-10-28,21.0,1.8577573723426086,1.8577573723426086
2008-10-29,15.75,0.9520467355529532,0.9520467355529532
2008-10-30,26.5,2.8065970870746293,2.8065970870746293
2008-11-02,16.75,1.1245630473224113,1.1245630473224113
2008-11-03,33.0,3.927953113576107,3.927953113576107
2008-11-04,16.5,1.0814339693800468,1.0814339693800468
2008-11-05,19.75,1.642111982630786,1.642111982630786
2008-11-06,18.25,1.3833375149765987,1.3833375149765987
2008-11-09,21.5,1.944015528227338,1.944015528227338
2008-11-10,11.0,0.13259425464802677,0.13259425464802677
2008-11-11,20.75,1.814628294400244,1.814628294400244
2008-11-12,22.25,2.0734027620544313,2.0734027620544313
2008-11-13,22.25,2.0734027620544313,2.0734027620544313
2008-11-16,11.75,0.2619814884751204,0.2619814884751204
2008-11-17,17.25,1.2108212032071404,1.2108212032071404
2008-11-18,19.75,1.642111982630786,1.642111982630786
2008-11-19,39.75,5.09243821801995,5.09243821801995
2008-11-20,25.25,2.590951697362806,2.590951697362806
2008-11-23,18.25,1.3833375149765987,1.3833375149765987
2008-11-24,37.25,4.661147438596305,4.661147438596305
2008-11-25,28.75,3.19475878855591,3.19475878855591
2008-11-27,20.75,1.814628294400244,1.814628294400244
2008-11-30,48.0,6.51569779011798,6.51569779011798
2008-12-01,20.0,1.6852410605731505,1.6852410605731505
2008-12-02,21.75,1.9871446061697025,1.9871446061697025
2008-12-03,19.25,1.5558538267460569,1.5558538267460569
2008-12-04,29.0,3.2378878664982746,3.2378878664982746
2008-12-07,21.0,1.8577573723426086,1.8577573723426086
2008-12-08,19.25,1.5558538267460569,1.5558538267460569
2008-12-09,20.5,1.7714992164578796,1.7714992164578796
2008-12-10,25.5,2.6340807753051707,2.6340807753051707
2008-12-11,39.0,4.963050984192857,4.963050984192857
2008-12-14,20.25,1.728370138515515,1.728370138515515
2008-12-15,49.25,6.731343179829803,6.731343179829803
2008-12-16,20.5,1.7714992164578796,1.7714992164578796
2008-12-17,14.5,0.7364013458411305,0.7364013458411305
2008-12-18,19.0,1.5127247488036923,1.5127247488036923
2008-12-21,13.0,0.47762687818694316,0.47762687818694316
2008-12-22,11.25,0.1757233325903913,0.1757233325903913
2008-12-23,26.5,2.8065970870746293,2.8065970870746293
2008-12-25,11.75,0.2619814884751204,0.2619814884751204
2008-12-28,19.0,1.5127247488036923,1.5127247488036923
2008-12-29,17.5,1.2539502811495051,1.2539502811495051
2008-12-30,35.5,4.359243892999753,4.359243892999753
2009-01-01,40.25,5.178696373904679,5.178696373904679
2009-01-04,18.5,1.4264665929189633,1.4264665929189633
2009-01-05,26.0,2.7203389311899,2.7203389311899
2009-01-06,13.75,0.6070141120140368,0.6070141120140368
2009-01-07,22.75,2.1596609179391604,2.1596609179391604
2009-01-08,23.5,2.2890481517662544,2.2890481517662544
2009-01-11,20.0,1.6852410605731505,1.6852410605731505
2009-01-12,9.75,-0.083051135063796,-0.083051135063796
2009-01-13,26.75,2.849726165016994,2.849726165016994
2009-01-14,12.75,0.4344978002445786,0.4344978002445786
2009-01-15,23.5,2.2890481517662544,2.2890481517662544
2009-01-19,30.75,3.5397914120948264,3.5397914120948264
2009-01-20,22.25,2.0734027620544313,2.0734027620544313
2009-01-21,21.75,1.9871446061697025,1.9871446061697025
2009-01-22,23.0,2.202789995881525,2.202789995881525
2009-01-25,15.0,0.8226595017258596,0.8226595017258596
2009-01-26,22.5,2.116531839996796,2.116531839996796
2009-01-27,21.75,1.9871446061697025,1.9871446061697025
2009-01-28,27.25,2.935984320901723,2.935984320901723
2009-01-29,18.0,1.3402084370342342,1.3402084370342342
2009-02-01,21.0,1.8577573723426086,1.8577573723426086
2009-02-02,27.5,2.9791133988440874,2.9791133988440874
2009-02-03,16.25,1.0383048914376822,1.0383048914376822
2009-02-04,14.0,0.6501431899564013,0.6501431899564013
2009-02-05,16.0,0.9951758134953177,0.9951758134953177
2009-02-08,11.75,0.2619814884751204,0.2619814884751204
2009-02-09,29.25,3.281016944440639,3.281016944440639
2009-02-10,13.75,0.6070141120140368,0.6070141120140368
2009-02-11,12.75,0.4344978002445786,0.4344978002445786
2009-02-12,21.0,1.8577573723426086,1.8577573723426086
2009-02-16,32.75,3.8848240356337427,3.8848240356337427
2009-02-17,24.5,2.4615644635357126,2.4615644635357126
2009-02-18,22.25,2.0734027620544313,2.0734027620544313
2009-02-19,25.5,2.6340807753051707,2.6340807753051707
2009-02-22,16.75,1.1245630473224113,1.1245630473224113
2009-02-23,17.25,1.2108212032071404,1.2108212032071404
2009-02-24,24.25,2.418435385593348,2.418435385593348
2009-02-25,15.5,0.9089176576105886,0.9089176576105886
2009-02-26,17.75,1.2970793590918697,1.2970793590918697
2009-03-01,23.75,2.332177229708619,2.332177229708619
2009-03-02,13.5,0.5638850340716722,0.5638850340716722
2009-03-03,21.75,1.9871446061697025,1.9871446061697025
2009-03-04,28.5,3.1516297106135456,3.1516297106135456
2009-03-05,16.5,1.0814339693800468,1.0814339693800468
2009-03-08,13.25,0.5207559561293077,0.5207559561293077
2009-03-09,18.5,1.4264665929189633,1.4264665929189633
2009-03-10,19.25,1.5558538267460569,1.5558538267460569
2009-03-11,13.25,0.5207559561293077,0.5207559561293077
2009-03-12,20.75,1.814628294400244,1.814628294400244
2009-03-15,13.5,0.5638850340716722,0.5638850340716722
2009-03-16,15.0,0.8226595017258596,0.8226595017258596
2009-03-17,74.5,11.087380052008621,11.087380052008621
2009-03-18,17.75,1.2970793590918697,1.2970793590918697
2009-03-19,13.25,0.5207559561293077,0.5207559561293077
2009-03-22,12.0,0.30511056641748496,0.30511056641748496
2009-03-23,14.25,0.693272267898766,0.693272267898766
2009-03-24,19.25,1.5558538267460569,1.5558538267460569
2009-03-25,16.5,1.0814339693800468,1.0814339693800468
2009-03-26,13.0,0.47762687818694316,0.47762687818694316
2009-03-29,13.5,0.5638850340716722,0.5638850340716722
2009-03-30,11.5,0.21885241053275586,0.21885241053275586
2009-03-31,8.25,-0.3418256027179833,-0.3418256027179833
2009-04-01,22.5,2.116531839996796,2.116531839996796
2009-04-02,23.25,2.2459190738238894,2.2459190738238894
2009-04-05,10.0,-0.03992205712143144,-0.03992205712143144
2009-04-06,8.0,-0.3849546806603478,-0.3849546806603478
2009-04-07,11.5,0.21885241053275586,0.21885241053275586
2009-04-08,13.25,0.5207559561293077,0.5207559561293077
2009-04-12,17.0,1.1676921252647758,1.1676921252647758
2009-04-13,13.5,0.5638850340716722,0.5638850340716722
2009-04-14,9.5,-0.12618021300616053,-0.12618021300616053
2009-04-15,12.0,0.30511056641748496,0.30511056641748496
2009-04-16,20.0,1.6852410605731505,1.6852410605731505
2009-04-19,16.75,1.1245630473224113,1.1245630473224113
2009-04-20,18.5,1.4264665929189633,1.4264665929189633
2009-04-21,12.5,0.39136872230221403,0.39136872230221403
2009-04-22,10.5,0.04633609876329766,0.04633609876329766
2009-04-23,12.25,0.3482396443598495,0.3482396443598495
2009-04-26,11.0,0.13259425464802677,0.13259425464802677
2009-04-27,18.75,1.4695956708613278,1.4695956708613278
2009-04-28,23.25,2.2459190738238894,2.2459190738238894
2009-04-29,11.25,0.1757233325903913,0.1757233325903913
2009-04-30,10.5,0.04633609876329766,0.04633609876329766
2009-05-03,8.25,-0.3418256027179833,-0.3418256027179833
2009-05-04,8.75,-0.25556744683325416,-0.25556744683325416
2009-05-05,13.5,0.5638850340716722,0.5638850340716722
2009-05-06,19.0,1.5127247488036923,1.5127247488036923
2009-05-07,15.25,0.8657885796682241,0.8657885796682241
2009-05-10,15.5,0.9089176576105886,0.9089176576105886
2009-05-11,10.25,0.0032070208209331093,0.0032070208209331093
2009-05-12,15.25,0.8657885796682241,0.8657885796682241
2009-05-13,9.25,-0.1693092909485251,-0.1693092909485251
2009-05-14,11.75,0.2619814884751204,0.2619814884751204
2009-05-17,18.75,1.4695956708613278,1.4695956708613278
2009-05-18,7.0,-0.557470992429806,-0.557470992429806
2009-05-19,13.25,0.5207559561293077,0.5207559561293077
2009-05-20,27.0,2.8928552429593584,2.8928552429593584
2009-05-21,16.5,1.0814339693800468,1.0814339693800468
2009-05-25,20.5,1.7714992164578796,1.7714992164578796
2009-05-26,24.75,2.504693541478077,2.504693541478077
2009-05-27,17.5,1.2539502811495051,1.2539502811495051
2009-05-28,18.0,1.3402084370342342,1.3402084370342342
2009-05-31,25.25,2.590951697362806,2.590951697362806
2009-06-01,12.5,0.39136872230221403,0.39136872230221403
2009-06-02,14.75,0.779530423783495,0.779530423783495
2009-06-03,22.0,2.0302736841120668,2.0302736841120668
2009-06-04,27.25,2.935984320901723,2.935984320901723
2009-06-07,12.5,0.39136872230221403,0.39136872230221403
2009-06-08,8.75,-0.25556744683325416,-0.25556744683325416
2009-06-09,13.0,0.47762687818694316,0.47762687818694316
2009-06-10,24.5,2.4615644635357126,2.4615644635357126
2009-06-11,10.0,-0.03992205712143144,-0.03992205712143144
2009-06-14,24.5,2.4615644635357126,2.4615644635357126
2009-06-15,14.75,0.779530423783495,0.779530423783495
2009-06-16,14.5,0.7364013458411305,0.7364013458411305
2009-06-17,22.25,2.0734027620544313,2.0734027620544313
2009-06-18,13.25,0.5207559561293077,0.5207559561293077
2009-06-21,16.0,0.9951758134953177,0.9951758134953177
2009-06-22,12.0,0.30511056641748496,0.30511056641748496
2009-06-23,17.75,1.2970793590918697,1.2970793590918697
2009-06-24,24.25,2.418435385593348,2.418435385593348
2009-06-25,11.0,0.13259425464802677,0.13259425464802677
2009-06-28,9.75,-0.083051135063796,-0.083051135063796
2009-06-29,13.5,0.5638850340716722,0.5638850340716722
2009-06-30,11.25,0.1757233325903913,0.1757233325903913
2009-07-01,14.5,0.7364013458411305,0.7364013458411305
2009-07-05,7.0,-0.557470992429806,-0.557470992429806
2009-07-06,13.5,0.5638850340716722,0.5638850340716722
2009-07-07,23.0,2.202789995881525,2.202789995881525
2009-07-08,12.25,0.3482396443598495,0.3482396443598495
2009-07-09,17.75,1.2970793590918697,1.2970793590918697
2009-07-12,12.75,0.4344978002445786,0.4344978002445786
2009-07-13,15.0,0.8226595017258596,0.8226595017258596
2009-07-14,20.75,1.814628294400244,1.814628294400244
2009-07-15,12.5,0.39136872230221403,0.39136872230221403
2009-07-16,16.0,0.9951758134953177,0.9951758134953177
2009-07-19,20.75,1.814628294400244,1.814628294400244
2009-07-20,25.25,2.590951697362806,2.590951697362806
2009-07-21,12.5,0.39136872230221403,0.39136872230221403
2009-07-22,24.25,2.418435385593348,2.418435385593348
2009-07-23,7.75,-0.42808375860271236,-0.42808375860271236
2009-07-26,13.75,0.6070141120140368,0.6070141120140368
2009-07-27,15.0,0.8226595017258596,0.8226595017258596
2009-07-28,16.25,1.0383048914376822,1.0383048914376822
2009-07-29,14.75,0.779530423783495,0.779530423783495
2009-07-30,22.5,2.116531839996796,2.116531839996796
2009-08-02,24.0,2.3753063076509835,2.3753063076509835
2009-08-03,15.0,0.8226595017258596,0.8226595017258596
2009-08-04,17.0,1.1676921252647758,1.1676921252647758
2009-08-05,10.75,0.0894651767056622,0.0894651767056622
2009-08-06,19.25,1.5558538267460569,1.5558538267460569
2009-08-09,16.25,1.0383048914376822,1.0383048914376822
2009-08-10,14.25,0.693272267898766,0.693272267898766
2009-08-11,18.0,1.3402084370342342,1.3402084370342342
2009-08-12,24.25,2.418435385593348,2.418435385593348
2009-08-13,16.5,1.0814339693800468,1.0814339693800468
2009-08-16,12.5,0.39136872230221403,0.39136872230221403
2009-08-17,6.75,-0.6006000703721706,-0.6006000703721706
2009-08-18,14.75,0.779530423783495,0.779530423783495
2009-08-19,10.0,-0.03992205712143144,-0.03992205712143144
2009-08-20,24.75,2.504693541478077,2.504693541478077
2009-08-23,14.0,0.6501431899564013,0.6501431899564013
2009-08-24,10.25,0.0032070208209331093,0.0032070208209331093
2009-08-25,6.5,-0.6437291483145351,-0.6437291483145351
2009-08-26,13.25,0.5207559561293077,0.5207559561293077
2009-08-27,12.0,0.30511056641748496,0.30511056641748496
2009-08-30,10.5,0.04633609876329766,0.04633609876329766
2009-08-31,15.5,0.9089176576105886,0.9089176576105886
2009-09-01,11.25,0.1757233325903913,0.1757233325903913
2009-09-02,7.25,-0.5143419144874415,-0.5143419144874415
2009-09-03,12.5,0.39136872230221403,0.39136872230221403
2009-09-07,8.0,-0.3849546806603478,-0.3849546806603478
2009-09-08,7.75,-0.42808375860271236,-0.42808375860271236
2009-09-09,17.25,1.2108212032071404,1.2108212032071404
2009-09-10,18.0,1.3402084370342342,1.3402084370342342
2009-09-13,10.0,-0.03992205712143144,-0.03992205712143144
2009-09-14,9.5,-0.12618021300616053,-0.12618021300616053
2009-09-15,15.5,0.9089176576105886,0.9089176576105886
2009-09-16,13.75,0.6070141120140368,0.6070141120140368
2009-09-17,12.75,0.4344978002445786,0.4344978002445786
2009-09-20,7.75,-0.42808375860271236,-0.42808375860271236
2009-09-21,9.75,-0.083051135063796,-0.083051135063796
2009-09-22,14.0,0.6501431899564013,0.6501431899564013
2009-09-23,10.75,0.0894651767056622,0.0894651767056622
2009-09-24,9.75,-0.083051135063796,-0.083051135063796
2009-09-27,7.25,-0.5143419144874415,-0.5143419144874415
2009-09-28,9.0,-0.21243836889088963,-0.21243836889088963
2009-09-29,7.25,-0.5143419144874415,-0.5143419144874415
2009-09-30,19.25,1.5558538267460569,1.5558538267460569
2009-10-01,13.0,0.47762687818694316,0.47762687818694316
2009-10-04,6.75,-0.6006000703721706,-0.6006000703721706
2009-10-05,6.25,-0.6868582262568996,-0.6868582262568996
2009-10-06,12.25,0.3482396443598495,0.3482396443598495
2009-10-07,10.5,0.04633609876329766,0.04633609876329766
2009-10-08,18.75,1.4695956708613278,1.4695956708613278
2009-10-11,10.25,0.0032070208209331093,0.0032070208209331093
2009-10-12,8.75,-0.25556744683325416,-0.25556744683325416
2009-10-13,11.75,0.2619814884751204,0.2619814884751204
2009-10-14,10.0,-0.03992205712143144,-0.03992205712143144
2009-10-15,9.5,-0.12618021300616053,-0.12618021300616053
2009-10-18,8.5,-0.29869652477561875,-0.29869652477561875
2009-10-19,12.25,0.3482396443598495,0.3482396443598495
2009-10-20,13.5,0.5638850340716722,0.5638850340716722
2009-10-21,9.25,-0.1693092909485251,-0.1693092909485251
2009-10-22,9.0,-0.21243836889088963,-0.21243836889088963
2009-10-25,11.0,0.13259425464802677,0.13259425464802677
2009-10-26,16.0,0.9951758134953177,0.9951758134953177
2009-10-27,10.75,0.0894651767056622,0.0894651767056622
2009-10-28,15.25,0.8657885796682241,0.8657885796682241
2009-10-29,16.75,1.1245630473224113,1.1245630473224113
2009-11-01,8.5,-0.29869652477561875,-0.29869652477561875
2009-11-02,14.5,0.7364013458411305,0.7364013458411305
2009-11-03,11.5,0.21885241053275586,0.21885241053275586
2009-11-04,7.25,-0.5143419144874415,-0.5143419144874415
2009-11-05,11.25,0.1757233325903913,0.1757233325903913
2009-11-08,7.75,-0.42808375860271236,-0.42808375860271236
2009-11-09,8.0,-0.3849546806603478,-0.3849546806603478
2009-11-10,10.5,0.04633609876329766,0.04633609876329766
2009-11-11,13.25,0.5207559561293077,0.5207559561293077
2009-11-12,5.0,-0.9025036159687224,-0.9025036159687224
2009-11-15,12.75,0.4344978002445786,0.4344978002445786
2009-11-16,8.75,-0.25556744683325416,-0.25556744683325416
2009-11-17,7.0,-0.557470992429806,-0.557470992429806
2009-11-18,8.5,-0.29869652477561875,-0.29869652477561875
2009-11-19,8.5,-0.29869652477561875,-0.29869652477561875
2009-11-22,9.0,-0.21243836889088963,-0.21243836889088963
2009-11-23,10.25,0.0032070208209331093,0.0032070208209331093
2009-11-24,11.25,0.1757233325903913,0.1757233325903913
2009-11-26,18.5,1.4264665929189633,1.4264665929189633
2009-11-29,6.0,-0.7299873041992643,-0.7299873041992643
2009-11-30,7.75,-0.42808375860271236,-0.42808375860271236
2009-12-01,7.5,-0.47121283654507695,-0.47121283654507695
2009-12-02,10.5,0.04633609876329766,0.04633609876329766
2009-12-03,20.5,1.7714992164578796,1.7714992164578796
2009-12-06,11.25,0.1757233325903913,0.1757233325903913
2009-12-07,12.75,0.4344978002445786,0.4344978002445786
2009-12-08,8.75,-0.25556744683325416,-0.25556744683325416
2009-12-09,14.25,0.693272267898766,0.693272267898766
2009-12-10,10.5,0.04633609876329766,0.04633609876329766
2009-12-13,8.5,-0.29869652477561875,-0.29869652477561875
2009-12-14,9.0,-0.21243836889088963,-0.21243836889088963
2009-12-15,7.75,-0.42808375860271236,-0.42808375860271236
2009-12-16,13.5,0.5638850340716722,0.5638850340716722
2009-12-17,9.5,-0.12618021300616053,-0.12618021300616053
2009-12-20,15.75,0.9520467355529532,0.9520467355529532
2009-12-21,9.75,-0.083051135063796,-0.083051135063796
2009-12-22,10.25,0.0032070208209331093,0.0032070208209331093
2009-12-23,9.5,-0.12618021300616053,-0.12618021300616053
2009-12-27,7.25,-0.5143419144874415,-0.5143419144874415
2009-12-28,7.5,-0.47121283654507695,-0.47121283654507695
2009-12-29,4.75,-0.945632693911087,-0.945632693911087
2009-12-30,14.0,0.6501431899564013,0.6501431899564013
2010-01-03,12.25,0.3482396443598495,0.3482396443598495
2010-01-04,10.75,0.0894651767056622,0.0894651767056622
2010-01-05,8.5,-0.29869652477561875,-0.29869652477561875
2010-01-06,7.75,-0.42808375860271236,-0.42808375860271236
2010-01-07,11.5,0.21885241053275586,0.21885241053275586
2010-01-10,7.0,-0.557470992429806,-0.557470992429806
2010-01-11,13.0,0.47762687818694316,0.47762687818694316
2010-01-12,9.5,-0.12618021300616053,-0.12618021300616053
2010-01-13,10.75,0.0894651767056622,0.0894651767056622
2010-01-14,12.25,0.3482396443598495,0.3482396443598495
2010-01-18,9.5,-0.12618021300616053,-0.12618021300616053
2010-01-19,8.0,-0.3849546806603478,-0.3849546806603478
2010-01-20,12.25,0.3482396443598495,0.3482396443598495
2010-01-21,5.25,-0.8593745380263579,-0.8593745380263579
2010-01-24,5.25,-0.8593745380263579,-0.8593745380263579
2010-01-25,9.0,-0.21243836889088963,-0.21243836889088963
2010-01-26,11.5,0.21885241053275586,0.21885241053275586
2010-01-27,10.0,-0.03992205712143144,-0.03992205712143144
2010-01-28,17.5,1.2539502811495051,1.2539502811495051
2010-01-31,9.25,-0.1693092909485251,-0.1693092909485251
2010-02-01,6.25,-0.6868582262568996,-0.6868582262568996
2010-02-02,8.0,-0.3849546806603478,-0.3849546806603478
2010-02-03,14.25,0.693272267898766,0.693272267898766
2010-02-04,14.25,0.693272267898766,0.693272267898766
2010-02-07,5.25,-0.8593745380263579,-0.8593745380263579
2010-02-08,9.75,-0.083051135063796,-0.083051135063796
2010-02-09,11.0,0.13259425464802677,0.13259425464802677
2010-02-10,8.75,-0.25556744683325416,-0.25556744683325416
2010-02-11,8.0,-0.3849546806603478,-0.3849546806603478
2010-02-15,10.0,-0.03992205712143144,-0.03992205712143144
2010-02-16,12.75,0.4344978002445786,0.4344978002445786
2010-02-17,13.5,0.5638850340716722,0.5638850340716722
2010-02-18,8.0,-0.3849546806603478,-0.3849546806603478
2010-02-21,4.0,-1.0750199277381807,-1.0750199277381807
2010-02-22,16.75,1.1245630473224113,1.1245630473224113
2010-02-23,7.75,-0.42808375860271236,-0.42808375860271236
2010-02-24,10.5,0.04633609876329766,0.04633609876329766
2010-02-25,7.5,-0.47121283654507695,-0.47121283654507695
2010-02-28,6.25,-0.6868582262568996,-0.6868582262568996
2010-03-01,6.25,-0.6868582262568996,-0.6868582262568996
2010-03-02,6.0,-0.7299873041992643,-0.7299873041992643
2010-03-03,8.0,-0.3849546806603478,-0.3849546806603478
2010-03-04,12.75,0.4344978002445786,0.4344978002445786
2010-03-07,4.75,-0.945632693911087,-0.945632693911087
2010-03-08,5.0,-0.9025036159687224,-0.9025036159687224
2010-03-09,6.25,-0.6868582262568996,-0.6868582262568996
2010-03-10,5.75,-0.7731163821416288,-0.7731163821416288
2010-03-11,12.25,0.3482396443598495,0.3482396443598495
2010-03-14,5.25,-0.8593745380263579,-0.8593745380263579
2010-03-15,10.5,0.04633609876329766,0.04633609876329766
2010-03-16,2.75,-1.2906653174500033,-1.2906653174500033
2010-03-17,7.0,-0.557470992429806,-0.557470992429806
2010-03-18,6.75,-0.6006000703721706,-0.6006000703721706
2010-03-21,5.25,-0.8593745380263579,-0.8593745380263579
2010-03-22,4.25,-1.0318908497958161,-1.0318908497958161
2010-03-23,22.5,2.116531839996796,2.116531839996796
2010-03-24,14.0,0.6501431899564013,0.6501431899564013
2010-03-25,8.5,-0.29869652477561875,-0.29869652477561875
2010-03-28,6.25,-0.6868582262568996,-0.6868582262568996
2010-03-29,6.5,-0.6437291483145351,-0.6437291483145351
2010-03-30,7.75,-0.42808375860271236,-0.42808375860271236
2010-03-31,7.0,-0.557470992429806,-0.557470992429806
2010-04-04,9.5,-0.12618021300616053,-0.12618021300616053
2010-04-05,7.25,-0.5143419144874415,-0.5143419144874415
2010-04-06,12.25,0.3482396443598495,0.3482396443598495
2010-04-07,8.5,-0.29869652477561875,-0.29869652477561875
2010-04-08,6.75,-0.6006000703721706,-0.6006000703721706
2010-04-11,13.25,0.5207559561293077,0.5207559561293077
2010-04-12,7.25,-0.5143419144874415,-0.5143419144874415
2010-04-13,7.75,-0.42808375860271236,-0.42808375860271236
2010-04-14,8.0,-0.3849546806603478,-0.3849546806603478
2010-04-15,12.75,0.4344978002445786,0.4344978002445786
2010-04-18,10.25,0.0032070208209331093,0.0032070208209331093
2010-04-19,5.25,-0.8593745380263579,-0.8593745380263579
2010-04-20,9.5,-0.12618021300616053,-0.12618021300616053
2010-04-21,11.0,0.13259425464802677,0.13259425464802677
2010-04-22,10.5,0.04633609876329766,0.04633609876329766
2010-04-25,8.0,-0.3849546806603478,-0.3849546806603478
2010-04-26,19.75,1.642111982630786,1.642111982630786
2010-04-27,15.75,0.9520467355529532,0.9520467355529532
2010-04-28,8.75,-0.25556744683325416,-0.25556744683325416
2010-04-29,11.25,0.1757233325903913,0.1757233325903913
2010-05-02,6.0,-0.7299873041992643,-0.7299873041992643
2010-05-03,12.5,0.39136872230221403,0.39136872230221403
2010-05-04,17.25,1.2108212032071404,1.2108212032071404
2010-05-05,42.75,5.6099871533283245,5.6099871533283245
2010-05-06,28.5,3.1516297106135456,3.1516297106135456
2010-05-09,15.0,0.8226595017258596,0.8226595017258596
2010-05-10,13.75,0.6070141120140368,0.6070141120140368
2010-05-11,11.5,0.21885241053275586,0.21885241053275586
2010-05-12,10.0,-0.03992205712143144,-0.03992205712143144
2010-05-13,16.5,1.0814339693800468,1.0814339693800468
2010-05-16,14.25,0.693272267898766,0.693272267898766
2010-05-17,17.5,1.2539502811495051,1.2539502811495051
2010-05-18,10.5,0.04633609876329766,0.04633609876329766
2010-05-19,22.25,2.0734027620544313,2.0734027620544313
2010-05-20,18.75,1.4695956708613278,1.4695956708613278
2010-05-23,9.25,-0.1693092909485251,-0.1693092909485251
2010-05-24,17.0,1.1676921252647758,1.1676921252647758
2010-05-25,15.25,0.8657885796682241,0.8657885796682241
2010-05-26,20.5,1.7714992164578796,1.7714992164578796
2010-05-27,8.75,-0.25556744683325416,-0.25556744683325416
2010-05-31,15.0,0.8226595017258596,0.8226595017258596
2010-06-01,11.5,0.21885241053275586,0.21885241053275586
2010-06-02,12.25,0.3482396443598495,0.3482396443598495
2010-06-03,23.25,2.2459190738238894,2.2459190738238894
2010-06-06,12.5,0.39136872230221403,0.39136872230221403
2010-06-07,7.0,-0.557470992429806,-0.557470992429806
2010-06-08,8.75,-0.25556744683325416,-0.25556744683325416
2010-06-09,17.75,1.2970793590918697,1.2970793590918697
2010-06-10,12.75,0.4344978002445786,0.4344978002445786
2010-06-13,9.5,-0.12618021300616053,-0.12618021300616053
2010-06-14,9.25,-0.1693092909485251,-0.1693092909485251
2010-06-15,9.0,-0.21243836889088963,-0.21243836889088963
2010-06-16,13.75,0.6070141120140368,0.6070141120140368
2010-06-17,6.25,-0.6868582262568996,-0.6868582262568996
2010-06-20,8.5,-0.29869652477561875,-0.29869652477561875
2010-06-21,14.75,0.779530423783495,0.779530423783495
2010-06-22,11.75,0.2619814884751204,0.2619814884751204
2010-06-23,10.0,-0.03992205712143144,-0.03992205712143144
2010-06-24,11.0,0.13259425464802677,0.13259425464802677
2010-06-27,12.25,0.3482396443598495,0.3482396443598495
2010-06-28,9.5,-0.12618021300616053,-0.12618021300616053
2010-06-29,9.5,-0.12618021300616053,-0.12618021300616053
2010-06-30,9.75,-0.083051135063796,-0.083051135063796
2010-07-01,10.5,0.04633609876329766,0.04633609876329766
2010-07-05,10.0,-0.03992205712143144,-0.03992205712143144
2010-07-06,8.25,-0.3418256027179833,-0.3418256027179833
2010-07-07,10.25,0.0032070208209331093,0.0032070208209331093
2010-07-08,5.25,-0.8593745380263579,-0.8593745380263579
2010-07-11,7.25,-0.5143419144874415,-0.5143419144874415
2010-07-12,13.25,0.5207559561293077,0.5207559561293077
2010-07-13,13.75,0.6070141120140368,0.6070141120140368
2010-07-14,15.25,0.8657885796682241,0.8657885796682241
2010-07-15,14.0,0.6501431899564013,0.6501431899564013
2010-07-18,8.0,-0.3849546806603478,-0.3849546806603478
2010-07-19,10.0,-0.03992205712143144,-0.03992205712143144
2010-07-20,12.0,0.30511056641748496,0.30511056641748496
2010-07-21,11.0,0.13259425464802677,0.13259425464802677
2010-07-22,10.25,0.0032070208209331093,0.0032070208209331093
2010-07-25,7.5,-0.47121283654507695,-0.47121283654507695
2010-07-26,10.0,-0.03992205712143144,-0.03992205712143144
2010-07-27,11.25,0.1757233325903913,0.1757233325903913
2010-07-28,11.25,0.1757233325903913,0.1757233325903913
2010-07-29,11.0,0.13259425464802677,0.13259425464802677
2010-08-01,6.25,-0.6868582262568996,-0.6868582262568996
2010-08-02,12.25,0.3482396443598495,0.3482396443598495
2010-08-03,11.0,0.13259425464802677,0.13259425464802677
2010-08-04,8.75,-0.25556744683325416,-0.25556744683325416
2010-08-05,14.5,0.7364013458411305,0.7364013458411305
2010-08-08,4.75,-0.945632693911087,-0.945632693911087
2010-08-09,14.75,0.779530423783495,0.779530423783495
2010-08-10,9.5,-0.12618021300616053,-0.12618021300616053
2010-08-11,8.75,-0.25556744683325416,-0.25556744683325416
2010-08-12,6.5,-0.6437291483145351,-0.6437291483145351
2010-08-15,11.25,0.1757233325903913,0.1757233325903913
2010-08-16,10.5,0.04633609876329766,0.04633609876329766
2010-08-17,8.25,-0.3418256027179833,-0.3418256027179833
2010-08-18,15.25,0.8657885796682241,0.8657885796682241
2010-08-19,13.0,0.47762687818694316,0.47762687818694316
2010-08-22,8.25,-0.3418256027179833,-0.3418256027179833
2010-08-23,16.5,1.0814339693800468,1.0814339693800468
2010-08-24,17.0,1.1676921252647758,1.1676921252647758
2010-08-25,7.5,-0.47121283654507695,-0.47121283654507695
2010-08-26,21.5,1.944015528227338,1.944015528227338
2010-08-29,21.5,1.944015528227338,1.944015528227338
2010-08-30,8.75,-0.25556744683325416,-0.25556744683325416
2010-08-31,18.5,1.4264665929189633,1.4264665929189633
2010-09-01,8.0,-0.3849546806603478,-0.3849546806603478
2010-09-02,17.5,1.2539502811495051,1.2539502811495051
2010-09-06,17.0,1.1676921252647758,1.1676921252647758
2010-09-07,12.0,0.30511056641748496,0.30511056641748496
2010-09-08,16.5,1.0814339693800468,1.0814339693800468
2010-09-09,10.75,0.0894651767056622,0.0894651767056622
2010-09-12,16.5,1.0814339693800468,1.0814339693800468
2010-09-13,10.5,0.04633609876329766,0.04633609876329766
2010-09-14,9.25,-0.1693092909485251,-0.1693092909485251
2010-09-15,12.25,0.3482396443598495,0.3482396443598495
2010-09-16,12.0,0.30511056641748496,0.30511056641748496
2010-09-19,6.75,-0.6006000703721706,-0.6006000703721706
2010-09-20,5.0,-0.9025036159687224,-0.9025036159687224
2010-09-21,8.25,-0.3418256027179833,-0.3418256027179833
2010-09-22,11.75,0.2619814884751204,0.2619814884751204
2010-09-23,10.25,0.0032070208209331093,0.0032070208209331093
2010-09-26,13.0,0.47762687818694316,0.47762687818694316
2010-09-27,12.0,0.30511056641748496,0.30511056641748496
2010-09-28,5.75,-0.7731163821416288,-0.7731163821416288
2010-09-29,17.75,1.2970793590918697,1.2970793590918697
2010-09-30,10.75,0.0894651767056622,0.0894651767056622
2010-10-03,6.0,-0.7299873041992643,-0.7299873041992643
2010-10-04,6.0,-0.7299873041992643,-0.7299873041992643
2010-10-05,13.75,0.6070141120140368,0.6070141120140368
2010-10-06,0.75,-1.6356979409889199,-1.6356979409889199
2010-10-07,13.75,0.6070141120140368,0.6070141120140368
2010-10-10,2.75,-1.2906653174500033,-1.2906653174500033
2010-10-11,11.5,0.21885241053275586,0.21885241053275586
2010-10-12,9.0,-0.21243836889088963,-0.21243836889088963
2010-10-13,12.0,0.30511056641748496,0.30511056641748496
2010-10-14,16.5,1.0814339693800468,1.0814339693800468
2010-10-17,11.0,0.13259425464802677,0.13259425464802677
2010-10-18,12.75,0.4344978002445786,0.4344978002445786
2010-10-19,8.75,-0.25556744683325416,-0.25556744683325416
2010-10-20,9.25,-0.1693092909485251,-0.1693092909485251
2010-10-21,6.5,-0.6437291483145351,-0.6437291483145351
2010-10-24,10.75,0.0894651767056622,0.0894651767056622
2010-10-25,13.0,0.47762687818694316,0.47762687818694316
2010-10-26,11.5,0.21885241053275586,0.21885241053275586
2010-10-27,15.0,0.8226595017258596,0.8226595017258596
2010-10-28,10.0,-0.03992205712143144,-0.03992205712143144
2010-10-31,9.5,-0.12618021300616053,-0.12618021300616053
2010-11-01,6.75,-0.6006000703721706,-0.6006000703721706
2010-11-02,15.0,0.8226595017258596,0.8226595017258596
2010-11-03,16.5,1.0814339693800468,1.0814339693800468
2010-11-04,13.25,0.5207559561293077,0.5207559561293077
2010-11-07,5.5,-0.8162454600839933,-0.8162454600839933
2010-11-08,20.25,1.728370138515515,1.728370138515515
2010-11-09,18.5,1.4264665929189633,1.4264665929189633
2010-11-10,13.0,0.47762687818694316,0.47762687818694316
2010-11-11,25.25,2.590951697362806,2.590951697362806
2010-11-14,23.5,2.2890481517662544,2.2890481517662544
2010-11-15,13.5,0.5638850340716722,0.5638850340716722
2010-11-16,10.5,0.04633609876329766,0.04633609876329766
2010-11-17,13.25,0.5207559561293077,0.5207559561293077
2010-11-18,8.0,-0.3849546806603478,-0.3849546806603478
2010-11-21,16.5,1.0814339693800468,1.0814339693800468
2010-11-22,12.5,0.39136872230221403,0.39136872230221403
2010-11-23,22.25,2.0734027620544313,2.0734027620544313
2010-11-25,12.75,0.4344978002445786,0.4344978002445786
2010-11-28,10.75,0.0894651767056622,0.0894651767056622
2010-11-29,10.75,0.0894651767056622,0.0894651767056622
2010-11-30,23.5,2.2890481517662544,2.2890481517662544
2010-12-01,12.0,0.30511056641748496,0.30511056641748496
2010-12-02,20.75,1.814628294400244,1.814628294400244
2010-12-05,9.5,-0.12618021300616053,-0.12618021300616053
2010-12-06,28.25,3.108500632671181,3.108500632671181
2010-12-07,24.75,2.504693541478077,2.504693541478077
2010-12-08,12.0,0.30511056641748496,0.30511056641748496
2010-12-09,17.25,1.2108212032071404,1.2108212032071404
2010-12-12,21.75,1.9871446061697025,1.9871446061697025
2010-12-13,26.25,2.7634680091322648,2.7634680091322648
2010-12-14,17.75,1.2970793590918697,1.2970793590918697
2010-12-15,14.5,0.7364013458411305,0.7364013458411305
2010-12-16,12.75,0.4344978002445786,0.4344978002445786
2010-12-19,12.0,0.30511056641748496,0.30511056641748496
2010-12-20,7.5,-0.47121283654507695,-0.47121283654507695
2010-12-21,10.25,0.0032070208209331093,0.0032070208209331093
2010-12-22,9.5,-0.12618021300616053,-0.12618021300616053
2010-12-26,17.5,1.2539502811495051,1.2539502811495051
2010-12-27,23.75,2.332177229708619,2.332177229708619
2010-12-28,22.5,2.116531839996796,2.116531839996796
2010-12-29,11.25,0.1757233325903913,0.1757233325903913
2010-12-30,8.75,-0.25556744683325416,-0.25556744683325416
2011-01-02,13.75,0.6070141120140368,0.6070141120140368
2011-01-03,10.75,0.0894651767056622,0.0894651767056622
2011-01-04,25.25,2.590951697362806,2.590951697362806
2011-01-05,10.75,0.0894651767056622,0.0894651767056622
2011-01-06,21.75,1.9871446061697025,1.9871446061697025
2011-01-09,6.5,-0.6437291483145351,-0.6437291483145351
2011-01-10,11.75,0.2619814884751204,0.2619814884751204
2011-01-11,10.25,0.0032070208209331093,0.0032070208209331093
2011-01-12,13.5,0.5638850340716722,0.5638850340716722
2011-01-13,11.25,0.1757233325903913,0.1757233325903913
2011-01-17,17.5,1.2539502811495051,1.2539502811495051
2011-01-18,8.5,-0.29869652477561875,-0.29869652477561875
2011-01-19,20.25,1.728370138515515,1.728370138515515
2011-01-20,9.0,-0.21243836889088963,-0.21243836889088963
2011-01-23,9.0,-0.21243836889088963,-0.21243836889088963
2011-01-24,15.0,0.8226595017258596,0.8226595017258596
2011-01-25,10.75,0.0894651767056622,0.0894651767056622
2011-01-26,13.75,0.6070141120140368,0.6070141120140368
2011-01-27,18.0,1.3402084370342342,1.3402084370342342
2011-01-30,13.5,0.5638850340716722,0.5638850340716722
2011-01-31,13.0,0.47762687818694316,0.47762687818694316
2011-02-01,16.0,0.9951758134953177,0.9951758134953177
2011-02-02,12.5,0.39136872230221403,0.39136872230221403
2011-02-03,21.0,1.8577573723426086,1.8577573723426086
2011-02-06,7.75,-0.42808375860271236,-0.42808375860271236
2011-02-07,14.75,0.779530423783495,0.779530423783495
2011-02-08,16.0,0.9951758134953177,0.9951758134953177
2011-02-09,11.0,0.13259425464802677,0.13259425464802677
2011-02-10,12.25,0.3482396443598495,0.3482396443598495
2011-02-13,7.5,-0.47121283654507695,-0.47121283654507695
2011-02-14,9.0,-0.21243836889088963,-0.21243836889088963
2011-02-15,9.5,-0.12618021300616053,-0.12618021300616053
2011-02-16,11.75,0.2619814884751204,0.2619814884751204
2011-02-17,8.0,-0.3849546806603478,-0.3849546806603478
2011-02-21,18.5,1.4264665929189633,1.4264665929189633
2011-02-22,8.5,-0.29869652477561875,-0.29869652477561875
2011-02-23,9.25,-0.1693092909485251,-0.1693092909485251
2011-02-24,7.5,-0.47121283654507695,-0.47121283654507695
2011-02-27,5.25,-0.8593745380263579,-0.8593745380263579
2011-02-28,12.5,0.39136872230221403,0.39136872230221403
2011-03-01,12.25,0.3482396443598495,0.3482396443598495
2011-03-02,14.0,0.6501431899564013,0.6501431899564013
2011-03-03,17.5,1.2539502811495051,1.2539502811495051
2011-03-06,10.5,0.04633609876329766,0.04633609876329766
2011-03-07,7.5,-0.47121283654507695,-0.47121283654507695
2011-03-08,12.75,0.4344978002445786,0.4344978002445786
2011-03-09,14.0,0.6501431899564013,0.6501431899564013
2011-03-10,10.0,-0.03992205712143144,-0.03992205712143144
2011-03-13,12.25,0.3482396443598495,0.3482396443598495
2011-03-14,18.75,1.4695956708613278,1.4695956708613278
2011-03-15,25.5,2.6340807753051707,2.6340807753051707
2011-03-16,17.5,1.2539502811495051,1.2539502811495051
2011-03-17,10.25,0.0032070208209331093,0.0032070208209331093
2011-03-20,15.0,0.8226595017258596,0.8226595017258596
2011-03-21,7.5,-0.47121283654507695,-0.47121283654507695
2011-03-22,9.25,-0.1693092909485251,-0.1693092909485251
2011-03-23,13.0,0.47762687818694316,0.47762687818694316
2011-03-24,11.0,0.13259425464802677,0.13259425464802677
2011-03-27,7.0,-0.557470992429806,-0.557470992429806
2011-03-28,10.25,0.0032070208209331093,0.0032070208209331093
2011-03-29,10.25,0.0032070208209331093,0.0032070208209331093
2011-03-30,11.25,0.1757233325903913,0.1757233325903913
2011-03-31,12.0,0.30511056641748496,0.30511056641748496
2011-04-03,9.25,-0.1693092909485251,-0.1693092909485251
2011-04-04,12.0,0.30511056641748496,0.30511056641748496
2011-04-05,9.0,-0.21243836889088963,-0.21243836889088963
2011-04-06,9.25,-0.1693092909485251,-0.1693092909485251
2011-04-07,9.0,-0.21243836889088963,-0.21243836889088963
2011-04-10,8.0,-0.3849546806603478,-0.3849546806603478
2011-04-11,16.75,1.1245630473224113,1.1245630473224113
2011-04-12,10.75,0.0894651767056622,0.0894651767056622
2011-04-13,11.25,0.1757233325903913,0.1757233325903913
2011-04-14,14.0,0.6501431899564013,0.6501431899564013
2011-04-17,11.75,0.2619814884751204,0.2619814884751204
2011-04-18,8.0,-0.3849546806603478,-0.3849546806603478
2011-04-19,6.25,-0.6868582262568996,-0.6868582262568996
2011-04-20,7.75,-0.42808375860271236,-0.42808375860271236
2011-04-24,6.75,-0.6006000703721706,-0.6006000703721706
2011-04-25,9.0,-0.21243836889088963,-0.21243836889088963
2011-04-26,9.5,-0.12618021300616053,-0.12618021300616053
2011-04-27,10.5,0.04633609876329766,0.04633609876329766
2011-04-28,7.0,-0.557470992429806,-0.557470992429806
2011-05-01,9.0,-0.21243836889088963,-0.21243836889088963
2011-05-02,5.0,-0.9025036159687224,-0.9025036159687224
2011-05-03,8.25,-0.3418256027179833,-0.3418256027179833
2011-05-04,10.5,0.04633609876329766,0.04633609876329766
2011-05-05,15.0,0.8226595017258596,0.8226595017258596
2011-05-08,8.25,-0.3418256027179833,-0.3418256027179833
2011-05-09,8.25,-0.3418256027179833,-0.3418256027179833
2011-05-10,12.0,0.30511056641748496,0.30511056641748496
2011-05-11,10.5,0.04633609876329766,0.04633609876329766
2011-05-12,14.5,0.7364013458411305,0.7364013458411305
2011-05-15,6.5,-0.6437291483145351,-0.6437291483145351
2011-05-16,9.75,-0.083051135063796,-0.083051135063796
2011-05-17,12.5,0.39136872230221403,0.39136872230221403
2011-05-18,11.0,0.13259425464802677,0.13259425464802677
2011-05-19,6.0,-0.7299873041992643,-0.7299873041992643
2011-05-22,8.5,-0.29869652477561875,-0.29869652477561875
2011-05-23,7.0,-0.557470992429806,-0.557470992429806
2011-05-24,5.0,-0.9025036159687224,-0.9025036159687224
2011-05-25,15.0,0.8226595017258596,0.8226595017258596
2011-05-26,7.25,-0.5143419144874415,-0.5143419144874415
2011-05-30,9.0,-0.21243836889088963,-0.21243836889088963
2011-05-31,17.75,1.2970793590918697,1.2970793590918697
2011-06-01,9.75,-0.083051135063796,-0.083051135063796
2011-06-02,13.0,0.47762687818694316,0.47762687818694316
2011-06-05,7.5,-0.47121283654507695,-0.47121283654507695
2011-06-06,9.5,-0.12618021300616053,-0.12618021300616053
2011-06-07,10.75,0.0894651767056622,0.0894651767056622
2011-06-08,13.75,0.6070141120140368,0.6070141120140368
2011-06-09,8.5,-0.29869652477561875,-0.29869652477561875
2011-06-12,8.5,-0.29869652477561875,-0.29869652477561875
2011-06-13,15.0,0.8226595017258596,0.8226595017258596
2011-06-14,19.0,1.5127247488036923,1.5127247488036923
2011-06-15,13.0,0.47762687818694316,0.47762687818694316
2011-06-16,7.75,-0.42808375860271236,-0.42808375860271236
2011-06-19,9.25,-0.1693092909485251,-0.1693092909485251
2011-06-20,5.25,-0.8593745380263579,-0.8593745380263579
2011-06-21,10.0,-0.03992205712143144,-0.03992205712143144
2011-06-22,13.5,0.5638850340716722,0.5638850340716722
2011-06-23,14.0,0.6501431899564013,0.6501431899564013
2011-06-26,10.75,0.0894651767056622,0.0894651767056622
2011-06-27,21.75,1.9871446061697025,1.9871446061697025
2011-06-28,15.25,0.8657885796682241,0.8657885796682241
2011-06-29,19.25,1.5558538267460569,1.5558538267460569
2011-06-30,12.5,0.39136872230221403,0.39136872230221403
2011-07-04,13.0,0.47762687818694316,0.47762687818694316
2011-07-05,12.5,0.39136872230221403,0.39136872230221403
2011-07-06,10.5,0.04633609876329766,0.04633609876329766
2011-07-07,27.5,2.9791133988440874,2.9791133988440874
2011-07-10,15.5,0.9089176576105886,0.9089176576105886
2011-07-11,16.25,1.0383048914376822,1.0383048914376822
2011-07-12,11.5,0.21885241053275586,0.21885241053275586
2011-07-13,9.75,-0.083051135063796,-0.083051135063796
2011-07-14,10.75,0.0894651767056622,0.0894651767056622
2011-07-17,7.25,-0.5143419144874415,-0.5143419144874415
2011-07-18,10.5,0.04633609876329766,0.04633609876329766
2011-07-19,7.5,-0.47121283654507695,-0.47121283654507695
2011-07-20,16.75,1.1245630473224113,1.1245630473224113
2011-07-21,7.25,-0.5143419144874415,-0.5143419144874415
2011-07-24,12.25,0.3482396443598495,0.3482396443598495
2011-07-25,13.75,0.6070141120140368,0.6070141120140368
2011-07-26,10.25,0.0032070208209331093,0.0032070208209331093
2011-07-27,8.25,-0.3418256027179833,-0.3418256027179833
2011-07-28,25.0,2.5478226194204416,2.5478226194204416
2011-07-31,18.0,1.3402084370342342,1.3402084370342342
2011-08-01,17.75,1.2970793590918697,1.2970793590918697
2011-08-02,9.75,-0.083051135063796,-0.083051135063796
2011-08-03,28.0,3.0653715547288165,3.0653715547288165
2011-08-04,31.5,3.66917864592192,3.66917864592192
2011-08-07,29.75,3.3672751003253683,3.3672751003253683
2011-08-08,51.25,7.07637580336872,7.07637580336872
2011-08-09,25.0,2.5478226194204416,2.5478226194204416
2011-08-10,21.75,1.9871446061697025,1.9871446061697025
2011-08-11,14.25,0.693272267898766,0.693272267898766
2011-08-14,10.25,0.0032070208209331093,0.0032070208209331093
2011-08-15,14.25,0.693272267898766,0.693272267898766
2011-08-16,10.25,0.0032070208209331093,0.0032070208209331093
2011-08-17,22.5,2.116531839996796,2.116531839996796
2011-08-18,14.0,0.6501431899564013,0.6501431899564013
2011-08-21,11.75,0.2619814884751204,0.2619814884751204
2011-08-22,12.5,0.39136872230221403,0.39136872230221403
2011-08-23,20.0,1.6852410605731505,1.6852410605731505
2011-08-24,13.5,0.5638850340716722,0.5638850340716722
2011-08-25,16.5,1.0814339693800468,1.0814339693800468
2011-08-28,13.75,0.6070141120140368,0.6070141120140368
2011-08-29,13.25,0.5207559561293077,0.5207559561293077
2011-08-30,12.75,0.4344978002445786,0.4344978002445786
2011-08-31,17.0,1.1676921252647758,1.1676921252647758
2011-09-01,15.75,0.9520467355529532,0.9520467355529532
2011-09-05,12.5,0.39136872230221403,0.39136872230221403
2011-09-06,7.75,-0.42808375860271236,-0.42808375860271236
2011-09-07,6.75,-0.6006000703721706,-0.6006000703721706
2011-09-08,14.75,0.779530423783495,0.779530423783495
2011-09-11,11.25,0.1757233325903913,0.1757233325903913
2011-09-12,10.0,-0.03992205712143144,-0.03992205712143144
2011-09-13,8.25,-0.3418256027179833,-0.3418256027179833
2011-09-14,17.5,1.2539502811495051,1.2539502811495051
2011-09-15,8.0,-0.3849546806603478,-0.3849546806603478
2011-09-18,11.75,0.2619814884751204,0.2619814884751204
2011-09-19,6.25,-0.6868582262568996,-0.6868582262568996
2011-09-20,7.75,-0.42808375860271236,-0.42808375860271236
2011-09-21,17.0,1.1676921252647758,1.1676921252647758
2011-09-22,19.0,1.5127247488036923,1.5127247488036923
2011-09-25,13.25,0.5207559561293077,0.5207559561293077
2011-09-26,15.25,0.8657885796682241,0.8657885796682241
2011-09-27,14.25,0.693272267898766,0.693272267898766
2011-09-28,9.5,-0.12618021300616053,-0.12618021300616053
2011-09-29,13.25,0.5207559561293077,0.5207559561293077
2011-10-02,17.25,1.2108212032071404,1.2108212032071404
2011-10-03,13.75,0.6070141120140368,0.6070141120140368
2011-10-04,11.5,0.21885241053275586,0.21885241053275586
2011-10-05,14.5,0.7364013458411305,0.7364013458411305
2011-10-06,19.0,1.5127247488036923,1.5127247488036923
2011-10-09,21.5,1.944015528227338,1.944015528227338
2011-10-10,10.25,0.0032070208209331093,0.0032070208209331093
2011-10-11,15.5,0.9089176576105886,0.9089176576105886
2011-10-12,14.25,0.693272267898766,0.693272267898766
2011-10-13,13.0,0.47762687818694316,0.47762687818694316
2011-10-16,17.5,1.2539502811495051,1.2539502811495051
2011-10-17,14.75,0.779530423783495,0.779530423783495
2011-10-18,12.0,0.30511056641748496,0.30511056641748496
2011-10-19,12.75,0.4344978002445786,0.4344978002445786
2011-10-20,9.75,-0.083051135063796,-0.083051135063796
2011-10-23,9.5,-0.12618021300616053,-0.12618021300616053
2011-10-24,20.25,1.728370138515515,1.728370138515515
2011-10-25,13.0,0.47762687818694316,0.47762687818694316
2011-10-26,24.75,2.504693541478077,2.504693541478077
2011-10-27,16.0,0.9951758134953177,0.9951758134953177
2011-10-30,25.25,2.590951697362806,2.590951697362806
2011-10-31,21.25,1.9008864502849732,1.9008864502849732
2011-11-01,12.75,0.4344978002445786,0.4344978002445786
2011-11-02,17.5,1.2539502811495051,1.2539502811495051
2011-11-03,13.5,0.5638850340716722,0.5638850340716722
2011-11-06,13.25,0.5207559561293077,0.5207559561293077
2011-11-07,11.5,0.21885241053275586,0.21885241053275586
2011-11-08,17.75,1.2970793590918697,1.2970793590918697
2011-11-09,16.0,0.9951758134953177,0.9951758134953177
2011-11-10,11.0,0.13259425464802677,0.13259425464802677
2011-11-13,15.75,0.9520467355529532,0.9520467355529532
2011-11-14,10.0,-0.03992205712143144,-0.03992205712143144
2011-11-15,8.0,-0.3849546806603478,-0.3849546806603478
2011-11-16,11.25,0.1757233325903913,0.1757233325903913
2011-11-17,12.75,0.4344978002445786,0.4344978002445786
2011-11-20,6.5,-0.6437291483145351,-0.6437291483145351
2011-11-21,8.75,-0.25556744683325416,-0.25556744683325416
2011-11-22,12.25,0.3482396443598495,0.3482396443598495
2011-11-24,11.5,0.21885241053275586,0.21885241053275586
2011-11-27,15.75,0.9520467355529532,0.9520467355529532
2011-11-28,10.25,0.0032070208209331093,0.0032070208209331093
2011-11-29,16.25,1.0383048914376822,1.0383048914376822
2011-11-30,10.25,0.0032070208209331093,0.0032070208209331093
2011-12-01,18.0,1.3402084370342342,1.3402084370342342
2011-12-04,9.5,-0.12618021300616053,-0.12618021300616053
2011-12-05,7.0,-0.557470992429806,-0.557470992429806
2011-12-06,13.5,0.5638850340716722,0.5638850340716722
2011-12-07,15.75,0.9520467355529532,0.9520467355529532
2011-12-08,11.5,0.21885241053275586,0.21885241053275586
2011-12-11,10.0,-0.03992205712143144,-0.03992205712143144
2011-12-12,11.0,0.13259425464802677,0.13259425464802677
2011-12-13,8.75,-0.25556744683325416,-0.25556744683325416
2011-12-14,7.5,-0.47121283654507695,-0.47121283654507695
2011-12-15,12.0,0.30511056641748496,0.30511056641748496
2011-12-18,7.0,-0.557470992429806,-0.557470992429806
2011-12-19,9.0,-0.21243836889088963,-0.21243836889088963
2011-12-20,9.5,-0.12618021300616053,-0.12618021300616053
2011-12-21,6.25,-0.6868582262568996,-0.6868582262568996
2011-12-22,11.0,0.13259425464802677,0.13259425464802677
2011-12-26,5.0,-0.9025036159687224,-0.9025036159687224
2011-12-27,12.5,0.39136872230221403,0.39136872230221403
2011-12-28,8.0,-0.3849546806603478,-0.3849546806603478
2011-12-29,10.25,0.0032070208209331093,0.0032070208209331093
2012-01-02,6.25,-0.6868582262568996,-0.6868582262568996
2012-01-03,7.75,-0.42808375860271236,-0.42808375860271236
2012-01-04,10.75,0.0894651767056622,0.0894651767056622
2012-01-05,12.75,0.4344978002445786,0.4344978002445786
2012-01-08,8.75,-0.25556744683325416,-0.25556744683325416
2012-01-09,7.0,-0.557470992429806,-0.557470992429806
2012-01-10,10.0,-0.03992205712143144,-0.03992205712143144
2012-01-11,6.5,-0.6437291483145351,-0.6437291483145351
2012-01-12,13.5,0.5638850340716722,0.5638850340716722
2012-01-16,8.75,-0.25556744683325416,-0.25556744683325416
2012-01-17,8.0,-0.3849546806603478,-0.3849546806603478
2012-01-18,14.0,0.6501431899564013,0.6501431899564013
2012-01-19,9.75,-0.083051135063796,-0.083051135063796
2012-01-22,12.0,0.30511056641748496,0.30511056641748496
2012-01-23,5.75,-0.7731163821416288,-0.7731163821416288
2012-01-24,22.75,2.1596609179391604,2.1596609179391604
2012-01-25,11.25,0.1757233325903913,0.1757233325903913
2012-01-26,10.0,-0.03992205712143144,-0.03992205712143144
2012-01-29,8.25,-0.3418256027179833,-0.3418256027179833
2012-01-30,10.5,0.04633609876329766,0.04633609876329766
2012-01-31,5.75,-0.7731163821416288,-0.7731163821416288
2012-02-01,6.0,-0.7299873041992643,-0.7299873041992643
2012-02-02,16.5,1.0814339693800468,1.0814339693800468
2012-02-05,7.25,-0.5143419144874415,-0.5143419144874415
2012-02-06,11.75,0.2619814884751204,0.2619814884751204
2012-02-07,5.5,-0.8162454600839933,-0.8162454600839933
2012-02-08,10.25,0.0032070208209331093,0.0032070208209331093
2012-02-09,10.5,0.04633609876329766,0.04633609876329766
2012-02-12,8.25,-0.3418256027179833,-0.3418256027179833
2012-02-13,7.75,-0.42808375860271236,-0.42808375860271236
2012-02-14,9.0,-0.21243836889088963,-0.21243836889088963
2012-02-15,14.5,0.7364013458411305,0.7364013458411305
2012-02-16,7.75,-0.42808375860271236,-0.42808375860271236
2012-02-20,7.5,-0.47121283654507695,-0.47121283654507695
2012-02-21,11.5,0.21885241053275586,0.21885241053275586
2012-02-22,9.25,-0.1693092909485251,-0.1693092909485251
2012-02-23,4.5,-0.9887617718534515,-0.9887617718534515
2012-02-26,9.0,-0.21243836889088963,-0.21243836889088963
2012-02-27,6.5,-0.6437291483145351,-0.6437291483145351
2012-02-28,11.75,0.2619814884751204,0.2619814884751204
2012-02-29,10.5,0.04633609876329766,0.04633609876329766
2012-03-01,10.5,0.04633609876329766,0.04633609876329766
2012-03-04,6.75,-0.6006000703721706,-0.6006000703721706
2012-03-05,10.25,0.0032070208209331093,0.0032070208209331093
2012-03-06,4.25,-1.0318908497958161,-1.0318908497958161
2012-03-07,6.25,-0.6868582262568996,-0.6868582262568996
2012-03-08,11.75,0.2619814884751204,0.2619814884751204
2012-03-11,6.0,-0.7299873041992643,-0.7299873041992643
2012-03-12,12.0,0.30511056641748496,0.30511056641748496
2012-03-13,20.0,1.6852410605731505,1.6852410605731505
2012-03-14,12.0,0.30511056641748496,0.30511056641748496
2012-03-15,11.25,0.1757233325903913,0.1757233325903913
2012-03-18,14.75,0.779530423783495,0.779530423783495
2012-03-19,8.0,-0.3849546806603478,-0.3849546806603478
2012-03-20,6.25,-0.6868582262568996,-0.6868582262568996
2012-03-21,9.0,-0.21243836889088963,-0.21243836889088963
2012-03-22,11.75,0.2619814884751204,0.2619814884751204
2012-03-25,9.0,-0.21243836889088963,-0.21243836889088963
2012-03-26,12.25,0.3482396443598495,0.3482396443598495
2012-03-27,8.0,-0.3849546806603478,-0.3849546806603478
2012-03-28,8.75,-0.25556744683325416,-0.25556744683325416
2012-03-29,12.75,0.4344978002445786,0.4344978002445786
2012-04-01,12.25,0.3482396443598495,0.3482396443598495
2012-04-02,20.0,1.6852410605731505,1.6852410605731505
2012-04-03,12.5,0.39136872230221403,0.39136872230221403
2012-04-04,14.25,0.693272267898766,0.693272267898766
2012-04-08,6.75,-0.6006000703721706,-0.6006000703721706
2012-04-09,13.0,0.47762687818694316,0.47762687818694316
2012-04-10,7.25,-0.5143419144874415,-0.5143419144874415
2012-04-11,7.5,-0.47121283654507695,-0.47121283654507695
2012-04-12,9.0,-0.21243836889088963,-0.21243836889088963
2012-04-15,7.0,-0.557470992429806,-0.557470992429806
2012-04-16,7.5,-0.47121283654507695,-0.47121283654507695
2012-04-17,6.25,-0.6868582262568996,-0.6868582262568996
2012-04-18,6.25,-0.6868582262568996,-0.6868582262568996
2012-04-19,5.25,-0.8593745380263579,-0.8593745380263579
2012-04-22,7.0,-0.557470992429806,-0.557470992429806
2012-04-23,7.25,-0.5143419144874415,-0.5143419144874415
2012-04-24,9.5,-0.12618021300616053,-0.12618021300616053
2012-04-25,8.5,-0.29869652477561875,-0.29869652477561875
2012-04-26,9.5,-0.12618021300616053,-0.12618021300616053
2012-04-29,6.0,-0.7299873041992643,-0.7299873041992643
2012-04-30,7.75,-0.42808375860271236,-0.42808375860271236
2012-05-01,8.75,-0.25556744683325416,-0.25556744683325416
2012-05-02,6.0,-0.7299873041992643,-0.7299873041992643
2012-05-03,11.5,0.21885241053275586,0.21885241053275586
2012-05-06,7.25,-0.5143419144874415,-0.5143419144874415
2012-05-07,8.5,-0.29869652477561875,-0.29869652477561875
2012-05-08,7.0,-0.557470992429806,-0.557470992429806
2012-05-09,7.75,-0.42808375860271236,-0.42808375860271236
2012-05-10,4.25,-1.0318908497958161,-1.0318908497958161
2012-05-13,8.25,-0.3418256027179833,-0.3418256027179833
2012-05-14,6.5,-0.6437291483145351,-0.6437291483145351
2012-05-15,9.25,-0.1693092909485251,-0.1693092909485251
2012-05-16,10.5,0.04633609876329766,0.04633609876329766
2012-05-17,5.75,-0.7731163821416288,-0.7731163821416288
2012-05-20,6.25,-0.6868582262568996,-0.6868582262568996
2012-05-21,7.25,-0.5143419144874415,-0.5143419144874415
2012-05-22,8.0,-0.3849546806603478,-0.3849546806603478
2012-05-23,8.75,-0.25556744683325416,-0.25556744683325416
2012-05-24,8.25,-0.3418256027179833,-0.3418256027179833
2012-05-28,9.25,-0.1693092909485251,-0.1693092909485251
2012-05-29,18.0,1.3402084370342342,1.3402084370342342
2012-05-30,13.25,0.5207559561293077,0.5207559561293077
2012-05-31,15.5,0.9089176576105886,0.9089176576105886
2012-06-03,13.75,0.6070141120140368,0.6070141120140368
2012-06-04,8.5,-0.29869652477561875,-0.29869652477561875
2012-06-05,13.0,0.47762687818694316,0.47762687818694316
2012-06-06,6.0,-0.7299873041992643,-0.7299873041992643
2012-06-07,11.25,0.1757233325903913,0.1757233325903913
2012-06-10,21.5,1.944015528227338,1.944015528227338
2012-06-11,11.0,0.13259425464802677,0.13259425464802677
2012-06-12,12.25,0.3482396443598495,0.3482396443598495
2012-06-13,8.5,-0.29869652477561875,-0.29869652477561875
2012-06-14,6.75,-0.6006000703721706,-0.6006000703721706
2012-06-17,10.5,0.04633609876329766,0.04633609876329766
2012-06-18,7.5,-0.47121283654507695,-0.47121283654507695
2012-06-19,8.0,-0.3849546806603478,-0.3849546806603478
2012-06-20,8.5,-0.29869652477561875,-0.29869652477561875
2012-06-21,8.5,-0.29869652477561875,-0.29869652477561875
2012-06-24,9.5,-0.12618021300616053,-0.12618021300616053
2012-06-25,7.0,-0.557470992429806,-0.557470992429806
2012-06-26,5.0,-0.9025036159687224,-0.9025036159687224
2012-06-27,10.0,-0.03992205712143144,-0.03992205712143144
2012-06-28,14.5,0.7364013458411305,0.7364013458411305
2012-07-01,15.0,0.8226595017258596,0.8226595017258596
2012-07-02,7.25,-0.5143419144874415,-0.5143419144874415
2012-07-04,8.0,-0.3849546806603478,-0.3849546806603478
2012-07-05,8.25,-0.3418256027179833,-0.3418256027179833
2012-07-08,4.75,-0.945632693911087,-0.945632693911087
2012-07-09,4.75,-0.945632693911087,-0.945632693911087
2012-07-10,8.0,-0.3849546806603478,-0.3849546806603478
2012-07-11,5.75,-0.7731163821416288,-0.7731163821416288
2012-07-12,6.5,-0.6437291483145351,-0.6437291483145351
2012-07-15,7.5,-0.47121283654507695,-0.47121283654507695
2012-07-16,6.0,-0.7299873041992643,-0.7299873041992643
2012-07-17,5.75,-0.7731163821416288,-0.7731163821416288
2012-07-18,4.75,-0.945632693911087,-0.945632693911087
2012-07-19,8.0,-0.3849546806603478,-0.3849546806603478
2012-07-22,7.0,-0.557470992429806,-0.557470992429806
2012-07-23,9.0,-0.21243836889088963,-0.21243836889088963
2012-07-24,8.0,-0.3849546806603478,-0.3849546806603478
2012-07-25,7.0,-0.557470992429806,-0.557470992429806
2012-07-26,18.25,1.3833375149765987,1.3833375149765987
2012-07-29,9.75,-0.083051135063796,-0.083051135063796
2012-07-30,7.5,-0.47121283654507695,-0.47121283654507695
2012-07-31,11.25,0.1757233325903913,0.1757233325903913
2012-08-01,16.0,0.9951758134953177,0.9951758134953177
2012-08-02,15.0,0.8226595017258596,0.8226595017258596
2012-08-05,7.25,-0.5143419144874415,-0.5143419144874415
2012-08-06,11.0,0.13259425464802677,0.13259425464802677
2012-08-07,7.5,-0.47121283654507695,-0.47121283654507695
2012-08-08,6.5,-0.6437291483145351,-0.6437291483145351
2012-08-09,7.75,-0.42808375860271236,-0.42808375860271236
2012-08-12,5.75,-0.7731163821416288,-0.7731163821416288
2012-08-13,9.5,-0.12618021300616053,-0.12618021300616053
2012-08-14,11.5,0.21885241053275586,0.21885241053275586
2012-08-15,8.75,-0.25556744683325416,-0.25556744683325416
2012-08-16,5.75,-0.7731163821416288,-0.7731163821416288
2012-08-19,8.25,-0.3418256027179833,-0.3418256027179833
2012-08-20,8.0,-0.3849546806603478,-0.3849546806603478
2012-08-21,14.75,0.779530423783495,0.779530423783495
2012-08-22,7.75,-0.42808375860271236,-0.42808375860271236
2012-08-23,7.5,-0.47121283654507695,-0.47121283654507695
2012-08-26,6.75,-0.6006000703721706,-0.6006000703721706
2012-08-27,6.0,-0.7299873041992643,-0.7299873041992643
2012-08-28,6.0,-0.7299873041992643,-0.7299873041992643
2012-08-29,7.5,-0.47121283654507695,-0.47121283654507695
2012-08-30,15.5,0.9089176576105886,0.9089176576105886
2012-09-03,7.25,-0.5143419144874415,-0.5143419144874415
2012-09-04,6.0,-0.7299873041992643,-0.7299873041992643
2012-09-05,11.0,0.13259425464802677,0.13259425464802677
2012-09-06,19.5,1.5989829046884214,1.5989829046884214
2012-09-09,5.75,-0.7731163821416288,-0.7731163821416288
2012-09-10,6.5,-0.6437291483145351,-0.6437291483145351
2012-09-11,7.75,-0.42808375860271236,-0.42808375860271236
2012-09-12,16.0,0.9951758134953177,0.9951758134953177
2012-09-13,18.25,1.3833375149765987,1.3833375149765987
2012-09-16,6.5,-0.6437291483145351,-0.6437291483145351
2012-09-17,5.5,-0.8162454600839933,-0.8162454600839933
2012-09-18,7.75,-0.42808375860271236,-0.42808375860271236
2012-09-19,8.5,-0.29869652477561875,-0.29869652477561875
2012-09-20,8.25,-0.3418256027179833,-0.3418256027179833
2012-09-23,6.5,-0.6437291483145351,-0.6437291483145351
2012-09-24,8.25,-0.3418256027179833,-0.3418256027179833
2012-09-25,8.5,-0.29869652477561875,-0.29869652477561875
2012-09-26,4.75,-0.945632693911087,-0.945632693911087
2012-09-27,7.75,-0.42808375860271236,-0.42808375860271236
2012-09-30,5.0,-0.9025036159687224,-0.9025036159687224
2012-10-01,4.75,-0.945632693911087,-0.945632693911087
2012-10-02,4.5,-0.9887617718534515,-0.9887617718534515
2012-10-03,7.25,-0.5143419144874415,-0.5143419144874415
2012-10-04,10.0,-0.03992205712143144,-0.03992205712143144
2012-10-07,6.25,-0.6868582262568996,-0.6868582262568996
2012-10-08,6.5,-0.6437291483145351,-0.6437291483145351
2012-10-09,8.75,-0.25556744683325416,-0.25556744683325416
2012-10-10,9.0,-0.21243836889088963,-0.21243836889088963
2012-10-11,7.0,-0.557470992429806,-0.557470992429806
2012-10-14,5.25,-0.8593745380263579,-0.8593745380263579
2012-10-15,8.75,-0.25556744683325416,-0.25556744683325416
2012-10-16,13.25,0.5207559561293077,0.5207559561293077
2012-10-17,6.25,-0.6868582262568996,-0.6868582262568996
2012-10-18,9.0,-0.21243836889088963,-0.21243836889088963
2012-10-21,8.0,-0.3849546806603478,-0.3849546806603478
2012-10-22,8.5,-0.29869652477561875,-0.29869652477561875
2012-10-23,5.5,-0.8162454600839933,-0.8162454600839933
2012-10-24,9.75,-0.083051135063796,-0.083051135063796
2012-10-25,13.25,0.5207559561293077,0.5207559561293077
2012-10-30,10.75,0.0894651767056622,0.0894651767056622
2012-10-31,5.0,-0.9025036159687224,-0.9025036159687224
2012-11-01,9.25,-0.1693092909485251,-0.1693092909485251
2012-11-04,7.25,-0.5143419144874415,-0.5143419144874415
2012-11-05,8.75,-0.25556744683325416,-0.25556744683325416
2012-11-06,17.0,1.1676921252647758,1.1676921252647758
2012-11-07,9.0,-0.21243836889088963,-0.21243836889088963
2012-11-08,8.25,-0.3418256027179833,-0.3418256027179833
2012-11-11,3.75,-1.1181490056805452,-1.1181490056805452
2012-11-12,5.75,-0.7731163821416288,-0.7731163821416288
2012-11-13,6.75,-0.6006000703721706,-0.6006000703721706
2012-11-14,5.5,-0.8162454600839933,-0.8162454600839933
2012-11-15,6.75,-0.6006000703721706,-0.6006000703721706
2012-11-18,5.75,-0.7731163821416288,-0.7731163821416288
2012-11-19,8.0,-0.3849546806603478,-0.3849546806603478
2012-11-20,6.5,-0.6437291483145351,-0.6437291483145351
2012-11-22,4.25,-1.0318908497958161,-1.0318908497958161
2012-11-25,7.25,-0.5143419144874415,-0.5143419144874415
2012-11-26,6.0,-0.7299873041992643,-0.7299873041992643
2012-11-27,5.0,-0.9025036159687224,-0.9025036159687224
2012-11-28,5.0,-0.9025036159687224,-0.9025036159687224
2012-11-29,4.5,-0.9887617718534515,-0.9887617718534515
2012-12-02,5.75,-0.7731163821416288,-0.7731163821416288
2012-12-03,4.5,-0.9887617718534515,-0.9887617718534515
2012-12-04,6.25,-0.6868582262568996,-0.6868582262568996
2012-12-05,4.0,-1.0750199277381807,-1.0750199277381807
2012-12-06,15.5,0.9089176576105886,0.9089176576105886
2012-12-09,4.0,-1.0750199277381807,-1.0750199277381807
2012-12-10,5.5,-0.8162454600839933,-0.8162454600839933
2012-12-11,7.5,-0.47121283654507695,-0.47121283654507695
2012-12-12,9.75,-0.083051135063796,-0.083051135063796
2012-12-13,4.25,-1.0318908497958161,-1.0318908497958161
2012-12-16,7.75,-0.42808375860271236,-0.42808375860271236
2012-12-17,8.0,-0.3849546806603478,-0.3849546806603478
2012-12-18,5.75,-0.7731163821416288,-0.7731163821416288
2012-12-19,4.25,-1.0318908497958161,-1.0318908497958161
2012-12-20,9.25,-0.1693092909485251,-0.1693092909485251
2012-12-23,3.5,-1.1612780836229097,-1.1612780836229097
2012-12-25,5.5,-0.8162454600839933,-0.8162454600839933
2012-12-26,11.25,0.1757233325903913,0.1757233325903913
2012-12-27,6.0,-0.7299873041992643,-0.7299873041992643
2012-12-30,12.0,0.30511056641748496,0.30511056641748496
2013-01-01,5.5,-0.8162454600839933,-0.8162454600839933
2013-01-02,12.0,0.30511056641748496,0.30511056641748496
2013-01-03,8.25,-0.3418256027179833,-0.3418256027179833
2013-01-06,4.25,-1.0318908497958161,-1.0318908497958161
2013-01-07,5.75,-0.7731163821416288,-0.7731163821416288
2013-01-08,7.25,-0.5143419144874415,-0.5143419144874415
2013-01-09,6.25,-0.6868582262568996,-0.6868582262568996
2013-01-10,9.0,-0.21243836889088963,-0.21243836889088963
2013-01-13,6.0,-0.7299873041992643,-0.7299873041992643
2013-01-14,6.0,-0.7299873041992643,-0.7299873041992643
2013-01-15,4.75,-0.945632693911087,-0.945632693911087
2013-01-16,11.75,0.2619814884751204,0.2619814884751204
2013-01-17,8.75,-0.25556744683325416,-0.25556744683325416
2013-01-21,7.5,-0.47121283654507695,-0.47121283654507695
2013-01-22,5.0,-0.9025036159687224,-0.9025036159687224
2013-01-23,9.0,-0.21243836889088963,-0.21243836889088963
2013-01-24,13.5,0.5638850340716722,0.5638850340716722
2013-01-27,9.25,-0.1693092909485251,-0.1693092909485251
2013-01-28,6.0,-0.7299873041992643,-0.7299873041992643
2013-01-29,8.0,-0.3849546806603478,-0.3849546806603478
2013-01-30,6.75,-0.6006000703721706,-0.6006000703721706
2013-01-31,14.25,0.693272267898766,0.693272267898766
2013-02-03,15.5,0.9089176576105886,0.9089176576105886
2013-02-04,8.5,-0.29869652477561875,-0.29869652477561875
2013-02-05,6.75,-0.6006000703721706,-0.6006000703721706
2013-02-06,8.75,-0.25556744683325416,-0.25556744683325416
2013-02-07,7.75,-0.42808375860271236,-0.42808375860271236
2013-02-10,4.5,-0.9887617718534515,-0.9887617718534515
2013-02-11,5.25,-0.8593745380263579,-0.8593745380263579
2013-02-12,8.25,-0.3418256027179833,-0.3418256027179833
2013-02-13,9.25,-0.1693092909485251,-0.1693092909485251
2013-02-14,7.5,-0.47121283654507695,-0.47121283654507695
2013-02-18,6.0,-0.7299873041992643,-0.7299873041992643
2013-02-19,6.75,-0.6006000703721706,-0.6006000703721706
2013-02-20,8.5,-0.29869652477561875,-0.29869652477561875
2013-02-21,5.5,-0.8162454600839933,-0.8162454600839933
2013-02-24,18.0,1.3402084370342342,1.3402084370342342
2013-02-25,7.5,-0.47121283654507695,-0.47121283654507695
2013-02-26,7.25,-0.5143419144874415,-0.5143419144874415
2013-02-27,4.75,-0.945632693911087,-0.945632693911087
2013-02-28,5.0,-0.9025036159687224,-0.9025036159687224
2013-03-03,6.0,-0.7299873041992643,-0.7299873041992643
2013-03-04,5.25,-0.8593745380263579,-0.8593745380263579
2013-03-05,6.0,-0.7299873041992643,-0.7299873041992643
2013-03-06,9.5,-0.12618021300616053,-0.12618021300616053
2013-03-07,11.25,0.1757233325903913,0.1757233325903913
2013-03-10,4.0,-1.0750199277381807,-1.0750199277381807
2013-03-11,7.0,-0.557470992429806,-0.557470992429806
2013-03-12,6.25,-0.6868582262568996,-0.6868582262568996
2013-03-13,7.0,-0.557470992429806,-0.557470992429806
2013-03-14,9.0,-0.21243836889088963,-0.21243836889088963
2013-03-17,8.0,-0.3849546806603478,-0.3849546806603478
2013-03-18,8.5,-0.29869652477561875,-0.29869652477561875
2013-03-19,9.0,-0.21243836889088963,-0.21243836889088963
2013-03-20,6.25,-0.6868582262568996,-0.6868582262568996
2013-03-21,6.5,-0.6437291483145351,-0.6437291483145351
2013-03-24,10.5,0.04633609876329766,0.04633609876329766
2013-03-25,6.75,-0.6006000703721706,-0.6006000703721706
2013-03-26,11.5,0.21885241053275586,0.21885241053275586
2013-03-27,7.25,-0.5143419144874415,-0.5143419144874415
2013-03-31,8.25,-0.3418256027179833,-0.3418256027179833
2013-04-01,5.5,-0.8162454600839933,-0.8162454600839933
2013-04-02,11.25,0.1757233325903913,0.1757233325903913
2013-04-03,8.75,-0.25556744683325416,-0.25556744683325416
2013-04-04,11.5,0.21885241053275586,0.21885241053275586
2013-04-07,7.0,-0.557470992429806,-0.557470992429806
2013-04-08,5.5,-0.8162454600839933,-0.8162454600839933
2013-04-09,8.25,-0.3418256027179833,-0.3418256027179833
2013-04-10,5.25,-0.8593745380263579,-0.8593745380263579
2013-04-11,8.25,-0.3418256027179833,-0.3418256027179833
2013-04-14,6.5,-0.6437291483145351,-0.6437291483145351
2013-04-15,7.5,-0.47121283654507695,-0.47121283654507695
2013-04-16,7.5,-0.47121283654507695,-0.47121283654507695
2013-04-17,4.75,-0.945632693911087,-0.945632693911087
2013-04-18,3.5,-1.1612780836229097,-1.1612780836229097
2013-04-21,7.75,-0.42808375860271236,-0.42808375860271236
2013-04-22,9.0,-0.21243836889088963,-0.21243836889088963
2013-04-23,5.25,-0.8593745380263579,-0.8593745380263579
2013-04-24,4.0,-1.0750199277381807,-1.0750199277381807
2013-04-25,6.75,-0.6006000703721706,-0.6006000703721706
2013-04-28,3.25,-1.2044071615652743,-1.2044071615652743
2013-04-29,6.5,-0.6437291483145351,-0.6437291483145351
2013-04-30,8.0,-0.3849546806603478,-0.3849546806603478
2013-05-01,5.0,-0.9025036159687224,-0.9025036159687224
2013-05-02,15.25,0.8657885796682241,0.8657885796682241
2013-05-05,4.75,-0.945632693911087,-0.945632693911087
2013-05-06,5.75,-0.7731163821416288,-0.7731163821416288
2013-05-07,5.5,-0.8162454600839933,-0.8162454600839933
2013-05-08,4.75,-0.945632693911087,-0.945632693911087
2013-05-09,14.25,0.693272267898766,0.693272267898766
2013-05-12,7.0,-0.557470992429806,-0.557470992429806
2013-05-13,10.25,0.0032070208209331093,0.0032070208209331093
2013-05-14,8.5,-0.29869652477561875,-0.29869652477561875
2013-05-15,13.0,0.47762687818694316,0.47762687818694316
2013-05-16,12.0,0.30511056641748496,0.30511056641748496
2013-05-19,7.5,-0.47121283654507695,-0.47121283654507695
2013-05-20,9.25,-0.1693092909485251,-0.1693092909485251
2013-05-21,20.25,1.728370138515515,1.728370138515515
2013-05-22,13.75,0.6070141120140368,0.6070141120140368
2013-05-23,7.25,-0.5143419144874415,-0.5143419144874415
2013-05-27,21.0,1.8577573723426086,1.8577573723426086
2013-05-28,15.5,0.9089176576105886,0.9089176576105886
2013-05-29,8.75,-0.25556744683325416,-0.25556744683325416
2013-05-30,18.0,1.3402084370342342,1.3402084370342342
2013-06-02,16.0,0.9951758134953177,0.9951758134953177
2013-06-03,6.75,-0.6006000703721706,-0.6006000703721706
2013-06-04,11.0,0.13259425464802677,0.13259425464802677
2013-06-05,17.5,1.2539502811495051,1.2539502811495051
2013-06-06,19.0,1.5127247488036923,1.5127247488036923
2013-06-09,9.25,-0.1693092909485251,-0.1693092909485251
2013-06-10,13.75,0.6070141120140368,0.6070141120140368
2013-06-11,7.75,-0.42808375860271236,-0.42808375860271236
2013-06-12,13.25,0.5207559561293077,0.5207559561293077
2013-06-13,7.0,-0.557470992429806,-0.557470992429806
2013-06-16,8.0,-0.3849546806603478,-0.3849546806603478
2013-06-17,4.75,-0.945632693911087,-0.945632693911087
2013-06-18,8.25,-0.3418256027179833,-0.3418256027179833
2013-06-19,15.75,0.9520467355529532,0.9520467355529532
2013-06-20,21.75,1.9871446061697025,1.9871446061697025
2013-06-23,19.75,1.642111982630786,1.642111982630786
2013-06-24,16.5,1.0814339693800468,1.0814339693800468
2013-06-25,17.75,1.2970793590918697,1.2970793590918697
2013-06-26,11.5,0.21885241053275586,0.21885241053275586
2013-06-27,15.0,0.8226595017258596,0.8226595017258596
2013-06-30,11.5,0.21885241053275586,0.21885241053275586
2013-07-01,6.25,-0.6868582262568996,-0.6868582262568996
2013-07-02,14.25,0.693272267898766,0.693272267898766
2013-07-04,34.0,4.100469425345565,4.100469425345565
2013-07-07,15.75,0.9520467355529532,0.9520467355529532
2013-07-08,7.75,-0.42808375860271236,-0.42808375860271236
2013-07-09,9.0,-0.21243836889088963,-0.21243836889088963
2013-07-10,10.5,0.04633609876329766,0.04633609876329766
2013-07-11,11.75,0.2619814884751204,0.2619814884751204
2013-07-14,12.75,0.4344978002445786,0.4344978002445786
2013-07-15,6.25,-0.6868582262568996,-0.6868582262568996
2013-07-16,15.5,0.9089176576105886,0.9089176576105886
2013-07-17,10.75,0.0894651767056622,0.0894651767056622
2013-07-18,7.25,-0.5143419144874415,-0.5143419144874415
2013-07-21,4.0,-1.0750199277381807,-1.0750199277381807
2013-07-22,7.0,-0.557470992429806,-0.557470992429806
2013-07-23,15.0,0.8226595017258596,0.8226595017258596
2013-07-24,9.25,-0.1693092909485251,-0.1693092909485251
2013-07-25,5.75,-0.7731163821416288,-0.7731163821416288
2013-07-28,7.0,-0.557470992429806,-0.557470992429806
2013-07-29,4.75,-0.945632693911087,-0.945632693911087
2013-07-30,17.5,1.2539502811495051,1.2539502811495051
2013-07-31,19.0,1.5127247488036923,1.5127247488036923
2013-08-01,23.5,2.2890481517662544,2.2890481517662544
2013-08-04,7.5,-0.47121283654507695,-0.47121283654507695
2013-08-05,4.75,-0.945632693911087,-0.945632693911087
2013-08-06,6.75,-0.6006000703721706,-0.6006000703721706
2013-08-07,5.25,-0.8593745380263579,-0.8593745380263579
2013-08-08,3.75,-1.1181490056805452,-1.1181490056805452
2013-08-11,8.0,-0.3849546806603478,-0.3849546806603478
2013-08-12,15.0,0.8226595017258596,0.8226595017258596
2013-08-13,5.5,-0.8162454600839933,-0.8162454600839933
2013-08-14,17.0,1.1676921252647758,1.1676921252647758
2013-08-15,13.0,0.47762687818694316,0.47762687818694316
2013-08-18,8.5,-0.29869652477561875,-0.29869652477561875
2013-08-19,10.0,-0.03992205712143144,-0.03992205712143144
2013-08-20,13.5,0.5638850340716722,0.5638850340716722
2013-08-21,7.75,-0.42808375860271236,-0.42808375860271236
2013-08-22,16.75,1.1245630473224113,1.1245630473224113
2013-08-25,7.5,-0.47121283654507695,-0.47121283654507695
2013-08-26,13.5,0.5638850340716722,0.5638850340716722
2013-08-27,11.25,0.1757233325903913,0.1757233325903913
2013-08-28,11.5,0.21885241053275586,0.21885241053275586
2013-08-29,8.5,-0.29869652477561875,-0.29869652477561875
2013-09-02,13.75,0.6070141120140368,0.6070141120140368
2013-09-03,9.25,-0.1693092909485251,-0.1693092909485251
2013-09-04,13.0,0.47762687818694316,0.47762687818694316
2013-09-05,22.25,2.0734027620544313,2.0734027620544313
2013-09-08,9.25,-0.1693092909485251,-0.1693092909485251
2013-09-09,6.0,-0.7299873041992643,-0.7299873041992643
2013-09-10,9.0,-0.21243836889088963,-0.21243836889088963
2013-09-11,6.75,-0.6006000703721706,-0.6006000703721706
2013-09-12,10.5,0.04633609876329766,0.04633609876329766
2013-09-15,12.25,0.3482396443598495,0.3482396443598495
2013-09-16,5.5,-0.8162454600839933,-0.8162454600839933
2013-09-17,32.0,3.755436801806649,3.755436801806649
2013-09-18,13.0,0.47762687818694316,0.47762687818694316
2013-09-19,8.25,-0.3418256027179833,-0.3418256027179833
2013-09-22,8.5,-0.29869652477561875,-0.29869652477561875
2013-09-23,8.75,-0.25556744683325416,-0.25556744683325416
2013-09-24,8.25,-0.3418256027179833,-0.3418256027179833
2013-09-25,5.25,-0.8593745380263579,-0.8593745380263579
2013-09-26,9.25,-0.1693092909485251,-0.1693092909485251
2013-09-29,9.25,-0.1693092909485251,-0.1693092909485251
2013-09-30,7.0,-0.557470992429806,-0.557470992429806
2013-10-01,11.25,0.1757233325903913,0.1757233325903913
2013-10-02,11.25,0.1757233325903913,0.1757233325903913
2013-10-03,8.25,-0.3418256027179833,-0.3418256027179833
2013-10-06,4.75,-0.945632693911087,-0.945632693911087
2013-10-07,6.5,-0.6437291483145351,-0.6437291483145351
2013-10-08,7.25,-0.5143419144874415,-0.5143419144874415
2013-10-09,8.25,-0.3418256027179833,-0.3418256027179833
2013-10-10,7.5,-0.47121283654507695,-0.47121283654507695
2013-10-13,11.0,0.13259425464802677,0.13259425464802677
2013-10-14,6.75,-0.6006000703721706,-0.6006000703721706
2013-10-15,12.75,0.4344978002445786,0.4344978002445786
2013-10-16,12.25,0.3482396443598495,0.3482396443598495
2013-10-17,8.75,-0.25556744683325416,-0.25556744683325416
2013-10-20,5.25,-0.8593745380263579,-0.8593745380263579
2013-10-21,12.75,0.4344978002445786,0.4344978002445786
2013-10-22,5.25,-0.8593745380263579,-0.8593745380263579
2013-10-23,6.25,-0.6868582262568996,-0.6868582262568996
2013-10-24,5.25,-0.8593745380263579,-0.8593745380263579
2013-10-27,4.5,-0.9887617718534515,-0.9887617718534515
2013-10-28,5.0,-0.9025036159687224,-0.9025036159687224
2013-10-29,12.25,0.3482396443598495,0.3482396443598495
2013-10-30,11.0,0.13259425464802677,0.13259425464802677
2013-10-31,9.5,-0.12618021300616053,-0.12618021300616053
2013-11-03,6.25,-0.6868582262568996,-0.6868582262568996
2013-11-04,10.5,0.04633609876329766,0.04633609876329766
2013-11-05,8.5,-0.29869652477561875,-0.29869652477561875
2013-11-06,9.0,-0.21243836889088963,-0.21243836889088963
2013-11-07,28.0,3.0653715547288165,3.0653715547288165
2013-11-10,4.25,-1.0318908497958161,-1.0318908497958161
2013-11-11,6.0,-0.7299873041992643,-0.7299873041992643
2013-11-12,14.5,0.7364013458411305,0.7364013458411305
2013-11-13,8.75,-0.25556744683325416,-0.25556744683325416
2013-11-14,6.25,-0.6868582262568996,-0.6868582262568996
2013-11-17,8.0,-0.3849546806603478,-0.3849546806603478
2013-11-18,7.5,-0.47121283654507695,-0.47121283654507695
2013-11-19,13.75,0.6070141120140368,0.6070141120140368
2013-11-20,9.0,-0.21243836889088963,-0.21243836889088963
2013-11-21,5.75,-0.7731163821416288,-0.7731163821416288
2013-11-24,6.25,-0.6868582262568996,-0.6868582262568996
2013-11-25,6.25,-0.6868582262568996,-0.6868582262568996
2013-11-26,9.0,-0.21243836889088963,-0.21243836889088963
2013-11-28,3.75,-1.1181490056805452,-1.1181490056805452
2013-12-01,9.25,-0.1693092909485251,-0.1693092909485251
2013-12-02,6.75,-0.6006000703721706,-0.6006000703721706
2013-12-03,10.0,-0.03992205712143144,-0.03992205712143144
2013-12-04,8.5,-0.29869652477561875,-0.29869652477561875
2013-12-05,13.0,0.47762687818694316,0.47762687818694316
2013-12-08,5.5,-0.8162454600839933,-0.8162454600839933
2013-12-09,7.25,-0.5143419144874415,-0.5143419144874415
2013-12-10,6.25,-0.6868582262568996,-0.6868582262568996
2013-12-11,6.75,-0.6006000703721706,-0.6006000703721706
2013-12-12,3.0,-1.2475362395076388,-1.2475362395076388
2013-12-15,5.25,-0.8593745380263579,-0.8593745380263579
2013-12-16,7.0,-0.557470992429806,-0.557470992429806
2013-12-17,15.5,0.9089176576105886,0.9089176576105886
2013-12-18,13.25,0.5207559561293077,0.5207559561293077
2013-12-19,9.75,-0.083051135063796,-0.083051135063796
2013-12-22,5.5,-0.8162454600839933,-0.8162454600839933
2013-12-23,8.75,-0.25556744683325416,-0.25556744683325416
2013-12-25,3.0,-1.2475362395076388,-1.2475362395076388
2013-12-26,6.25,-0.6868582262568996,-0.6868582262568996
2013-12-29,7.0,-0.557470992429806,-0.557470992429806
2013-12-30,8.25,-0.3418256027179833,-0.3418256027179833
2014-01-01,8.0,-0.3849546806603478,-0.3849546806603478
2014-01-02,5.5,-0.8162454600839933,-0.8162454600839933
2014-01-05,10.5,0.04633609876329766,0.04633609876329766
2014-01-06,4.5,-0.9887617718534515,-0.9887617718534515
2014-01-07,9.75,-0.083051135063796,-0.083051135063796
2014-01-08,5.5,-0.8162454600839933,-0.8162454600839933
2014-01-09,17.5,1.2539502811495051,1.2539502811495051
2014-01-12,6.5,-0.6437291483145351,-0.6437291483145351
2014-01-13,7.5,-0.47121283654507695,-0.47121283654507695
2014-01-14,8.25,-0.3418256027179833,-0.3418256027179833
2014-01-15,8.25,-0.3418256027179833,-0.3418256027179833
2014-01-16,5.5,-0.8162454600839933,-0.8162454600839933
2014-01-20,9.25,-0.1693092909485251,-0.1693092909485251
2014-01-21,7.75,-0.42808375860271236,-0.42808375860271236
2014-01-22,17.0,1.1676921252647758,1.1676921252647758
2014-01-23,13.25,0.5207559561293077,0.5207559561293077
2014-01-26,7.75,-0.42808375860271236,-0.42808375860271236
2014-01-27,7.5,-0.47121283654507695,-0.47121283654507695
2014-01-28,16.25,1.0383048914376822,1.0383048914376822
2014-01-29,7.25,-0.5143419144874415,-0.5143419144874415
2014-01-30,9.0,-0.21243836889088963,-0.21243836889088963
2014-02-02,14.25,0.693272267898766,0.693272267898766
2014-02-03,6.5,-0.6437291483145351,-0.6437291483145351
2014-02-04,10.75,0.0894651767056622,0.0894651767056622
2014-02-05,6.75,-0.6006000703721706,-0.6006000703721706
2014-02-06,17.0,1.1676921252647758,1.1676921252647758
2014-02-09,4.5,-0.9887617718534515,-0.9887617718534515
2014-02-10,8.5,-0.29869652477561875,-0.29869652477561875
2014-02-11,8.25,-0.3418256027179833,-0.3418256027179833
2014-02-12,9.0,-0.21243836889088963,-0.21243836889088963
2014-02-13,6.5,-0.6437291483145351,-0.6437291483145351
2014-02-17,8.75,-0.25556744683325416,-0.25556744683325416
2014-02-18,10.0,-0.03992205712143144,-0.03992205712143144
2014-02-19,11.25,0.1757233325903913,0.1757233325903913
2014-02-20,6.0,-0.7299873041992643,-0.7299873041992643
2014-02-23,6.25,-0.6868582262568996,-0.6868582262568996
2014-02-24,6.25,-0.6868582262568996,-0.6868582262568996
2014-02-25,7.75,-0.42808375860271236,-0.42808375860271236
2014-02-26,5.75,-0.7731163821416288,-0.7731163821416288
2014-02-27,10.5,0.04633609876329766,0.04633609876329766
2014-03-02,7.75,-0.42808375860271236,-0.42808375860271236
2014-03-03,12.0,0.30511056641748496,0.30511056641748496
2014-03-04,6.0,-0.7299873041992643,-0.7299873041992643
2014-03-05,7.25,-0.5143419144874415,-0.5143419144874415
2014-03-06,13.0,0.47762687818694316,0.47762687818694316
2014-03-09,4.75,-0.945632693911087,-0.945632693911087
2014-03-10,4.75,-0.945632693911087,-0.945632693911087
2014-03-11,8.25,-0.3418256027179833,-0.3418256027179833
2014-03-12,14.5,0.7364013458411305,0.7364013458411305
2014-03-13,7.75,-0.42808375860271236,-0.42808375860271236
2014-03-16,5.75,-0.7731163821416288,-0.7731163821416288
2014-03-18,22.0,2.0302736841120668,2.0302736841120668
2014-03-19,4.25,-1.0318908497958161,-1.0318908497958161
2014-03-20,4.5,-0.9887617718534515,-0.9887617718534515
2014-03-23,7.25,-0.5143419144874415,-0.5143419144874415
2014-03-24,4.75,-0.945632693911087,-0.945632693911087
2014-03-25,10.25,0.0032070208209331093,0.0032070208209331093
2014-03-26,6.0,-0.7299873041992643,-0.7299873041992643
2014-03-27,8.0,-0.3849546806603478,-0.3849546806603478
2014-03-30,6.75,-0.6006000703721706,-0.6006000703721706
2014-03-31,4.25,-1.0318908497958161,-1.0318908497958161
2014-04-01,9.25,-0.1693092909485251,-0.1693092909485251
2014-04-02,4.25,-1.0318908497958161,-1.0318908497958161
2014-04-03,16.25,1.0383048914376822,1.0383048914376822
2014-04-06,6.0,-0.7299873041992643,-0.7299873041992643
2014-04-07,6.25,-0.6868582262568996,-0.6868582262568996
2014-04-08,8.75,-0.25556744683325416,-0.25556744683325416
2014-04-09,12.25,0.3482396443598495,0.3482396443598495
2014-04-10,7.5,-0.47121283654507695,-0.47121283654507695
2014-04-13,10.0,-0.03992205712143144,-0.03992205712143144
2014-04-14,8.25,-0.3418256027179833,-0.3418256027179833
2014-04-15,5.5,-0.8162454600839933,-0.8162454600839933
2014-04-16,14.75,0.779530423783495,0.779530423783495
2014-04-20,6.0,-0.7299873041992643,-0.7299873041992643
2014-04-21,6.25,-0.6868582262568996,-0.6868582262568996
2014-04-22,7.0,-0.557470992429806,-0.557470992429806
2014-04-23,7.5,-0.47121283654507695,-0.47121283654507695
2014-04-24,6.25,-0.6868582262568996,-0.6868582262568996
2014-04-27,7.25,-0.5143419144874415,-0.5143419144874415
2014-04-28,6.0,-0.7299873041992643,-0.7299873041992643
2014-04-29,10.25,0.0032070208209331093,0.0032070208209331093
2014-04-30,8.0,-0.3849546806603478,-0.3849546806603478
2014-05-01,18.0,1.3402084370342342,1.3402084370342342
2014-05-04,6.0,-0.7299873041992643,-0.7299873041992643
2014-05-05,4.25,-1.0318908497958161,-1.0318908497958161
2014-05-06,8.0,-0.3849546806603478,-0.3849546806603478
2014-05-07,6.25,-0.6868582262568996,-0.6868582262568996
2014-05-08,4.5,-0.9887617718534515,-0.9887617718534515
2014-05-11,5.0,-0.9025036159687224,-0.9025036159687224
2014-05-12,8.0,-0.3849546806603478,-0.3849546806603478
2014-05-13,12.5,0.39136872230221403,0.39136872230221403
2014-05-14,12.25,0.3482396443598495,0.3482396443598495
2014-05-15,5.25,-0.8593745380263579,-0.8593745380263579
2014-05-18,6.25,-0.6868582262568996,-0.6868582262568996
2014-05-19,6.75,-0.6006000703721706,-0.6006000703721706
2014-05-20,8.75,-0.25556744683325416,-0.25556744683325416
2014-05-21,5.0,-0.9025036159687224,-0.9025036159687224
2014-05-22,4.75,-0.945632693911087,-0.945632693911087
2014-05-26,5.0,-0.9025036159687224,-0.9025036159687224
2014-05-27,10.5,0.04633609876329766,0.04633609876329766
2014-05-28,8.75,-0.25556744683325416,-0.25556744683325416
2014-05-29,5.0,-0.9025036159687224,-0.9025036159687224
2014-06-01,9.0,-0.21243836889088963,-0.21243836889088963
2014-06-02,10.25,0.0032070208209331093,0.0032070208209331093
2014-06-03,6.5,-0.6437291483145351,-0.6437291483145351
2014-06-04,10.0,-0.03992205712143144,-0.03992205712143144
2014-06-05,9.75,-0.083051135063796,-0.083051135063796
2014-06-08,4.75,-0.945632693911087,-0.945632693911087
2014-06-09,6.0,-0.7299873041992643,-0.7299873041992643
2014-06-10,7.0,-0.557470992429806,-0.557470992429806
2014-06-11,10.25,0.0032070208209331093,0.0032070208209331093
2014-06-12,6.5,-0.6437291483145351,-0.6437291483145351
2014-06-15,5.25,-0.8593745380263579,-0.8593745380263579
2014-06-16,8.0,-0.3849546806603478,-0.3849546806603478
2014-06-17,10.25,0.0032070208209331093,0.0032070208209331093
2014-06-18,7.0,-0.557470992429806,-0.557470992429806
2014-06-19,6.0,-0.7299873041992643,-0.7299873041992643
2014-06-22,5.0,-0.9025036159687224,-0.9025036159687224
2014-06-23,6.75,-0.6006000703721706,-0.6006000703721706
2014-06-24,8.5,-0.29869652477561875,-0.29869652477561875
2014-06-25,7.5,-0.47121283654507695,-0.47121283654507695
2014-06-26,4.75,-0.945632693911087,-0.945632693911087
2014-06-29,4.5,-0.9887617718534515,-0.9887617718534515
2014-06-30,5.5,-0.8162454600839933,-0.8162454600839933
2014-07-01,9.75,-0.083051135063796,-0.083051135063796
2014-07-02,11.0,0.13259425464802677,0.13259425464802677
2014-07-06,5.75,-0.7731163821416288,-0.7731163821416288
2014-07-07,8.75,-0.25556744683325416,-0.25556744683325416
2014-07-08,9.25,-0.1693092909485251,-0.1693092909485251
2014-07-09,9.25,-0.1693092909485251,-0.1693092909485251
2014-07-10,5.5,-0.8162454600839933,-0.8162454600839933
2014-07-13,4.5,-0.9887617718534515,-0.9887617718534515
2014-07-14,8.0,-0.3849546806603478,-0.3849546806603478
2014-07-15,4.75,-0.945632693911087,-0.945632693911087
2014-07-16,11.25,0.1757233325903913,0.1757233325903913
2014-07-17,9.25,-0.1693092909485251,-0.1693092909485251
2014-07-20,5.25,-0.8593745380263579,-0.8593745380263579
2014-07-21,6.25,-0.6868582262568996,-0.6868582262568996
2014-07-22,4.0,-1.0750199277381807,-1.0750199277381807
2014-07-23,8.25,-0.3418256027179833,-0.3418256027179833
2014-07-24,6.75,-0.6006000703721706,-0.6006000703721706
2014-07-27,4.25,-1.0318908497958161,-1.0318908497958161
2014-07-28,6.5,-0.6437291483145351,-0.6437291483145351
2014-07-29,15.75,0.9520467355529532,0.9520467355529532
2014-07-30,8.5,-0.29869652477561875,-0.29869652477561875
2014-07-31,15.75,0.9520467355529532,0.9520467355529532
2014-08-03,6.25,-0.6868582262568996,-0.6868582262568996
2014-08-04,7.25,-0.5143419144874415,-0.5143419144874415
2014-08-05,7.25,-0.5143419144874415,-0.5143419144874415
2014-08-06,10.0,-0.03992205712143144,-0.03992205712143144
2014-08-07,11.0,0.13259425464802677,0.13259425464802677
2014-08-10,4.25,-1.0318908497958161,-1.0318908497958161
2014-08-11,3.75,-1.1181490056805452,-1.1181490056805452
2014-08-12,10.5,0.04633609876329766,0.04633609876329766
2014-08-13,6.75,-0.6006000703721706,-0.6006000703721706
2014-08-14,13.75,0.6070141120140368,0.6070141120140368
2014-08-17,6.5,-0.6437291483145351,-0.6437291483145351
2014-08-18,6.25,-0.6868582262568996,-0.6868582262568996
2014-08-19,8.0,-0.3849546806603478,-0.3849546806603478
2014-08-20,5.5,-0.8162454600839933,-0.8162454600839933
2014-08-21,10.0,-0.03992205712143144,-0.03992205712143144
2014-08-24,4.25,-1.0318908497958161,-1.0318908497958161
2014-08-25,4.25,-1.0318908497958161,-1.0318908497958161
2014-08-26,5.5,-0.8162454600839933,-0.8162454600839933
2014-08-27,5.5,-0.8162454600839933,-0.8162454600839933
2014-08-28,3.75,-1.1181490056805452,-1.1181490056805452
2014-09-01,10.5,0.04633609876329766,0.04633609876329766
2014-09-02,8.0,-0.3849546806603478,-0.3849546806603478
2014-09-03,10.75,0.0894651767056622,0.0894651767056622
2014-09-04,13.5,0.5638850340716722,0.5638850340716722
2014-09-07,7.75,-0.42808375860271236,-0.42808375860271236
2014-09-08,5.0,-0.9025036159687224,-0.9025036159687224
2014-09-09,5.5,-0.8162454600839933,-0.8162454600839933
2014-09-10,5.0,-0.9025036159687224,-0.9025036159687224
2014-09-11,5.5,-0.8162454600839933,-0.8162454600839933
2014-09-14,4.75,-0.945632693911087,-0.945632693911087
2014-09-15,6.0,-0.7299873041992643,-0.7299873041992643
2014-09-16,12.0,0.30511056641748496,0.30511056641748496
2014-09-17,5.75,-0.7731163821416288,-0.7731163821416288
2014-09-18,9.0,-0.21243836889088963,-0.21243836889088963
2014-09-21,5.75,-0.7731163821416288,-0.7731163821416288
2014-09-22,5.5,-0.8162454600839933,-0.8162454600839933
2014-09-23,5.5,-0.8162454600839933,-0.8162454600839933
2014-09-24,9.25,-0.1693092909485251,-0.1693092909485251
2014-09-25,9.25,-0.1693092909485251,-0.1693092909485251
2014-09-28,7.75,-0.42808375860271236,-0.42808375860271236
2014-09-29,5.75,-0.7731163821416288,-0.7731163821416288
2014-09-30,15.5,0.9089176576105886,0.9089176576105886
2014-10-01,7.25,-0.5143419144874415,-0.5143419144874415
2014-10-02,9.5,-0.12618021300616053,-0.12618021300616053
2014-10-05,7.5,-0.47121283654507695,-0.47121283654507695
2014-10-06,12.25,0.3482396443598495,0.3482396443598495
2014-10-07,13.25,0.5207559561293077,0.5207559561293077
2014-10-08,8.75,-0.25556744683325416,-0.25556744683325416
2014-10-09,9.0,-0.21243836889088963,-0.21243836889088963
2014-10-12,11.0,0.13259425464802677,0.13259425464802677
2014-10-13,11.75,0.2619814884751204,0.2619814884751204
2014-10-14,52.75,7.335150271022907,7.335150271022907
2014-10-15,28.5,3.1516297106135456,3.1516297106135456
2014-10-16,14.25,0.693272267898766,0.693272267898766
2014-10-19,9.25,-0.1693092909485251,-0.1693092909485251
2014-10-20,13.25,0.5207559561293077,0.5207559561293077
2014-10-21,10.25,0.0032070208209331093,0.0032070208209331093
2014-10-22,14.0,0.6501431899564013,0.6501431899564013
2014-10-23,7.25,-0.5143419144874415,-0.5143419144874415
2014-10-26,7.25,-0.5143419144874415,-0.5143419144874415
2014-10-27,6.5,-0.6437291483145351,-0.6437291483145351
2014-10-28,13.25,0.5207559561293077,0.5207559561293077
2014-10-29,7.25,-0.5143419144874415,-0.5143419144874415
2014-10-30,8.5,-0.29869652477561875,-0.29869652477561875
2014-11-02,10.75,0.0894651767056622,0.0894651767056622
2014-11-03,6.5,-0.6437291483145351,-0.6437291483145351
2014-11-04,5.75,-0.7731163821416288,-0.7731163821416288
2014-11-05,9.0,-0.21243836889088963,-0.21243836889088963
2014-11-06,14.5,0.7364013458411305,0.7364013458411305
2014-11-09,12.25,0.3482396443598495,0.3482396443598495
2014-11-10,4.5,-0.9887617718534515,-0.9887617718534515
2014-11-11,8.25,-0.3418256027179833,-0.3418256027179833
2014-11-12,6.25,-0.6868582262568996,-0.6868582262568996
2014-11-13,9.25,-0.1693092909485251,-0.1693092909485251
2014-11-16,9.25,-0.1693092909485251,-0.1693092909485251
2014-11-17,4.25,-1.0318908497958161,-1.0318908497958161
2014-11-18,7.0,-0.557470992429806,-0.557470992429806
2014-11-19,7.5,-0.47121283654507695,-0.47121283654507695
2014-11-20,5.75,-0.7731163821416288,-0.7731163821416288
2014-11-23,5.75,-0.7731163821416288,-0.7731163821416288
2014-11-24,7.5,-0.47121283654507695,-0.47121283654507695
2014-11-25,5.0,-0.9025036159687224,-0.9025036159687224
2014-11-27,8.0,-0.3849546806603478,-0.3849546806603478
2014-11-30,12.25,0.3482396443598495,0.3482396443598495
2014-12-01,8.5,-0.29869652477561875,-0.29869652477561875
2014-12-02,4.0,-1.0750199277381807,-1.0750199277381807
2014-12-03,7.5,-0.47121283654507695,-0.47121283654507695
2014-12-04,14.0,0.6501431899564013,0.6501431899564013
2014-12-07,12.0,0.30511056641748496,0.30511056641748496
2014-12-08,11.0,0.13259425464802677,0.13259425464802677
2014-12-09,10.5,0.04633609876329766,0.04633609876329766
2014-12-10,12.0,0.30511056641748496,0.30511056641748496
2014-12-11,13.25,0.5207559561293077,0.5207559561293077
2014-12-14,9.5,-0.12618021300616053,-0.12618021300616053
2014-12-15,13.75,0.6070141120140368,0.6070141120140368
2014-12-16,13.5,0.5638850340716722,0.5638850340716722
2014-12-17,12.75,0.4344978002445786,0.4344978002445786
2014-12-18,7.5,-0.47121283654507695,-0.47121283654507695
2014-12-21,5.0,-0.9025036159687224,-0.9025036159687224
2014-12-22,14.25,0.693272267898766,0.693272267898766
2014-12-23,8.5,-0.29869652477561875,-0.29869652477561875
2014-12-25,3.0,-1.2475362395076388,-1.2475362395076388
2014-12-28,8.25,-0.3418256027179833,-0.3418256027179833
2014-12-29,6.0,-0.7299873041992643,-0.7299873041992643
2014-12-30,4.0,-1.0750199277381807,-1.0750199277381807
2015-01-01,14.75,0.779530423783495,0.779530423783495
2015-01-04,12.75,0.4344978002445786,0.4344978002445786
2015-01-05,22.0,2.0302736841120668,2.0302736841120668
2015-01-06,10.75,0.0894651767056622,0.0894651767056622
2015-01-07,6.5,-0.6437291483145351,-0.6437291483145351
2015-01-08,12.5,0.39136872230221403,0.39136872230221403
2015-01-11,9.75,-0.083051135063796,-0.083051135063796
2015-01-12,11.25,0.1757233325903913,0.1757233325903913
2015-01-13,16.5,1.0814339693800468,1.0814339693800468
2015-01-14,27.75,3.022242476786452,3.022242476786452
2015-01-19,11.0,0.13259425464802677,0.13259425464802677
2015-01-20,13.75,0.6070141120140368,0.6070141120140368
2015-01-21,17.75,1.2970793590918697,1.2970793590918697
2015-01-22,12.75,0.4344978002445786,0.4344978002445786
2015-01-25,13.0,0.47762687818694316,0.47762687818694316
2015-01-26,10.75,0.0894651767056622,0.0894651767056622
2015-01-27,18.0,1.3402084370342342,1.3402084370342342
2015-01-28,10.0,-0.03992205712143144,-0.03992205712143144
2015-01-29,16.75,1.1245630473224113,1.1245630473224113
2015-02-01,8.75,-0.25556744683325416,-0.25556744683325416
2015-02-03,14.5,0.7364013458411305,0.7364013458411305
2015-02-04,15.5,0.9089176576105886,0.9089176576105886
2015-02-05,30.25,3.4535332562100973,3.4535332562100973
2015-02-08,12.25,0.3482396443598495,0.3482396443598495
2015-02-09,7.0,-0.557470992429806,-0.557470992429806
2015-02-10,9.5,-0.12618021300616053,-0.12618021300616053
2015-02-11,11.75,0.2619814884751204,0.2619814884751204
2015-02-12,7.25,-0.5143419144874415,-0.5143419144874415
2015-02-16,20.75,1.814628294400244,1.814628294400244
2015-02-17,19.0,1.5127247488036923,1.5127247488036923
2015-02-19,14.75,0.779530423783495,0.779530423783495
2015-02-22,10.0,-0.03992205712143144,-0.03992205712143144
2015-02-23,19.25,1.5558538267460569,1.5558538267460569
2015-02-24,6.0,-0.7299873041992643,-0.7299873041992643
2015-02-25,15.0,0.8226595017258596,0.8226595017258596
2015-03-01,13.0,0.47762687818694316,0.47762687818694316
2015-03-03,5.75,-0.7731163821416288,-0.7731163821416288
2015-03-04,7.0,-0.557470992429806,-0.557470992429806
2015-03-05,24.75,2.504693541478077,2.504693541478077
2015-03-08,7.75,-0.42808375860271236,-0.42808375860271236
2015-03-09,11.0,0.13259425464802677,0.13259425464802677
2015-03-10,7.25,-0.5143419144874415,-0.5143419144874415
2015-03-11,11.25,0.1757233325903913,0.1757233325903913
2015-03-12,9.0,-0.21243836889088963,-0.21243836889088963
2015-03-15,5.75,-0.7731163821416288,-0.7731163821416288
2015-03-16,4.75,-0.945632693911087,-0.945632693911087
2015-03-17,20.75,1.814628294400244,1.814628294400244
2015-03-18,13.25,0.5207559561293077,0.5207559561293077
2015-03-19,6.75,-0.6006000703721706,-0.6006000703721706
2015-03-22,5.25,-0.8593745380263579,-0.8593745380263579
2015-03-23,7.5,-0.47121283654507695,-0.47121283654507695
2015-03-25,14.25,0.693272267898766,0.693272267898766
2015-03-26,7.25,-0.5143419144874415,-0.5143419144874415
2015-03-29,5.25,-0.8593745380263579,-0.8593745380263579
2015-03-31,12.25,0.3482396443598495,0.3482396443598495
2015-04-01,10.25,0.0032070208209331093,0.0032070208209331093
2015-04-05,11.0,0.13259425464802677,0.13259425464802677
2015-04-06,6.0,-0.7299873041992643,-0.7299873041992643
2015-04-07,7.0,-0.557470992429806,-0.557470992429806
2015-04-08,12.5,0.39136872230221403,0.39136872230221403
2015-04-09,5.5,-0.8162454600839933,-0.8162454600839933
2015-04-12,8.25,-0.3418256027179833,-0.3418256027179833
2015-04-13,10.5,0.04633609876329766,0.04633609876329766
2015-04-16,9.25,-0.1693092909485251,-0.1693092909485251
2015-04-19,5.75,-0.7731163821416288,-0.7731163821416288
2015-04-20,6.5,-0.6437291483145351,-0.6437291483145351
2015-04-21,13.25,0.5207559561293077,0.5207559561293077
2015-04-22,7.5,-0.47121283654507695,-0.47121283654507695
2015-04-23,9.0,-0.21243836889088963,-0.21243836889088963
2015-04-26,7.25,-0.5143419144874415,-0.5143419144874415
2015-04-27,11.25,0.1757233325903913,0.1757233325903913
2015-04-28,13.0,0.47762687818694316,0.47762687818694316
2015-05-03,7.75,-0.42808375860271236,-0.42808375860271236
2015-05-04,11.5,0.21885241053275586,0.21885241053275586
2015-05-05,9.25,-0.1693092909485251,-0.1693092909485251
2015-05-06,17.5,1.2539502811495051,1.2539502811495051
2015-05-07,15.5,0.9089176576105886,0.9089176576105886
2015-05-10,19.25,1.5558538267460569,1.5558538267460569
2015-05-11,16.25,1.0383048914376822,1.0383048914376822
2015-05-12,12.75,0.4344978002445786,0.4344978002445786
2015-05-13,10.5,0.04633609876329766,0.04633609876329766
2015-05-17,13.25,0.5207559561293077,0.5207559561293077
2015-05-18,16.0,0.9951758134953177,0.9951758134953177
2015-05-19,9.25,-0.1693092909485251,-0.1693092909485251
2015-05-20,9.0,-0.21243836889088963,-0.21243836889088963
2015-05-25,10.0,-0.03992205712143144,-0.03992205712143144
2015-05-27,4.75,-0.945632693911087,-0.945632693911087
2015-05-28,6.25,-0.6868582262568996,-0.6868582262568996
2015-05-31,12.5,0.39136872230221403,0.39136872230221403
2015-06-02,15.5,0.9089176576105886,0.9089176576105886
2015-06-03,16.5,1.0814339693800468,1.0814339693800468
2015-06-04,18.5,1.4264665929189633,1.4264665929189633
2015-06-07,6.75,-0.6006000703721706,-0.6006000703721706
2015-06-08,11.5,0.21885241053275586,0.21885241053275586
2015-06-09,6.75,-0.6006000703721706,-0.6006000703721706
2015-06-10,13.5,0.5638850340716722,0.5638850340716722
2015-06-11,9.0,-0.21243836889088963,-0.21243836889088963
2015-06-14,5.25,-0.8593745380263579,-0.8593745380263579
2015-06-15,5.5,-0.8162454600839933,-0.8162454600839933
2015-06-16,13.25,0.5207559561293077,0.5207559561293077
2015-06-17,12.0,0.30511056641748496,0.30511056641748496
2015-06-21,12.75,0.4344978002445786,0.4344978002445786
2015-06-22,8.25,-0.3418256027179833,-0.3418256027179833
2015-06-23,7.25,-0.5143419144874415,-0.5143419144874415
2015-06-28,21.0,1.8577573723426086,1.8577573723426086
2015-06-29,9.25,-0.1693092909485251,-0.1693092909485251
2015-06-30,12.0,0.30511056641748496,0.30511056641748496
2015-07-01,15.25,0.8657885796682241,0.8657885796682241
2015-07-05,15.5,0.9089176576105886,0.9089176576105886
2015-07-06,17.5,1.2539502811495051,1.2539502811495051
2015-07-07,11.75,0.2619814884751204,0.2619814884751204
2015-07-08,17.0,1.1676921252647758,1.1676921252647758
2015-07-09,13.5,0.5638850340716722,0.5638850340716722
2015-07-12,17.0,1.1676921252647758,1.1676921252647758
2015-07-13,9.75,-0.083051135063796,-0.083051135063796
2015-07-14,12.5,0.39136872230221403,0.39136872230221403
2015-07-16,6.75,-0.6006000703721706,-0.6006000703721706
2015-07-19,7.25,-0.5143419144874415,-0.5143419144874415
2015-07-20,9.75,-0.083051135063796,-0.083051135063796
2015-07-21,5.25,-0.8593745380263579,-0.8593745380263579
2015-07-22,9.0,-0.21243836889088963,-0.21243836889088963
2015-07-23,5.25,-0.8593745380263579,-0.8593745380263579
2015-07-26,8.25,-0.3418256027179833,-0.3418256027179833
2015-07-27,6.75,-0.6006000703721706,-0.6006000703721706
2015-07-28,5.75,-0.7731163821416288,-0.7731163821416288
2015-07-29,9.0,-0.21243836889088963,-0.21243836889088963
2015-08-02,9.0,-0.21243836889088963,-0.21243836889088963
2015-08-04,11.0,0.13259425464802677,0.13259425464802677
2015-08-05,7.75,-0.42808375860271236,-0.42808375860271236
2015-08-06,12.0,0.30511056641748496,0.30511056641748496
2015-08-09,9.0,-0.21243836889088963,-0.21243836889088963
2015-08-10,16.75,1.1245630473224113,1.1245630473224113
2015-08-11,15.75,0.9520467355529532,0.9520467355529532
2015-08-12,13.0,0.47762687818694316,0.47762687818694316
2015-08-13,8.0,-0.3849546806603478,-0.3849546806603478
2015-08-16,8.0,-0.3849546806603478,-0.3849546806603478
2015-08-17,8.5,-0.29869652477561875,-0.29869652477561875
2015-08-18,17.75,1.2970793590918697,1.2970793590918697
2015-08-20,8.5,-0.29869652477561875,-0.29869652477561875
2015-08-23,18.5,1.4264665929189633,1.4264665929189633
2015-08-24,17.75,1.2970793590918697,1.2970793590918697
2015-08-25,16.5,1.0814339693800468,1.0814339693800468
2015-08-26,9.75,-0.083051135063796,-0.083051135063796
2015-08-30,12.25,0.3482396443598495,0.3482396443598495
2015-08-31,13.5,0.5638850340716722,0.5638850340716722
2015-09-01,7.25,-0.5143419144874415,-0.5143419144874415
2015-09-02,6.25,-0.6868582262568996,-0.6868582262568996
2015-09-03,9.75,-0.083051135063796,-0.083051135063796
2015-09-07,7.25,-0.5143419144874415,-0.5143419144874415
2015-09-08,10.5,0.04633609876329766,0.04633609876329766
2015-09-09,7.25,-0.5143419144874415,-0.5143419144874415
2015-09-10,7.5,-0.47121283654507695,-0.47121283654507695
2015-09-13,4.5,-0.9887617718534515,-0.9887617718534515
2015-09-14,18.0,1.3402084370342342,1.3402084370342342
2015-09-15,5.75,-0.7731163821416288,-0.7731163821416288
2015-09-17,9.25,-0.1693092909485251,-0.1693092909485251
2015-09-20,9.25,-0.1693092909485251,-0.1693092909485251
2015-09-21,12.75,0.4344978002445786,0.4344978002445786
2015-09-23,10.5,0.04633609876329766,0.04633609876329766
2015-09-24,8.75,-0.25556744683325416,-0.25556744683325416
2015-09-27,10.0,-0.03992205712143144,-0.03992205712143144
2015-09-29,9.25,-0.1693092909485251,-0.1693092909485251
2015-10-01,22.75,2.1596609179391604,2.1596609179391604
2015-10-04,11.0,0.13259425464802677,0.13259425464802677
2015-10-05,6.5,-0.6437291483145351,-0.6437291483145351
2015-10-06,8.25,-0.3418256027179833,-0.3418256027179833
2015-10-07,11.25,0.1757233325903913,0.1757233325903913
2015-10-08,8.75,-0.25556744683325416,-0.25556744683325416
2015-10-11,6.0,-0.7299873041992643,-0.7299873041992643
2015-10-12,5.75,-0.7731163821416288,-0.7731163821416288
2015-10-13,11.5,0.21885241053275586,0.21885241053275586
2015-10-18,6.5,-0.6437291483145351,-0.6437291483145351
2015-10-19,9.25,-0.1693092909485251,-0.1693092909485251
2015-10-20,7.5,-0.47121283654507695,-0.47121283654507695
2015-10-21,6.75,-0.6006000703721706,-0.6006000703721706
2015-10-22,10.25,0.0032070208209331093,0.0032070208209331093
2015-10-25,5.5,-0.8162454600839933,-0.8162454600839933
2015-10-26,8.25,-0.3418256027179833,-0.3418256027179833
2015-10-27,12.75,0.4344978002445786,0.4344978002445786
2015-10-28,11.5,0.21885241053275586,0.21885241053275586
2015-11-01,7.75,-0.42808375860271236,-0.42808375860271236
2015-11-02,7.5,-0.47121283654507695,-0.47121283654507695
2015-11-03,7.75,-0.42808375860271236,-0.42808375860271236
2015-11-05,18.0,1.3402084370342342,1.3402084370342342
2015-11-08,7.0,-0.557470992429806,-0.557470992429806
2015-11-09,6.5,-0.6437291483145351,-0.6437291483145351
2015-11-10,3.25,-1.2044071615652743,-1.2044071615652743
2015-11-11,5.75,-0.7731163821416288,-0.7731163821416288
2015-11-12,8.25,-0.3418256027179833,-0.3418256027179833
2015-11-15,5.0,-0.9025036159687224,-0.9025036159687224
2015-11-16,8.5,-0.29869652477561875,-0.29869652477561875
2015-11-18,5.5,-0.8162454600839933,-0.8162454600839933
2015-11-19,5.0,-0.9025036159687224,-0.9025036159687224
2015-11-22,8.25,-0.3418256027179833,-0.3418256027179833
2015-11-23,6.75,-0.6006000703721706,-0.6006000703721706
2015-11-26,5.0,-0.9025036159687224,-0.9025036159687224
2015-11-29,4.5,-0.9887617718534515,-0.9887617718534515
2015-11-30,12.75,0.4344978002445786,0.4344978002445786
2015-12-01,7.5,-0.47121283654507695,-0.47121283654507695
2015-12-02,21.0,1.8577573723426086,1.8577573723426086
2015-12-03,11.5,0.21885241053275586,0.21885241053275586
2015-12-06,10.0,-0.03992205712143144,-0.03992205712143144
2015-12-07,5.75,-0.7731163821416288,-0.7731163821416288
2015-12-08,10.0,-0.03992205712143144,-0.03992205712143144
2015-12-09,5.0,-0.9025036159687224,-0.9025036159687224
2015-12-10,15.25,0.8657885796682241,0.8657885796682241
2015-12-13,12.0,0.30511056641748496,0.30511056641748496
2015-12-14,10.5,0.04633609876329766,0.04633609876329766
2015-12-16,7.0,-0.557470992429806,-0.557470992429806
2015-12-17,6.25,-0.6868582262568996,-0.6868582262568996
2015-12-20,5.0,-0.9025036159687224,-0.9025036159687224
2015-12-21,8.0,-0.3849546806603478,-0.3849546806603478
2015-12-27,6.25,-0.6868582262568996,-0.6868582262568996
2015-12-28,12.5,0.39136872230221403,0.39136872230221403
2015-12-29,5.75,-0.7731163821416288,-0.7731163821416288
2015-12-30,5.75,-0.7731163821416288,-0.7731163821416288
2016-01-03,12.75,0.4344978002445786,0.4344978002445786
2016-01-04,6.75,-0.6006000703721706,-0.6006000703721706
2016-01-05,11.0,0.13259425464802677,0.13259425464802677
2016-01-06,10.25,0.0032070208209331093,0.0032070208209331093
2016-01-07,15.75,0.9520467355529532,0.9520467355529532
2016-01-10,10.5,0.04633609876329766,0.04633609876329766
2016-01-11,16.25,1.0383048914376822,1.0383048914376822
2016-01-12,13.5,0.5638850340716722,0.5638850340716722
2016-01-13,9.5,-0.12618021300616053,-0.12618021300616053
2016-01-14,17.5,1.2539502811495051,1.2539502811495051
2016-01-18,9.25,-0.1693092909485251,-0.1693092909485251
2016-01-19,16.0,0.9951758134953177,0.9951758134953177
2016-01-21,10.5,0.04633609876329766,0.04633609876329766
2016-01-24,7.75,-0.42808375860271236,-0.42808375860271236
2016-01-25,9.25,-0.1693092909485251,-0.1693092909485251
2016-01-26,10.0,-0.03992205712143144,-0.03992205712143144
2016-01-27,9.0,-0.21243836889088963,-0.21243836889088963
2016-01-28,11.5,0.21885241053275586,0.21885241053275586
2016-01-31,10.25,0.0032070208209331093,0.0032070208209331093
2016-02-02,15.0,0.8226595017258596,0.8226595017258596
2016-02-03,9.75,-0.083051135063796,-0.083051135063796
2016-02-04,12.25,0.3482396443598495,0.3482396443598495
2016-02-07,18.25,1.3833375149765987,1.3833375149765987
2016-02-08,11.75,0.2619814884751204,0.2619814884751204
2016-02-09,13.75,0.6070141120140368,0.6070141120140368
2016-02-10,22.0,2.0302736841120668,2.0302736841120668
2016-02-11,16.75,1.1245630473224113,1.1245630473224113
2016-02-15,8.5,-0.29869652477561875,-0.29869652477561875
2016-02-18,10.25,0.0032070208209331093,0.0032070208209331093
2016-02-21,6.0,-0.7299873041992643,-0.7299873041992643
2016-02-22,13.0,0.47762687818694316,0.47762687818694316
2016-02-23,14.5,0.7364013458411305,0.7364013458411305
2016-02-25,11.0,0.13259425464802677,0.13259425464802677
2016-02-28,5.5,-0.8162454600839933,-0.8162454600839933
2016-02-29,19.75,1.642111982630786,1.642111982630786
2016-03-01,9.25,-0.1693092909485251,-0.1693092909485251
2016-03-02,6.75,-0.6006000703721706,-0.6006000703721706
2016-03-03,11.25,0.1757233325903913,0.1757233325903913
2016-03-06,5.0,-0.9025036159687224,-0.9025036159687224
2016-03-07,11.5,0.21885241053275586,0.21885241053275586
2016-03-08,9.0,-0.21243836889088963,-0.21243836889088963
2016-03-09,13.5,0.5638850340716722,0.5638850340716722
2016-03-10,7.75,-0.42808375860271236,-0.42808375860271236
2016-03-13,5.25,-0.8593745380263579,-0.8593745380263579
2016-03-14,7.5,-0.47121283654507695,-0.47121283654507695
2016-03-17,4.75,-0.945632693911087,-0.945632693911087
2016-03-20,6.25,-0.6868582262568996,-0.6868582262568996
2016-03-21,10.75,0.0894651767056622,0.0894651767056622
2016-03-22,11.5,0.21885241053275586,0.21885241053275586
2016-03-23,8.0,-0.3849546806603478,-0.3849546806603478
2016-03-27,8.0,-0.3849546806603478,-0.3849546806603478
2016-03-29,6.5,-0.6437291483145351,-0.6437291483145351
2016-03-30,9.25,-0.1693092909485251,-0.1693092909485251
2016-03-31,7.0,-0.557470992429806,-0.557470992429806
2016-04-03,5.25,-0.8593745380263579,-0.8593745380263579
2016-04-04,6.5,-0.6437291483145351,-0.6437291483145351
2016-04-05,6.25,-0.6868582262568996,-0.6868582262568996
2016-04-10,7.25,-0.5143419144874415,-0.5143419144874415
2016-04-11,8.5,-0.29869652477561875,-0.29869652477561875
2016-04-12,5.75,-0.7731163821416288,-0.7731163821416288
2016-04-17,8.25,-0.3418256027179833,-0.3418256027179833
2016-04-18,4.75,-0.945632693911087,-0.945632693911087
2016-04-19,14.25,0.693272267898766,0.693272267898766
2016-04-20,7.25,-0.5143419144874415,-0.5143419144874415
2016-04-21,6.75,-0.6006000703721706,-0.6006000703721706
2016-04-24,6.75,-0.6006000703721706,-0.6006000703721706
2016-04-25,6.75,-0.6006000703721706,-0.6006000703721706
2016-04-26,11.5,0.21885241053275586,0.21885241053275586
2016-04-27,8.25,-0.3418256027179833,-0.3418256027179833
2016-05-01,8.5,-0.29869652477561875,-0.29869652477561875
2016-05-02,13.25,0.5207559561293077,0.5207559561293077
2016-05-03,6.25,-0.6868582262568996,-0.6868582262568996
2016-05-04,10.0,-0.03992205712143144,-0.03992205712143144
2016-05-05,12.0,0.30511056641748496,0.30511056641748496
2016-05-08,7.25,-0.5143419144874415,-0.5143419144874415
2016-05-09,4.5,-0.9887617718534515,-0.9887617718534515
2016-05-10,7.0,-0.557470992429806,-0.557470992429806
2016-05-11,7.0,-0.557470992429806,-0.557470992429806
2016-05-12,7.0,-0.557470992429806,-0.557470992429806
2016-05-15,10.0,-0.03992205712143144,-0.03992205712143144
2016-05-16,5.5,-0.8162454600839933,-0.8162454600839933
2016-05-18,7.5,-0.47121283654507695,-0.47121283654507695
2016-05-19,4.75,-0.945632693911087,-0.945632693911087
2016-05-22,5.25,-0.8593745380263579,-0.8593745380263579
2016-05-23,8.0,-0.3849546806603478,-0.3849546806603478
2016-05-24,4.5,-0.9887617718534515,-0.9887617718534515
2016-05-25,7.5,-0.47121283654507695,-0.47121283654507695
2016-05-26,7.0,-0.557470992429806,-0.557470992429806
2016-05-30,8.0,-0.3849546806603478,-0.3849546806603478
2016-06-01,6.25,-0.6868582262568996,-0.6868582262568996
2016-06-02,18.25,1.3833375149765987,1.3833375149765987
2016-06-05,5.75,-0.7731163821416288,-0.7731163821416288
2016-06-06,5.75,-0.7731163821416288,-0.7731163821416288
2016-06-07,3.0,-1.2475362395076388,-1.2475362395076388
2016-06-08,5.75,-0.7731163821416288,-0.7731163821416288
2016-06-09,7.75,-0.42808375860271236,-0.42808375860271236
2016-06-12,4.75,-0.945632693911087,-0.945632693911087
2016-06-13,8.0,-0.3849546806603478,-0.3849546806603478
2016-06-14,10.0,-0.03992205712143144,-0.03992205712143144
2016-06-19,6.25,-0.6868582262568996,-0.6868582262568996
2016-06-20,3.25,-1.2044071615652743,-1.2044071615652743
2016-06-21,4.25,-1.0318908497958161,-1.0318908497958161
2016-06-22,8.75,-0.25556744683325416,-0.25556744683325416
2016-06-23,56.75,8.02521551810074,8.02521551810074
2016-06-26,12.25,0.3482396443598495,0.3482396443598495
2016-06-27,8.5,-0.29869652477561875,-0.29869652477561875
2016-06-30,15.0,0.8226595017258596,0.8226595017258596
2016-07-04,15.75,0.9520467355529532,0.9520467355529532
2016-07-05,10.5,0.04633609876329766,0.04633609876329766
2016-07-06,9.5,-0.12618021300616053,-0.12618021300616053
2016-07-07,15.5,0.9089176576105886,0.9089176576105886
2016-07-10,12.0,0.30511056641748496,0.30511056641748496
2016-07-11,14.25,0.693272267898766,0.693272267898766
2016-07-12,7.5,-0.47121283654507695,-0.47121283654507695
2016-07-13,11.5,0.21885241053275586,0.21885241053275586
2016-07-17,8.25,-0.3418256027179833,-0.3418256027179833
2016-07-18,6.5,-0.6437291483145351,-0.6437291483145351
2016-07-19,7.5,-0.47121283654507695,-0.47121283654507695
2016-07-20,11.75,0.2619814884751204,0.2619814884751204
2016-07-21,9.75,-0.083051135063796,-0.083051135063796
2016-07-24,6.0,-0.7299873041992643,-0.7299873041992643
2016-07-25,7.75,-0.42808375860271236,-0.42808375860271236
2016-07-26,13.5,0.5638850340716722,0.5638850340716722
2016-07-27,6.5,-0.6437291483145351,-0.6437291483145351
2016-07-28,16.5,1.0814339693800468,1.0814339693800468
2016-07-31,9.0,-0.21243836889088963,-0.21243836889088963
2016-08-01,8.25,-0.3418256027179833,-0.3418256027179833
2016-08-03,10.25,0.0032070208209331093,0.0032070208209331093
2016-08-04,16.25,1.0383048914376822,1.0383048914376822
2016-08-07,6.5,-0.6437291483145351,-0.6437291483145351
2016-08-08,8.0,-0.3849546806603478,-0.3849546806603478
2016-08-09,7.5,-0.47121283654507695,-0.47121283654507695
2016-08-10,12.5,0.39136872230221403,0.39136872230221403
2016-08-11,14.0,0.6501431899564013,0.6501431899564013
2016-08-14,8.5,-0.29869652477561875,-0.29869652477561875
2016-08-15,12.25,0.3482396443598495,0.3482396443598495
2016-08-17,6.5,-0.6437291483145351,-0.6437291483145351
2016-08-18,9.75,-0.083051135063796,-0.083051135063796
2016-08-21,10.0,-0.03992205712143144,-0.03992205712143144
2016-08-22,6.0,-0.7299873041992643,-0.7299873041992643
2016-08-23,4.0,-1.0750199277381807,-1.0750199277381807
2016-08-24,4.75,-0.945632693911087,-0.945632693911087
2016-08-25,17.25,1.2108212032071404,1.2108212032071404
2016-08-28,11.25,0.1757233325903913,0.1757233325903913
2016-08-30,5.75,-0.7731163821416288,-0.7731163821416288
2016-08-31,10.0,-0.03992205712143144,-0.03992205712143144
2016-09-01,12.5,0.39136872230221403,0.39136872230221403
2016-09-05,12.75,0.4344978002445786,0.4344978002445786
2016-09-07,11.75,0.2619814884751204,0.2619814884751204
2016-09-08,9.0,-0.21243836889088963,-0.21243836889088963
2016-09-11,6.75,-0.6006000703721706,-0.6006000703721706
2016-09-12,14.75,0.779530423783495,0.779530423783495
2016-09-13,7.0,-0.557470992429806,-0.557470992429806
2016-09-14,8.75,-0.25556744683325416,-0.25556744683325416
2016-09-18,4.0,-1.0750199277381807,-1.0750199277381807
2016-09-19,5.25,-0.8593745380263579,-0.8593745380263579
2016-09-20,6.0,-0.7299873041992643,-0.7299873041992643
2016-09-21,7.0,-0.557470992429806,-0.557470992429806
2016-09-22,3.5,-1.1612780836229097,-1.1612780836229097
2016-09-25,7.25,-0.5143419144874415,-0.5143419144874415
2016-09-26,8.5,-0.29869652477561875,-0.29869652477561875
2016-09-27,4.75,-0.945632693911087,-0.945632693911087
2016-09-28,8.0,-0.3849546806603478,-0.3849546806603478
2016-10-02,5.25,-0.8593745380263579,-0.8593745380263579
2016-10-03,9.5,-0.12618021300616053,-0.12618021300616053
2016-10-05,7.25,-0.5143419144874415,-0.5143419144874415
2016-10-06,8.0,-0.3849546806603478,-0.3849546806603478
2016-10-10,5.5,-0.8162454600839933,-0.8162454600839933
2016-10-11,6.0,-0.7299873041992643,-0.7299873041992643
2016-10-12,6.25,-0.6868582262568996,-0.6868582262568996
2016-10-13,7.25,-0.5143419144874415,-0.5143419144874415
2016-10-16,8.0,-0.3849546806603478,-0.3849546806603478
2016-10-17,6.0,-0.7299873041992643,-0.7299873041992643
2016-10-20,4.25,-1.0318908497958161,-1.0318908497958161
2016-10-23,6.5,-0.6437291483145351,-0.6437291483145351
2016-10-24,6.0,-0.7299873041992643,-0.7299873041992643
2016-10-25,7.0,-0.557470992429806,-0.557470992429806
2016-10-26,9.75,-0.083051135063796,-0.083051135063796
2016-10-27,7.5,-0.47121283654507695,-0.47121283654507695
2016-10-30,3.75,-1.1181490056805452,-1.1181490056805452
2016-11-01,8.75,-0.25556744683325416,-0.25556744683325416
2016-11-02,8.25,-0.3418256027179833,-0.3418256027179833
2016-11-03,7.0,-0.557470992429806,-0.557470992429806
2016-11-06,3.75,-1.1181490056805452,-1.1181490056805452
2016-11-07,10.5,0.04633609876329766,0.04633609876329766
2016-11-08,50.75,6.990117647483991,6.990117647483991
2016-11-09,19.25,1.5558538267460569,1.5558538267460569
2016-11-13,20.25,1.728370138515515,1.728370138515515
2016-11-14,10.5,0.04633609876329766,0.04633609876329766
2016-11-15,12.75,0.4344978002445786,0.4344978002445786
2016-11-20,9.0,-0.21243836889088963,-0.21243836889088963
2016-11-21,6.75,-0.6006000703721706,-0.6006000703721706
2016-11-22,17.0,1.1676921252647758,1.1676921252647758
2016-11-24,9.5,-0.12618021300616053,-0.12618021300616053
2016-11-27,6.75,-0.6006000703721706,-0.6006000703721706
2016-11-28,7.5,-0.47121283654507695,-0.47121283654507695
2016-12-01,10.25,0.0032070208209331093,0.0032070208209331093
2016-12-04,16.5,1.0814339693800468,1.0814339693800468
2016-12-05,3.5,-1.1612780836229097,-1.1612780836229097
2016-12-06,7.0,-0.557470992429806,-0.557470992429806
2016-12-07,10.5,0.04633609876329766,0.04633609876329766
2016-12-08,9.75,-0.083051135063796,-0.083051135063796
2016-12-11,8.5,-0.29869652477561875,-0.29869652477561875
2016-12-12,7.25,-0.5143419144874415,-0.5143419144874415
2016-12-13,20.5,1.7714992164578796,1.7714992164578796
2016-12-18,8.0,-0.3849546806603478,-0.3849546806603478
2016-12-19,4.75,-0.945632693911087,-0.945632693911087
2016-12-21,6.0,-0.7299873041992643,-0.7299873041992643
2016-12-26,4.0,-1.0750199277381807,-1.0750199277381807
2016-12-27,8.5,-0.29869652477561875,-0.29869652477561875
2016-12-28,7.5,-0.47121283654507695,-0.47121283654507695
2016-12-29,7.5,-0.47121283654507695,-0.47121283654507695
2017-01-02,10.5,0.04633609876329766,0.04633609876329766
2017-01-03,6.75,-0.6006000703721706,-0.6006000703721706
2017-01-04,14.75,0.779530423783495,0.779530423783495
2017-01-05,16.25,1.0383048914376822,1.0383048914376822
2017-01-08,10.0,-0.03992205712143144,-0.03992205712143144
2017-01-09,4.75,-0.945632693911087,-0.945632693911087
2017-01-10,10.0,-0.03992205712143144,-0.03992205712143144
2017-01-11,9.25,-0.1693092909485251,-0.1693092909485251
2017-01-16,11.75,0.2619814884751204,0.2619814884751204
2017-01-17,15.5,0.9089176576105886,0.9089176576105886
2017-01-19,8.25,-0.3418256027179833,-0.3418256027179833
2017-01-22,13.25,0.5207559561293077,0.5207559561293077
2017-01-23,11.75,0.2619814884751204,0.2619814884751204
2017-01-24,10.5,0.04633609876329766,0.04633609876329766
2017-01-25,7.25,-0.5143419144874415,-0.5143419144874415
2017-01-26,6.25,-0.6868582262568996,-0.6868582262568996
2017-01-29,4.75,-0.945632693911087,-0.945632693911087
2017-01-31,9.0,-0.21243836889088963,-0.21243836889088963
2017-02-01,7.5,-0.47121283654507695,-0.47121283654507695
2017-02-02,11.75,0.2619814884751204,0.2619814884751204
2017-02-05,9.75,-0.083051135063796,-0.083051135063796
2017-02-06,9.0,-0.21243836889088963,-0.21243836889088963
2017-02-07,9.25,-0.1693092909485251,-0.1693092909485251
2017-02-08,10.25,0.0032070208209331093,0.0032070208209331093
2017-02-09,4.75,-0.945632693911087,-0.945632693911087
2017-02-12,5.0,-0.9025036159687224,-0.9025036159687224
2017-02-13,10.5,0.04633609876329766,0.04633609876329766
2017-02-16,9.0,-0.21243836889088963,-0.21243836889088963
2017-02-20,6.5,-0.6437291483145351,-0.6437291483145351
2017-02-21,8.75,-0.25556744683325416,-0.25556744683325416
2017-02-22,6.75,-0.6006000703721706,-0.6006000703721706
2017-02-23,9.5,-0.12618021300616053,-0.12618021300616053
2017-02-26,8.5,-0.29869652477561875,-0.29869652477561875
2017-02-27,11.0,0.13259425464802677,0.13259425464802677
2017-03-05,5.25,-0.8593745380263579,-0.8593745380263579
2017-03-06,3.75,-1.1181490056805452,-1.1181490056805452
2017-03-07,9.5,-0.12618021300616053,-0.12618021300616053
2017-03-08,6.5,-0.6437291483145351,-0.6437291483145351
2017-03-09,8.0,-0.3849546806603478,-0.3849546806603478
2017-03-12,7.25,-0.5143419144874415,-0.5143419144874415
2017-03-13,5.5,-0.8162454600839933,-0.8162454600839933
2017-03-16,6.75,-0.6006000703721706,-0.6006000703721706
2017-03-19,4.5,-0.9887617718534515,-0.9887617718534515
2017-03-20,9.0,-0.21243836889088963,-0.21243836889088963
2017-03-21,5.0,-0.9025036159687224,-0.9025036159687224
2017-03-22,7.0,-0.557470992429806,-0.557470992429806
2017-03-23,6.0,-0.7299873041992643,-0.7299873041992643
2017-03-26,8.0,-0.3849546806603478,-0.3849546806603478
2017-03-27,9.0,-0.21243836889088963,-0.21243836889088963
2017-03-28,7.25,-0.5143419144874415,-0.5143419144874415
2017-03-29,6.75,-0.6006000703721706,-0.6006000703721706
2017-04-02,11.75,0.2619814884751204,0.2619814884751204
2017-04-03,7.5,-0.47121283654507695,-0.47121283654507695
2017-04-04,8.75,-0.25556744683325416,-0.25556744683325416
2017-04-05,5.75,-0.7731163821416288,-0.7731163821416288
2017-04-06,17.0,1.1676921252647758,1.1676921252647758
2017-04-09,6.75,-0.6006000703721706,-0.6006000703721706
2017-04-10,11.0,0.13259425464802677,0.13259425464802677
2017-04-11,10.25,0.0032070208209331093,0.0032070208209331093
2017-04-12,8.0,-0.3849546806603478,-0.3849546806603478
2017-04-16,9.5,-0.12618021300616053,-0.12618021300616053
2017-04-17,13.0,0.47762687818694316,0.47762687818694316
2017-04-18,8.0,-0.3849546806603478,-0.3849546806603478
2017-04-19,8.25,-0.3418256027179833,-0.3418256027179833
2017-04-20,6.0,-0.7299873041992643,-0.7299873041992643
2017-04-23,10.5,0.04633609876329766,0.04633609876329766
2017-04-24,9.5,-0.12618021300616053,-0.12618021300616053
2017-04-25,6.5,-0.6437291483145351,-0.6437291483145351
2017-04-26,5.5,-0.8162454600839933,-0.8162454600839933
2017-04-27,7.5,-0.47121283654507695,-0.47121283654507695
2017-04-30,7.5,-0.47121283654507695,-0.47121283654507695
2017-05-02,6.75,-0.6006000703721706,-0.6006000703721706
2017-05-03,6.75,-0.6006000703721706,-0.6006000703721706
2017-05-04,7.75,-0.42808375860271236,-0.42808375860271236
2017-05-07,7.75,-0.42808375860271236,-0.42808375860271236
2017-05-08,5.0,-0.9025036159687224,-0.9025036159687224
2017-05-09,6.25,-0.6868582262568996,-0.6868582262568996
2017-05-10,5.25,-0.8593745380263579,-0.8593745380263579
2017-05-14,4.75,-0.945632693911087,-0.945632693911087
2017-05-15,7.0,-0.557470992429806,-0.557470992429806
2017-05-16,14.5,0.7364013458411305,0.7364013458411305
2017-05-17,9.0,-0.21243836889088963,-0.21243836889088963
2017-05-18,5.0,-0.9025036159687224,-0.9025036159687224
2017-05-21,3.5,-1.1612780836229097,-1.1612780836229097
2017-05-22,8.5,-0.29869652477561875,-0.29869652477561875
2017-05-23,7.25,-0.5143419144874415,-0.5143419144874415
2017-05-24,3.25,-1.2044071615652743,-1.2044071615652743
2017-05-25,4.0,-1.0750199277381807,-1.0750199277381807
2017-05-29,7.25,-0.5143419144874415,-0.5143419144874415
2017-05-31,4.25,-1.0318908497958161,-1.0318908497958161
2017-06-01,10.25,0.0032070208209331093,0.0032070208209331093
2017-06-04,4.5,-0.9887617718534515,-0.9887617718534515
2017-06-05,6.5,-0.6437291483145351,-0.6437291483145351
2017-06-06,4.5,-0.9887617718534515,-0.9887617718534515
2017-06-07,5.0,-0.9025036159687224,-0.9025036159687224
2017-06-08,7.25,-0.5143419144874415,-0.5143419144874415
2017-06-11,4.25,-1.0318908497958161,-1.0318908497958161
2017-06-12,2.75,-1.2906653174500033,-1.2906653174500033
2017-06-15,5.5,-0.8162454600839933,-0.8162454600839933
2017-06-18,7.25,-0.5143419144874415,-0.5143419144874415
2017-06-19,5.75,-0.7731163821416288,-0.7731163821416288
2017-06-20,4.75,-0.945632693911087,-0.945632693911087
2017-06-21,3.75,-1.1181490056805452,-1.1181490056805452
2017-06-22,3.25,-1.2044071615652743,-1.2044071615652743
2017-06-25,5.0,-0.9025036159687224,-0.9025036159687224
2017-06-26,11.0,0.13259425464802677,0.13259425464802677
2017-06-27,7.25,-0.5143419144874415,-0.5143419144874415
2017-06-28,10.5,0.04633609876329766,0.04633609876329766
2017-07-02,9.25,-0.1693092909485251,-0.1693092909485251
2017-07-04,8.25,-0.3418256027179833,-0.3418256027179833
2017-07-05,8.75,-0.25556744683325416,-0.25556744683325416
2017-07-06,5.0,-0.9025036159687224,-0.9025036159687224
2017-07-09,4.5,-0.9887617718534515,-0.9887617718534515
2017-07-10,5.75,-0.7731163821416288,-0.7731163821416288
2017-07-11,9.5,-0.12618021300616053,-0.12618021300616053
2017-07-12,6.5,-0.6437291483145351,-0.6437291483145351
2017-07-16,4.25,-1.0318908497958161,-1.0318908497958161
2017-07-17,8.0,-0.3849546806603478,-0.3849546806603478
2017-07-18,3.75,-1.1181490056805452,-1.1181490056805452
2017-07-19,4.75,-0.945632693911087,-0.945632693911087
2017-07-20,5.5,-0.8162454600839933,-0.8162454600839933
2017-07-23,4.75,-0.945632693911087,-0.945632693911087
2017-07-24,11.5,0.21885241053275586,0.21885241053275586
2017-07-25,9.25,-0.1693092909485251,-0.1693092909485251
2017-07-26,6.25,-0.6868582262568996,-0.6868582262568996
2017-07-27,7.0,-0.557470992429806,-0.557470992429806
2017-07-30,3.5,-1.1612780836229097,-1.1612780836229097
2017-07-31,9.25,-0.1693092909485251,-0.1693092909485251
2017-08-02,7.0,-0.557470992429806,-0.557470992429806
2017-08-03,8.5,-0.29869652477561875,-0.29869652477561875
2017-08-06,4.5,-0.9887617718534515,-0.9887617718534515
2017-08-07,5.25,-0.8593745380263579,-0.8593745380263579
2017-08-08,6.75,-0.6006000703721706,-0.6006000703721706
2017-08-09,7.75,-0.42808375860271236,-0.42808375860271236
2017-08-13,5.75,-0.7731163821416288,-0.7731163821416288
2017-08-14,8.75,-0.25556744683325416,-0.25556744683325416
2017-08-15,9.25,-0.1693092909485251,-0.1693092909485251
2017-08-16,8.0,-0.3849546806603478,-0.3849546806603478
2017-08-17,7.75,-0.42808375860271236,-0.42808375860271236
2017-08-20,5.0,-0.9025036159687224,-0.9025036159687224
2017-08-21,5.5,-0.8162454600839933,-0.8162454600839933
2017-08-22,7.25,-0.5143419144874415,-0.5143419144874415
2017-08-23,4.5,-0.9887617718534515,-0.9887617718534515
2017-08-24,5.25,-0.8593745380263579,-0.8593745380263579
2017-08-27,3.25,-1.2044071615652743,-1.2044071615652743
2017-08-28,9.0,-0.21243836889088963,-0.21243836889088963
2017-08-29,4.0,-1.0750199277381807,-1.0750199277381807
2017-09-04,11.25,0.1757233325903913,0.1757233325903913
2017-09-05,7.75,-0.42808375860271236,-0.42808375860271236
2017-09-06,9.0,-0.21243836889088963,-0.21243836889088963
2017-09-10,6.5,-0.6437291483145351,-0.6437291483145351
2017-09-11,6.75,-0.6006000703721706,-0.6006000703721706
2017-09-12,5.75,-0.7731163821416288,-0.7731163821416288
2017-09-17,3.25,-1.2044071615652743,-1.2044071615652743
2017-09-18,4.0,-1.0750199277381807,-1.0750199277381807
2017-09-19,2.25,-1.3769234733347324,-1.3769234733347324
2017-09-20,5.5,-0.8162454600839933,-0.8162454600839933
2017-09-21,5.75,-0.7731163821416288,-0.7731163821416288
2017-09-24,6.75,-0.6006000703721706,-0.6006000703721706
2017-09-25,4.75,-0.945632693911087,-0.945632693911087
2017-09-26,10.25,0.0032070208209331093,0.0032070208209331093
2017-09-27,8.0,-0.3849546806603478,-0.3849546806603478
2017-10-01,7.25,-0.5143419144874415,-0.5143419144874415
2017-10-02,5.75,-0.7731163821416288,-0.7731163821416288
2017-10-03,6.75,-0.6006000703721706,-0.6006000703721706
2017-10-04,5.5,-0.8162454600839933,-0.8162454600839933
2017-10-05,8.25,-0.3418256027179833,-0.3418256027179833
2017-10-08,3.0,-1.2475362395076388,-1.2475362395076388
2017-10-09,6.75,-0.6006000703721706,-0.6006000703721706
2017-10-11,4.5,-0.9887617718534515,-0.9887617718534515
2017-10-15,6.0,-0.7299873041992643,-0.7299873041992643
2017-10-16,4.75,-0.945632693911087,-0.945632693911087
2017-10-17,6.25,-0.6868582262568996,-0.6868582262568996
2017-10-18,6.75,-0.6006000703721706,-0.6006000703721706
2017-10-19,10.25,0.0032070208209331093,0.0032070208209331093
2017-10-22,4.5,-0.9887617718534515,-0.9887617718534515
2017-10-23,7.25,-0.5143419144874415,-0.5143419144874415
2017-10-24,8.0,-0.3849546806603478,-0.3849546806603478
2017-10-25,7.25,-0.5143419144874415,-0.5143419144874415
2017-10-26,8.75,-0.25556744683325416,-0.25556744683325416
2017-10-29,5.25,-0.8593745380263579,-0.8593745380263579
2017-10-31,6.75,-0.6006000703721706,-0.6006000703721706
2017-11-01,6.0,-0.7299873041992643,-0.7299873041992643
2017-11-02,6.25,-0.6868582262568996,-0.6868582262568996
2017-11-05,5.0,-0.9025036159687224,-0.9025036159687224
2017-11-06,4.5,-0.9887617718534515,-0.9887617718534515
2017-11-07,5.0,-0.9025036159687224,-0.9025036159687224
2017-11-08,4.5,-0.9887617718534515,-0.9887617718534515
2017-11-09,8.0,-0.3849546806603478,-0.3849546806603478
2017-11-12,5.75,-0.7731163821416288,-0.7731163821416288
2017-11-13,5.25,-0.8593745380263579,-0.8593745380263579
2017-11-16,5.0,-0.9025036159687224,-0.9025036159687224
2017-11-19,7.25,-0.5143419144874415,-0.5143419144874415
2017-11-20,5.25,-0.8593745380263579,-0.8593745380263579
2017-11-21,8.5,-0.29869652477561875,-0.29869652477561875
2017-11-23,4.0,-1.0750199277381807,-1.0750199277381807
2017-11-26,4.75,-0.945632693911087,-0.945632693911087
2017-11-28,9.5,-0.12618021300616053,-0.12618021300616053
2017-12-03,6.0,-0.7299873041992643,-0.7299873041992643
2017-12-04,4.5,-0.9887617718534515,-0.9887617718534515
2017-12-05,6.25,-0.6868582262568996,-0.6868582262568996
2017-12-06,5.5,-0.8162454600839933,-0.8162454600839933
2017-12-07,4.75,-0.945632693911087,-0.945632693911087
2017-12-10,4.0,-1.0750199277381807,-1.0750199277381807
2017-12-11,4.75,-0.945632693911087,-0.945632693911087
2017-12-14,5.25,-0.8593745380263579,-0.8593745380263579
2017-12-17,3.0,-1.2475362395076388,-1.2475362395076388
2017-12-18,9.5,-0.12618021300616053,-0.12618021300616053
2017-12-19,6.5,-0.6437291483145351,-0.6437291483145351
2017-12-20,3.75,-1.1181490056805452,-1.1181490056805452
2017-12-25,4.0,-1.0750199277381807,-1.0750199277381807
2017-12-26,7.75,-0.42808375860271236,-0.42808375860271236
2017-12-27,3.25,-1.2044071615652743,-1.2044071615652743
2017-12-28,4.25,-1.0318908497958161,-1.0318908497958161
2018-01-01,7.5,-0.47121283654507695,-0.47121283654507695
2018-01-02,4.0,-1.0750199277381807,-1.0750199277381807
2018-01-03,5.75,-0.7731163821416288,-0.7731163821416288
2018-01-04,6.5,-0.6437291483145351,-0.6437291483145351
2018-01-07,3.5,-1.1612780836229097,-1.1612780836229097
2018-01-08,8.25,-0.3418256027179833,-0.3418256027179833
2018-01-09,6.25,-0.6868582262568996,-0.6868582262568996
2018-01-10,4.75,-0.945632693911087,-0.945632693911087
2018-01-15,5.0,-0.9025036159687224,-0.9025036159687224
2018-01-16,8.25,-0.3418256027179833,-0.3418256027179833
2018-01-17,4.0,-1.0750199277381807,-1.0750199277381807
2018-01-18,6.25,-0.6868582262568996,-0.6868582262568996
2018-01-21,5.0,-0.9025036159687224,-0.9025036159687224
2018-01-22,6.25,-0.6868582262568996,-0.6868582262568996
2018-01-23,6.5,-0.6437291483145351,-0.6437291483145351
2018-01-24,8.0,-0.3849546806603478,-0.3849546806603478
2018-01-25,7.5,-0.47121283654507695,-0.47121283654507695
2018-01-28,9.0,-0.21243836889088963,-0.21243836889088963
2018-01-30,8.5,-0.29869652477561875,-0.29869652477561875
2018-01-31,9.5,-0.12618021300616053,-0.12618021300616053
2018-02-01,8.75,-0.25556744683325416,-0.25556744683325416
2018-02-04,24.0,2.3753063076509835,2.3753063076509835
2018-02-05,22.75,2.1596609179391604,2.1596609179391604
2018-02-06,12.0,0.30511056641748496,0.30511056641748496
2018-02-07,11.5,0.21885241053275586,0.21885241053275586
2018-02-08,12.5,0.39136872230221403,0.39136872230221403
2018-02-11,6.75,-0.6006000703721706,-0.6006000703721706
2018-02-12,4.75,-0.945632693911087,-0.945632693911087
2018-02-13,15.5,0.9089176576105886,0.9089176576105886
2018-02-19,8.0,-0.3849546806603478,-0.3849546806603478
2018-02-20,8.75,-0.25556744683325416,-0.25556744683325416
2018-02-21,6.25,-0.6868582262568996,-0.6868582262568996
2018-02-22,9.25,-0.1693092909485251,-0.1693092909485251
2018-02-25,5.75,-0.7731163821416288,-0.7731163821416288
2018-02-26,10.25,0.0032070208209331093,0.0032070208209331093
2018-02-27,6.5,-0.6437291483145351,-0.6437291483145351
2018-03-04,11.0,0.13259425464802677,0.13259425464802677
2018-03-05,6.25,-0.6868582262568996,-0.6868582262568996
2018-03-07,5.25,-0.8593745380263579,-0.8593745380263579
2018-03-08,6.0,-0.7299873041992643,-0.7299873041992643
2018-03-11,5.25,-0.8593745380263579,-0.8593745380263579
2018-03-12,7.0,-0.557470992429806,-0.557470992429806
2018-03-15,4.5,-0.9887617718534515,-0.9887617718534515
2018-03-18,6.25,-0.6868582262568996,-0.6868582262568996
2018-03-19,3.75,-1.1181490056805452,-1.1181490056805452
2018-03-20,9.0,-0.21243836889088963,-0.21243836889088963
2018-03-21,11.0,0.13259425464802677,0.13259425464802677
2018-03-22,7.25,-0.5143419144874415,-0.5143419144874415
2018-03-25,6.25,-0.6868582262568996,-0.6868582262568996
2018-03-26,11.25,0.1757233325903913,0.1757233325903913
2018-03-27,8.0,-0.3849546806603478,-0.3849546806603478
2018-04-01,7.25,-0.5143419144874415,-0.5143419144874415
2018-04-02,7.5,-0.47121283654507695,-0.47121283654507695
2018-04-03,7.75,-0.42808375860271236,-0.42808375860271236
2018-04-04,3.5,-1.1612780836229097,-1.1612780836229097
2018-04-05,8.25,-0.3418256027179833,-0.3418256027179833
2018-04-08,4.75,-0.945632693911087,-0.945632693911087
2018-04-09,5.0,-0.9025036159687224,-0.9025036159687224
2018-04-12,4.5,-0.9887617718534515,-0.9887617718534515
2018-04-15,4.25,-1.0318908497958161,-1.0318908497958161
2018-04-16,4.0,-1.0750199277381807,-1.0750199277381807
2018-04-17,7.0,-0.557470992429806,-0.557470992429806
2018-04-18,7.75,-0.42808375860271236,-0.42808375860271236
2018-04-19,7.25,-0.5143419144874415,-0.5143419144874415
2018-04-22,4.75,-0.945632693911087,-0.945632693911087
2018-04-23,5.25,-0.8593745380263579,-0.8593745380263579
2018-04-24,5.0,-0.9025036159687224,-0.9025036159687224
2018-04-25,6.0,-0.7299873041992643,-0.7299873041992643
2018-04-26,4.25,-1.0318908497958161,-1.0318908497958161
2018-04-29,4.5,-0.9887617718534515,-0.9887617718534515
2018-05-01,5.0,-0.9025036159687224,-0.9025036159687224
2018-05-02,6.25,-0.6868582262568996,-0.6868582262568996
2018-05-03,6.75,-0.6006000703721706,-0.6006000703721706
2018-05-06,3.0,-1.2475362395076388,-1.2475362395076388
2018-05-07,5.5,-0.8162454600839933,-0.8162454600839933
2018-05-08,4.5,-0.9887617718534515,-0.9887617718534515
2018-05-13,5.5,-0.8162454600839933,-0.8162454600839933
2018-05-14,11.25,0.1757233325903913,0.1757233325903913
2018-05-15,5.75,-0.7731163821416288,-0.7731163821416288
2018-05-16,4.25,-1.0318908497958161,-1.0318908497958161
2018-05-17,8.5,-0.29869652477561875,-0.29869652477561875
2018-05-20,4.5,-0.9887617718534515,-0.9887617718534515
2018-05-21,3.75,-1.1181490056805452,-1.1181490056805452
2018-05-22,9.75,-0.083051135063796,-0.083051135063796
2018-05-23,6.75,-0.6006000703721706,-0.6006000703721706
2018-05-24,10.0,-0.03992205712143144,-0.03992205712143144
2018-05-28,19.25,1.5558538267460569,1.5558538267460569
2018-05-29,18.0,1.3402084370342342,1.3402084370342342
2018-06-03,6.5,-0.6437291483145351,-0.6437291483145351
2018-06-04,6.25,-0.6868582262568996,-0.6868582262568996
2018-06-05,6.25,-0.6868582262568996,-0.6868582262568996
2018-06-06,13.0,0.47762687818694316,0.47762687818694316
2018-06-07,7.5,-0.47121283654507695,-0.47121283654507695
2018-06-10,3.5,-1.1612780836229097,-1.1612780836229097
2018-06-11,4.25,-1.0318908497958161,-1.0318908497958161
2018-06-14,4.75,-0.945632693911087,-0.945632693911087
2018-06-17,3.0,-1.2475362395076388,-1.2475362395076388
2018-06-18,8.5,-0.29869652477561875,-0.29869652477561875
2018-06-19,3.0,-1.2475362395076388,-1.2475362395076388
2018-06-20,8.0,-0.3849546806603478,-0.3849546806603478
2018-06-21,4.25,-1.0318908497958161,-1.0318908497958161
2018-06-24,4.5,-0.9887617718534515,-0.9887617718534515
2018-06-25,4.5,-0.9887617718534515,-0.9887617718534515
2018-06-26,7.5,-0.47121283654507695,-0.47121283654507695
2018-06-27,4.75,-0.945632693911087,-0.945632693911087
2018-07-01,6.5,-0.6437291483145351,-0.6437291483145351
2018-07-02,7.0,-0.557470992429806,-0.557470992429806
2018-07-04,5.25,-0.8593745380263579,-0.8593745380263579
2018-07-05,6.75,-0.6006000703721706,-0.6006000703721706
2018-07-08,4.75,-0.945632693911087,-0.945632693911087
2018-07-09,3.25,-1.2044071615652743,-1.2044071615652743
2018-07-10,5.25,-0.8593745380263579,-0.8593745380263579
2018-07-15,6.25,-0.6868582262568996,-0.6868582262568996
2018-07-16,3.5,-1.1612780836229097,-1.1612780836229097
2018-07-17,4.0,-1.0750199277381807,-1.0750199277381807
2018-07-18,9.0,-0.21243836889088963,-0.21243836889088963
2018-07-19,6.75,-0.6006000703721706,-0.6006000703721706
2018-07-22,10.5,0.04633609876329766,0.04633609876329766
2018-07-23,4.0,-1.0750199277381807,-1.0750199277381807
2018-07-24,6.0,-0.7299873041992643,-0.7299873041992643
2018-07-25,4.5,-0.9887617718534515,-0.9887617718534515
2018-07-26,4.25,-1.0318908497958161,-1.0318908497958161
2018-07-29,3.75,-1.1181490056805452,-1.1181490056805452
2018-07-30,5.0,-0.9025036159687224,-0.9025036159687224
2018-08-01,4.25,-1.0318908497958161,-1.0318908497958161
2018-08-02,6.5,-0.6437291483145351,-0.6437291483145351
2018-08-05,5.0,-0.9025036159687224,-0.9025036159687224
2018-08-06,5.5,-0.8162454600839933,-0.8162454600839933
2018-08-07,3.25,-1.2044071615652743,-1.2044071615652743
2018-08-08,4.75,-0.945632693911087,-0.945632693911087
2018-08-12,5.75,-0.7731163821416288,-0.7731163821416288
2018-08-13,3.5,-1.1612780836229097,-1.1612780836229097
2018-08-14,8.25,-0.3418256027179833,-0.3418256027179833
2018-08-15,4.75,-0.945632693911087,-0.945632693911087
2018-08-16,4.5,-0.9887617718534515,-0.9887617718534515
2018-08-19,6.5,-0.6437291483145351,-0.6437291483145351
2018-08-20,4.75,-0.945632693911087,-0.945632693911087
2018-08-21,3.75,-1.1181490056805452,-1.1181490056805452
2018-08-22,3.25,-1.2044071615652743,-1.2044071615652743
2018-08-23,4.25,-1.0318908497958161,-1.0318908497958161
2018-08-26,5.5,-0.8162454600839933,-0.8162454600839933
2018-08-27,5.5,-0.8162454600839933,-0.8162454600839933
2018-08-28,4.5,-0.9887617718534515,-0.9887617718534515
2018-09-03,5.75,-0.7731163821416288,-0.7731163821416288
2018-09-04,3.75,-1.1181490056805452,-1.1181490056805452
2018-09-05,4.75,-0.945632693911087,-0.945632693911087
2018-09-06,9.5,-0.12618021300616053,-0.12618021300616053
2018-09-09,2.5,-1.3337943953923679,-1.3337943953923679
2018-09-10,6.0,-0.7299873041992643,-0.7299873041992643
2018-09-11,2.5,-1.3337943953923679,-1.3337943953923679
2018-09-16,3.5,-1.1612780836229097,-1.1612780836229097
2018-09-17,8.75,-0.25556744683325416,-0.25556744683325416
2018-09-18,3.75,-1.1181490056805452,-1.1181490056805452
2018-09-19,4.75,-0.945632693911087,-0.945632693911087
2018-09-20,3.25,-1.2044071615652743,-1.2044071615652743
2018-09-23,4.0,-1.0750199277381807,-1.0750199277381807
2018-09-24,3.5,-1.1612780836229097,-1.1612780836229097
2018-09-25,6.75,-0.6006000703721706,-0.6006000703721706
2018-09-26,5.5,-0.8162454600839933,-0.8162454600839933
2018-09-30,4.0,-1.0750199277381807,-1.0750199277381807
2018-10-01,5.0,-0.9025036159687224,-0.9025036159687224
2018-10-02,15.5,0.9089176576105886,0.9089176576105886
2018-10-03,6.75,-0.6006000703721706,-0.6006000703721706
2018-10-04,7.25,-0.5143419144874415,-0.5143419144874415
2018-10-07,6.25,-0.6868582262568996,-0.6868582262568996
2018-10-08,6.25,-0.6868582262568996,-0.6868582262568996
2018-10-09,10.5,0.04633609876329766,0.04633609876329766
2018-10-14,3.0,-1.2475362395076388,-1.2475362395076388
2018-10-15,3.25,-1.2044071615652743,-1.2044071615652743
2018-10-16,7.25,-0.5143419144874415,-0.5143419144874415
2018-10-17,8.0,-0.3849546806603478,-0.3849546806603478
2018-10-18,4.75,-0.945632693911087,-0.945632693911087
2018-10-21,4.0,-1.0750199277381807,-1.0750199277381807
2018-10-22,11.0,0.13259425464802677,0.13259425464802677
2018-10-23,10.25,0.0032070208209331093,0.0032070208209331093
2018-10-24,6.5,-0.6437291483145351,-0.6437291483145351
2018-10-25,8.25,-0.3418256027179833,-0.3418256027179833
2018-10-28,7.5,-0.47121283654507695,-0.47121283654507695
2018-10-30,5.0,-0.9025036159687224,-0.9025036159687224
2018-10-31,5.0,-0.9025036159687224,-0.9025036159687224
2018-11-01,11.5,0.21885241053275586,0.21885241053275586
2018-11-04,3.5,-1.1612780836229097,-1.1612780836229097
2018-11-05,5.5,-0.8162454600839933,-0.8162454600839933
2018-11-06,8.75,-0.25556744683325416,-0.25556744683325416
2018-11-07,4.75,-0.945632693911087,-0.945632693911087
2018-11-08,7.5,-0.47121283654507695,-0.47121283654507695
2018-11-11,5.75,-0.7731163821416288,-0.7731163821416288
2018-11-12,5.5,-0.8162454600839933,-0.8162454600839933
2018-11-13,9.75,-0.083051135063796,-0.083051135063796
2018-11-15,7.75,-0.42808375860271236,-0.42808375860271236
2018-11-18,5.75,-0.7731163821416288,-0.7731163821416288
2018-11-19,4.0,-1.0750199277381807,-1.0750199277381807
2018-11-20,4.0,-1.0750199277381807,-1.0750199277381807
2018-11-22,5.25,-0.8593745380263579,-0.8593745380263579
2018-11-25,4.75,-0.945632693911087,-0.945632693911087
2018-11-26,3.5,-1.1612780836229097,-1.1612780836229097
2018-11-27,5.25,-0.8593745380263579,-0.8593745380263579
2018-12-02,9.5,-0.12618021300616053,-0.12618021300616053
2018-12-03,8.75,-0.25556744683325416,-0.25556744683325416
2018-12-05,13.0,0.47762687818694316,0.47762687818694316
2018-12-09,5.25,-0.8593745380263579,-0.8593745380263579
2018-12-10,6.5,-0.6437291483145351,-0.6437291483145351
2018-12-13,5.75,-0.7731163821416288,-0.7731163821416288
2018-12-16,5.75,-0.7731163821416288,-0.7731163821416288
2018-12-17,5.5,-0.8162454600839933,-0.8162454600839933
2018-12-18,4.75,-0.945632693911087,-0.945632693911087
2018-12-19,7.0,-0.557470992429806,-0.557470992429806
2018-12-20,4.0,-1.0750199277381807,-1.0750199277381807
2018-12-23,9.0,-0.21243836889088963,-0.21243836889088963
2018-12-25,12.25,0.3482396443598495,0.3482396443598495
2018-12-26,10.25,0.0032070208209331093,0.0032070208209331093
2018-12-27,8.5,-0.29869652477561875,-0.29869652477561875
2018-12-30,9.0,-0.21243836889088963,-0.21243836889088963
2019-01-01,11.25,0.1757233325903913,0.1757233325903913
2019-01-02,16.5,1.0814339693800468,1.0814339693800468
2019-01-03,17.75,1.2970793590918697,1.2970793590918697
2019-01-06,9.0,-0.21243836889088963,-0.21243836889088963
2019-01-07,7.0,-0.557470992429806,-0.557470992429806
2019-01-08,5.75,-0.7731163821416288,-0.7731163821416288
2019-01-09,8.5,-0.29869652477561875,-0.29869652477561875
2019-01-13,6.5,-0.6437291483145351,-0.6437291483145351
2019-01-14,6.5,-0.6437291483145351,-0.6437291483145351
2019-01-16,9.25,-0.1693092909485251,-0.1693092909485251
2019-01-17,7.75,-0.42808375860271236,-0.42808375860271236
2019-01-21,7.5,-0.47121283654507695,-0.47121283654507695
2019-01-22,5.25,-0.8593745380263579,-0.8593745380263579
2019-01-23,7.0,-0.557470992429806,-0.557470992429806
2019-01-24,7.5,-0.47121283654507695,-0.47121283654507695
2019-01-27,5.5,-0.8162454600839933,-0.8162454600839933
2019-01-28,5.75,-0.7731163821416288,-0.7731163821416288
2019-01-29,10.25,0.0032070208209331093,0.0032070208209331093
2019-01-30,8.5,-0.29869652477561875,-0.29869652477561875
2019-01-31,10.5,0.04633609876329766,0.04633609876329766
2019-02-03,6.0,-0.7299873041992643,-0.7299873041992643
2019-02-05,4.75,-0.945632693911087,-0.945632693911087
2019-02-10,5.5,-0.8162454600839933,-0.8162454600839933
2019-02-11,5.0,-0.9025036159687224,-0.9025036159687224
2019-02-12,5.25,-0.8593745380263579,-0.8593745380263579
2019-02-18,6.0,-0.7299873041992643,-0.7299873041992643
2019-02-19,3.75,-1.1181490056805452,-1.1181490056805452
2019-02-20,7.25,-0.5143419144874415,-0.5143419144874415
2019-02-21,7.0,-0.557470992429806,-0.557470992429806
2019-02-24,3.25,-1.2044071615652743,-1.2044071615652743
2019-02-25,4.75,-0.945632693911087,-0.945632693911087
2019-02-26,8.0,-0.3849546806603478,-0.3849546806603478
2019-02-27,9.0,-0.21243836889088963,-0.21243836889088963
2019-03-03,6.5,-0.6437291483145351,-0.6437291483145351
2019-03-04,4.0,-1.0750199277381807,-1.0750199277381807
2019-03-05,5.75,-0.7731163821416288,-0.7731163821416288
2019-03-06,7.5,-0.47121283654507695,-0.47121283654507695
2019-03-07,5.75,-0.7731163821416288,-0.7731163821416288
2019-03-10,3.75,-1.1181490056805452,-1.1181490056805452
2019-03-11,8.25,-0.3418256027179833,-0.3418256027179833
2019-03-14,6.5,-0.6437291483145351,-0.6437291483145351
2019-03-17,3.0,-1.2475362395076388,-1.2475362395076388
2019-03-18,4.75,-0.945632693911087,-0.945632693911087
2019-03-19,2.75,-1.2906653174500033,-1.2906653174500033
2019-03-20,6.5,-0.6437291483145351,-0.6437291483145351
2019-03-21,15.0,0.8226595017258596,0.8226595017258596
2019-03-24,12.75,0.4344978002445786,0.4344978002445786
2019-03-26,11.25,0.1757233325903913,0.1757233325903913
2019-03-27,10.0,-0.03992205712143144,-0.03992205712143144
2019-03-31,10.5,0.04633609876329766,0.04633609876329766
2019-04-01,4.0,-1.0750199277381807,-1.0750199277381807
2019-04-02,7.0,-0.557470992429806,-0.557470992429806
2019-04-03,4.5,-0.9887617718534515,-0.9887617718534515
2019-04-04,6.75,-0.6006000703721706,-0.6006000703721706
2019-04-07,4.5,-0.9887617718534515,-0.9887617718534515
2019-04-08,5.5,-0.8162454600839933,-0.8162454600839933
2019-04-09,6.25,-0.6868582262568996,-0.6868582262568996
2019-04-14,3.75,-1.1181490056805452,-1.1181490056805452
2019-04-16,4.75,-0.945632693911087,-0.945632693911087
2019-04-17,6.25,-0.6868582262568996,-0.6868582262568996
2019-04-21,4.0,-1.0750199277381807,-1.0750199277381807
2019-04-22,4.75,-0.945632693911087,-0.945632693911087
2019-04-23,7.5,-0.47121283654507695,-0.47121283654507695
2019-04-24,3.75,-1.1181490056805452,-1.1181490056805452
2019-04-25,7.5,-0.47121283654507695,-0.47121283654507695
2019-04-28,5.0,-0.9025036159687224,-0.9025036159687224
2019-04-30,10.5,0.04633609876329766,0.04633609876329766
2019-05-01,8.0,-0.3849546806603478,-0.3849546806603478
2019-05-02,8.5,-0.29869652477561875,-0.29869652477561875
2019-05-05,8.75,-0.25556744683325416,-0.25556744683325416
2019-05-06,6.75,-0.6006000703721706,-0.6006000703721706
2019-05-07,8.5,-0.29869652477561875,-0.29869652477561875
2019-05-08,8.5,-0.29869652477561875,-0.29869652477561875
2019-05-12,9.0,-0.21243836889088963,-0.21243836889088963
2019-05-13,4.5,-0.9887617718534515,-0.9887617718534515
2019-05-14,8.5,-0.29869652477561875,-0.29869652477561875
2019-05-15,8.5,-0.29869652477561875,-0.29869652477561875
2019-05-16,6.75,-0.6006000703721706,-0.6006000703721706
2019-05-19,5.5,-0.8162454600839933,-0.8162454600839933
2019-05-20,5.25,-0.8593745380263579,-0.8593745380263579
2019-05-21,6.75,-0.6006000703721706,-0.6006000703721706
2019-05-22,12.0,0.30511056641748496,0.30511056641748496
2019-05-23,3.75,-1.1181490056805452,-1.1181490056805452
2019-05-27,8.75,-0.25556744683325416,-0.25556744683325416
2019-05-28,8.0,-0.3849546806603478,-0.3849546806603478
2019-05-29,9.75,-0.083051135063796,-0.083051135063796
2019-06-02,12.25,0.3482396443598495,0.3482396443598495
2019-06-03,11.5,0.21885241053275586,0.21885241053275586
2019-06-04,10.5,0.04633609876329766,0.04633609876329766
2019-06-05,6.25,-0.6868582262568996,-0.6868582262568996
2019-06-06,10.75,0.0894651767056622,0.0894651767056622
2019-06-09,4.75,-0.945632693911087,-0.945632693911087
2019-06-10,4.5,-0.9887617718534515,-0.9887617718534515
2019-06-13,7.0,-0.557470992429806,-0.557470992429806
2019-06-16,4.75,-0.945632693911087,-0.945632693911087
2019-06-17,9.5,-0.12618021300616053,-0.12618021300616053
2019-06-18,3.0,-1.2475362395076388,-1.2475362395076388
2019-06-19,9.5,-0.12618021300616053,-0.12618021300616053
2019-06-20,9.25,-0.1693092909485251,-0.1693092909485251
2019-06-23,7.25,-0.5143419144874415,-0.5143419144874415
2019-06-24,5.75,-0.7731163821416288,-0.7731163821416288
2019-06-25,10.0,-0.03992205712143144,-0.03992205712143144
2019-06-26,9.25,-0.1693092909485251,-0.1693092909485251
2019-06-30,7.0,-0.557470992429806,-0.557470992429806
2019-07-01,7.25,-0.5143419144874415,-0.5143419144874415
2019-07-02,4.75,-0.945632693911087,-0.945632693911087
2019-07-04,18.25,1.3833375149765987,1.3833375149765987
2019-07-07,6.5,-0.6437291483145351,-0.6437291483145351
2019-07-08,5.5,-0.8162454600839933,-0.8162454600839933
2019-07-09,11.5,0.21885241053275586,0.21885241053275586
2019-07-10,14.25,0.693272267898766,0.693272267898766
2019-07-14,6.0,-0.7299873041992643,-0.7299873041992643
2019-07-15,8.5,-0.29869652477561875,-0.29869652477561875
2019-07-16,9.0,-0.21243836889088963,-0.21243836889088963
2019-07-17,9.25,-0.1693092909485251,-0.1693092909485251
2019-07-18,7.75,-0.42808375860271236,-0.42808375860271236
2019-07-21,5.5,-0.8162454600839933,-0.8162454600839933
2019-07-22,5.25,-0.8593745380263579,-0.8593745380263579
2019-07-23,6.5,-0.6437291483145351,-0.6437291483145351
2019-07-24,12.25,0.3482396443598495,0.3482396443598495
2019-07-25,5.5,-0.8162454600839933,-0.8162454600839933
2019-07-28,3.5,-1.1612780836229097,-1.1612780836229097
2019-07-29,5.0,-0.9025036159687224,-0.9025036159687224
2019-07-31,26.75,2.849726165016994,2.849726165016994
2019-08-01,11.0,0.13259425464802677,0.13259425464802677
2019-08-04,18.5,1.4264665929189633,1.4264665929189633
2019-08-05,13.75,0.6070141120140368,0.6070141120140368
2019-08-06,18.25,1.3833375149765987,1.3833375149765987
2019-08-07,10.25,0.0032070208209331093,0.0032070208209331093
2019-08-08,11.5,0.21885241053275586,0.21885241053275586
2019-08-11,13.5,0.5638850340716722,0.5638850340716722
2019-08-12,16.0,0.9951758134953177,0.9951758134953177
2019-08-14,16.5,1.0814339693800468,1.0814339693800468
2019-08-15,11.0,0.13259425464802677,0.13259425464802677
2019-08-18,8.25,-0.3418256027179833,-0.3418256027179833
2019-08-19,9.5,-0.12618021300616053,-0.12618021300616053
2019-08-20,7.5,-0.47121283654507695,-0.47121283654507695
2019-08-21,9.75,-0.083051135063796,-0.083051135063796
2019-08-22,20.5,1.7714992164578796,1.7714992164578796
2019-08-25,13.75,0.6070141120140368,0.6070141120140368
2019-08-26,7.25,-0.5143419144874415,-0.5143419144874415
2019-08-27,6.25,-0.6868582262568996,-0.6868582262568996
2019-08-28,11.5,0.21885241053275586,0.21885241053275586
2019-09-02,13.75,0.6070141120140368,0.6070141120140368
2019-09-03,7.0,-0.557470992429806,-0.557470992429806
2019-09-04,17.75,1.2970793590918697,1.2970793590918697
2019-09-05,9.5,-0.12618021300616053,-0.12618021300616053
2019-09-08,10.5,0.04633609876329766,0.04633609876329766
2019-09-09,15.5,0.9089176576105886,0.9089176576105886
2019-09-10,4.75,-0.945632693911087,-0.945632693911087
2019-09-15,6.75,-0.6006000703721706,-0.6006000703721706
2019-09-16,6.75,-0.6006000703721706,-0.6006000703721706
2019-09-17,9.25,-0.1693092909485251,-0.1693092909485251
2019-09-18,8.25,-0.3418256027179833,-0.3418256027179833
2019-09-19,9.5,-0.12618021300616053,-0.12618021300616053
2019-09-22,13.5,0.5638850340716722,0.5638850340716722
2019-09-23,13.75,0.6070141120140368,0.6070141120140368
2019-09-24,13.75,0.6070141120140368,0.6070141120140368
2019-09-25,7.75,-0.42808375860271236,-0.42808375860271236
2019-09-29,5.75,-0.7731163821416288,-0.7731163821416288
2019-09-30,20.75,1.814628294400244,1.814628294400244
2019-10-01,13.0,0.47762687818694316,0.47762687818694316
2019-10-02,14.75,0.779530423783495,0.779530423783495
2019-10-03,8.75,-0.25556744683325416,-0.25556744683325416
2019-10-06,9.25,-0.1693092909485251,-0.1693092909485251
2019-10-07,12.0,0.30511056641748496,0.30511056641748496
2019-10-09,18.5,1.4264665929189633,1.4264665929189633
2019-10-13,10.5,0.04633609876329766,0.04633609876329766
2019-10-14,13.5,0.5638850340716722,0.5638850340716722
2019-10-15,7.5,-0.47121283654507695,-0.47121283654507695
2019-10-16,10.75,0.0894651767056622,0.0894651767056622
2019-10-17,6.5,-0.6437291483145351,-0.6437291483145351
2019-10-20,9.5,-0.12618021300616053,-0.12618021300616053
2019-10-21,6.25,-0.6868582262568996,-0.6868582262568996
2019-10-22,6.0,-0.7299873041992643,-0.7299873041992643
2019-10-23,6.75,-0.6006000703721706,-0.6006000703721706
2019-10-24,9.75,-0.083051135063796,-0.083051135063796
2019-10-27,8.5,-0.29869652477561875,-0.29869652477561875
2019-10-28,5.0,-0.9025036159687224,-0.9025036159687224
2019-10-29,9.75,-0.083051135063796,-0.083051135063796
2019-11-03,8.75,-0.25556744683325416,-0.25556744683325416
2019-11-04,12.75,0.4344978002445786,0.4344978002445786
2019-11-05,7.25,-0.5143419144874415,-0.5143419144874415
2019-11-06,22.25,2.0734027620544313,2.0734027620544313
2019-11-10,5.75,-0.7731163821416288,-0.7731163821416288
2019-11-11,7.0,-0.557470992429806,-0.557470992429806
2019-11-12,9.5,-0.12618021300616053,-0.12618021300616053
2019-11-17,7.75,-0.42808375860271236,-0.42808375860271236
2019-11-18,5.5,-0.8162454600839933,-0.8162454600839933
2019-11-19,7.25,-0.5143419144874415,-0.5143419144874415
2019-11-20,10.75,0.0894651767056622,0.0894651767056622
2019-11-21,6.0,-0.7299873041992643,-0.7299873041992643
2019-11-24,5.5,-0.8162454600839933,-0.8162454600839933
2019-11-26,6.25,-0.6868582262568996,-0.6868582262568996
2019-11-28,6.0,-0.7299873041992643,-0.7299873041992643
2019-12-01,8.0,-0.3849546806603478,-0.3849546806603478
2019-12-02,20.0,1.6852410605731505,1.6852410605731505
2019-12-03,10.75,0.0894651767056622,0.0894651767056622
2019-12-04,8.25,-0.3418256027179833,-0.3418256027179833
2019-12-05,11.0,0.13259425464802677,0.13259425464802677
2019-12-08,4.5,-0.9887617718534515,-0.9887617718534515
2019-12-09,6.0,-0.7299873041992643,-0.7299873041992643
2019-12-10,7.0,-0.557470992429806,-0.557470992429806
2019-12-15,7.5,-0.47121283654507695,-0.47121283654507695
2019-12-16,3.5,-1.1612780836229097,-1.1612780836229097
2019-12-17,8.25,-0.3418256027179833,-0.3418256027179833
2019-12-18,4.5,-0.9887617718534515,-0.9887617718534515
2019-12-19,4.75,-0.945632693911087,-0.945632693911087
2019-12-22,5.5,-0.8162454600839933,-0.8162454600839933
2019-12-23,6.25,-0.6868582262568996,-0.6868582262568996
2019-12-25,4.25,-1.0318908497958161,-1.0318908497958161
2019-12-26,4.5,-0.9887617718534515,-0.9887617718534515
2019-12-29,8.5,-0.29869652477561875,-0.29869652477561875
2019-12-30,5.75,-0.7731163821416288,-0.7731163821416288
2020-01-01,12.25,0.3482396443598495,0.3482396443598495
2020-01-02,13.0,0.47762687818694316,0.47762687818694316
2020-01-05,8.0,-0.3849546806603478,-0.3849546806603478
2020-01-06,4.0,-1.0750199277381807,-1.0750199277381807
2020-01-07,23.25,2.2459190738238894,2.2459190738238894
2020-01-08,6.25,-0.6868582262568996,-0.6868582262568996
2020-01-09,6.5,-0.6437291483145351,-0.6437291483145351
2020-01-12,4.75,-0.945632693911087,-0.945632693911087
2020-01-13,7.25,-0.5143419144874415,-0.5143419144874415
2020-01-16,5.0,-0.9025036159687224,-0.9025036159687224
2020-01-20,8.0,-0.3849546806603478,-0.3849546806603478
2020-01-21,4.0,-1.0750199277381807,-1.0750199277381807
2020-01-22,7.75,-0.42808375860271236,-0.42808375860271236
2020-01-23,12.5,0.39136872230221403,0.39136872230221403
2020-01-26,7.0,-0.557470992429806,-0.557470992429806
2020-01-27,11.75,0.2619814884751204,0.2619814884751204
2020-01-28,11.75,0.2619814884751204,0.2619814884751204
2020-01-29,8.5,-0.29869652477561875,-0.29869652477561875
2020-02-02,12.5,0.39136872230221403,0.39136872230221403
2020-02-03,14.25,0.693272267898766,0.693272267898766
2020-02-04,12.5,0.39136872230221403,0.39136872230221403
2020-02-05,7.0,-0.557470992429806,-0.557470992429806
2020-02-09,8.0,-0.3849546806603478,-0.3849546806603478
2020-02-10,5.0,-0.9025036159687224,-0.9025036159687224
2020-02-11,5.25,-0.8593745380263579,-0.8593745380263579
2020-02-12,8.5,-0.29869652477561875,-0.29869652477561875
2020-02-17,9.0,-0.21243836889088963,-0.21243836889088963
2020-02-18,5.0,-0.9025036159687224,-0.9025036159687224
2020-02-20,11.25,0.1757233325903913,0.1757233325903913
2020-02-23,12.75,0.4344978002445786,0.4344978002445786
2020-02-24,15.75,0.9520467355529532,0.9520467355529532
2020-02-25,11.25,0.1757233325903913,0.1757233325903913
2020-02-26,15.25,0.8657885796682241,0.8657885796682241
2020-03-01,20.25,1.728370138515515,1.728370138515515
2020-03-02,39.5,5.049309140077586,5.049309140077586
2020-03-03,15.5,0.9089176576105886,0.9089176576105886
2020-03-04,20.25,1.728370138515515,1.728370138515515
2020-03-05,28.5,3.1516297106135456,3.1516297106135456
2020-03-08,35.25,4.3161148150573885,4.3161148150573885
2020-03-09,28.0,3.0653715547288165,3.0653715547288165
2020-03-10,27.75,3.022242476786452,3.022242476786452
2020-03-15,27.5,2.9791133988440874,2.9791133988440874
2020-03-16,69.5,10.224798493161332,10.224798493161332
2020-03-17,26.0,2.7203389311899,2.7203389311899
2020-03-18,23.0,2.202789995881525,2.202789995881525
2020-03-19,8.0,-0.3849546806603478,-0.3849546806603478
2020-03-22,21.75,1.9871446061697025,1.9871446061697025
2020-03-23,22.25,2.0734027620544313,2.0734027620544313
2020-03-24,10.5,0.04633609876329766,0.04633609876329766
2020-03-25,12.75,0.4344978002445786,0.4344978002445786
2020-03-29,16.25,1.0383048914376822,1.0383048914376822
2020-03-30,11.25,0.1757233325903913,0.1757233325903913
2020-03-31,10.25,0.0032070208209331093,0.0032070208209331093
2020-04-01,10.75,0.0894651767056622,0.0894651767056622
2020-04-02,7.25,-0.5143419144874415,-0.5143419144874415
2020-04-05,11.25,0.1757233325903913,0.1757233325903913
2020-04-06,15.5,0.9089176576105886,0.9089176576105886
2020-04-07,9.5,-0.12618021300616053,-0.12618021300616053
2020-04-08,11.75,0.2619814884751204,0.2619814884751204
2020-04-12,7.25,-0.5143419144874415,-0.5143419144874415
2020-04-13,8.75,-0.25556744683325416,-0.25556744683325416
2020-04-14,17.5,1.2539502811495051,1.2539502811495051
2020-04-15,7.25,-0.5143419144874415,-0.5143419144874415
2020-04-16,14.5,0.7364013458411305,0.7364013458411305
2020-04-19,5.0,-0.9025036159687224,-0.9025036159687224
2020-04-20,9.75,-0.083051135063796,-0.083051135063796
2020-04-21,11.25,0.1757233325903913,0.1757233325903913
2020-04-22,5.0,-0.9025036159687224,-0.9025036159687224
2020-04-23,5.5,-0.8162454600839933,-0.8162454600839933
2020-04-26,7.5,-0.47121283654507695,-0.47121283654507695
2020-04-27,9.25,-0.1693092909485251,-0.1693092909485251
2020-04-28,7.25,-0.5143419144874415,-0.5143419144874415
2020-05-03,7.0,-0.557470992429806,-0.557470992429806
2020-05-04,5.75,-0.7731163821416288,-0.7731163821416288
2020-05-05,8.75,-0.25556744683325416,-0.25556744683325416
2020-05-06,13.5,0.5638850340716722,0.5638850340716722
2020-05-07,10.0,-0.03992205712143144,-0.03992205712143144
2020-05-10,7.25,-0.5143419144874415,-0.5143419144874415
2020-05-11,8.25,-0.3418256027179833,-0.3418256027179833
2020-05-14,6.5,-0.6437291483145351,-0.6437291483145351
2020-05-17,13.25,0.5207559561293077,0.5207559561293077
2020-05-18,7.5,-0.47121283654507695,-0.47121283654507695
2020-05-19,6.0,-0.7299873041992643,-0.7299873041992643
2020-05-20,3.75,-1.1181490056805452,-1.1181490056805452
2020-05-21,6.0,-0.7299873041992643,-0.7299873041992643
2020-05-25,7.25,-0.5143419144874415,-0.5143419144874415
2020-05-26,10.0,-0.03992205712143144,-0.03992205712143144
2020-05-27,5.25,-0.8593745380263579,-0.8593745380263579
2020-05-31,6.75,-0.6006000703721706,-0.6006000703721706
2020-06-01,4.75,-0.945632693911087,-0.945632693911087
2020-06-02,11.75,0.2619814884751204,0.2619814884751204
2020-06-03,10.25,0.0032070208209331093,0.0032070208209331093
2020-06-04,19.75,1.642111982630786,1.642111982630786
2020-06-07,7.5,-0.47121283654507695,-0.47121283654507695
2020-06-08,7.0,-0.557470992429806,-0.557470992429806
2020-06-09,13.25,0.5207559561293077,0.5207559561293077
2020-06-14,8.5,-0.29869652477561875,-0.29869652477561875
2020-06-15,5.5,-0.8162454600839933,-0.8162454600839933
2020-06-16,3.0,-1.2475362395076388,-1.2475362395076388
2020-06-17,3.0,-1.2475362395076388,-1.2475362395076388
2020-06-18,5.75,-0.7731163821416288,-0.7731163821416288
2020-06-21,5.0,-0.9025036159687224,-0.9025036159687224
2020-06-22,6.25,-0.6868582262568996,-0.6868582262568996
2020-06-23,6.0,-0.7299873041992643,-0.7299873041992643
2020-06-24,4.25,-1.0318908497958161,-1.0318908497958161
2020-06-28,5.5,-0.8162454600839933,-0.8162454600839933
2020-06-29,5.5,-0.8162454600839933,-0.8162454600839933
2020-06-30,6.0,-0.7299873041992643,-0.7299873041992643
2020-07-01,7.25,-0.5143419144874415,-0.5143419144874415
2020-07-05,7.5,-0.47121283654507695,-0.47121283654507695
2020-07-06,6.25,-0.6868582262568996,-0.6868582262568996
2020-07-07,4.25,-1.0318908497958161,-1.0318908497958161
2020-07-08,7.5,-0.47121283654507695,-0.47121283654507695
2020-07-09,9.5,-0.12618021300616053,-0.12618021300616053
2020-07-12,5.75,-0.7731163821416288,-0.7731163821416288
2020-07-13,4.5,-0.9887617718534515,-0.9887617718534515
2020-07-15,4.75,-0.945632693911087,-0.945632693911087
2020-07-16,4.0,-1.0750199277381807,-1.0750199277381807
2020-07-19,3.75,-1.1181490056805452,-1.1181490056805452
2020-07-20,4.25,-1.0318908497958161,-1.0318908497958161
2020-07-21,3.0,-1.2475362395076388,-1.2475362395076388
2020-07-22,3.0,-1.2475362395076388,-1.2475362395076388
2020-07-23,4.0,-1.0750199277381807,-1.0750199277381807
2020-07-26,5.5,-0.8162454600839933,-0.8162454600839933
2020-07-27,7.75,-0.42808375860271236,-0.42808375860271236
2020-07-28,4.75,-0.945632693911087,-0.945632693911087
2020-07-29,5.0,-0.9025036159687224,-0.9025036159687224
2020-08-02,4.75,-0.945632693911087,-0.945632693911087
2020-08-03,7.5,-0.47121283654507695,-0.47121283654507695
2020-08-04,6.5,-0.6437291483145351,-0.6437291483145351
2020-08-05,6.5,-0.6437291483145351,-0.6437291483145351
2020-08-06,6.0,-0.7299873041992643,-0.7299873041992643
2020-08-09,5.0,-0.9025036159687224,-0.9025036159687224
2020-08-10,11.5,0.21885241053275586,0.21885241053275586
2020-08-13,5.0,-0.9025036159687224,-0.9025036159687224
2020-08-16,5.75,-0.7731163821416288,-0.7731163821416288
2020-08-17,4.0,-1.0750199277381807,-1.0750199277381807
2020-08-18,4.75,-0.945632693911087,-0.945632693911087
2020-08-19,5.5,-0.8162454600839933,-0.8162454600839933
2020-08-20,5.0,-0.9025036159687224,-0.9025036159687224
2020-08-23,4.5,-0.9887617718534515,-0.9887617718534515
2020-08-24,7.5,-0.47121283654507695,-0.47121283654507695
2020-08-25,5.25,-0.8593745380263579,-0.8593745380263579
2020-08-26,11.75,0.2619814884751204,0.2619814884751204
2020-08-30,5.75,-0.7731163821416288,-0.7731163821416288
2020-08-31,6.25,-0.6868582262568996,-0.6868582262568996
2020-09-01,5.0,-0.9025036159687224,-0.9025036159687224
2020-09-02,7.0,-0.557470992429806,-0.557470992429806
2020-09-03,10.75,0.0894651767056622,0.0894651767056622
2020-09-07,6.25,-0.6868582262568996,-0.6868582262568996
2020-09-08,4.75,-0.945632693911087,-0.945632693911087
2020-09-09,4.5,-0.9887617718534515,-0.9887617718534515
2020-09-13,2.75,-1.2906653174500033,-1.2906653174500033
2020-09-14,1.75,-1.4631816292194615,-1.4631816292194615
2020-09-15,6.5,-0.6437291483145351,-0.6437291483145351
2020-09-16,5.5,-0.8162454600839933,-0.8162454600839933
2020-09-17,2.25,-1.3769234733347324,-1.3769234733347324
2020-09-20,4.25,-1.0318908497958161,-1.0318908497958161
2020-09-21,2.25,-1.3769234733347324,-1.3769234733347324
2020-09-22,4.5,-0.9887617718534515,-0.9887617718534515
2020-09-23,2.25,-1.3769234733347324,-1.3769234733347324
2020-09-24,4.0,-1.0750199277381807,-1.0750199277381807
2020-09-27,2.75,-1.2906653174500033,-1.2906653174500033
2020-09-28,3.0,-1.2475362395076388,-1.2475362395076388
2020-09-29,7.25,-0.5143419144874415,-0.5143419144874415
2020-10-04,11.25,0.1757233325903913,0.1757233325903913
2020-10-05,7.5,-0.47121283654507695,-0.47121283654507695
2020-10-06,8.0,-0.3849546806603478,-0.3849546806603478
2020-10-07,3.75,-1.1181490056805452,-1.1181490056805452
2020-10-08,5.0,-0.9025036159687224,-0.9025036159687224
2020-10-11,2.25,-1.3769234733347324,-1.3769234733347324
2020-10-12,5.75,-0.7731163821416288,-0.7731163821416288
2020-10-15,4.25,-1.0318908497958161,-1.0318908497958161
2020-10-18,4.75,-0.945632693911087,-0.945632693911087
2020-10-19,3.75,-1.1181490056805452,-1.1181490056805452
2020-10-20,5.75,-0.7731163821416288,-0.7731163821416288
2020-10-21,7.5,-0.47121283654507695,-0.47121283654507695
2020-10-22,4.75,-0.945632693911087,-0.945632693911087
2020-10-25,6.0,-0.7299873041992643,-0.7299873041992643
2020-10-26,5.25,-0.8593745380263579,-0.8593745380263579
2020-10-27,5.25,-0.8593745380263579,-0.8593745380263579
2020-10-28,8.5,-0.29869652477561875,-0.29869652477561875
2020-11-01,5.5,-0.8162454600839933,-0.8162454600839933
2020-11-02,6.25,-0.6868582262568996,-0.6868582262568996
2020-11-03,22.25,2.0734027620544313,2.0734027620544313
2020-11-04,8.0,-0.3849546806603478,-0.3849546806603478
2020-11-05,10.25,0.0032070208209331093,0.0032070208209331093
2020-11-08,21.75,1.9871446061697025,1.9871446061697025
2020-11-09,8.0,-0.3849546806603478,-0.3849546806603478
2020-11-10,6.75,-0.6006000703721706,-0.6006000703721706
2020-11-11,10.0,-0.03992205712143144,-0.03992205712143144
2020-11-15,6.5,-0.6437291483145351,-0.6437291483145351
2020-11-16,6.5,-0.6437291483145351,-0.6437291483145351
2020-11-17,7.0,-0.557470992429806,-0.557470992429806
2020-11-19,4.0,-1.0750199277381807,-1.0750199277381807
2020-11-22,4.5,-0.9887617718534515,-0.9887617718534515
2020-11-23,3.25,-1.2044071615652743,-1.2044071615652743
2020-11-24,5.5,-0.8162454600839933,-0.8162454600839933
2020-11-26,5.0,-0.9025036159687224,-0.9025036159687224
2020-11-29,3.25,-1.2044071615652743,-1.2044071615652743
2020-11-30,12.25,0.3482396443598495,0.3482396443598495
2020-12-01,5.5,-0.8162454600839933,-0.8162454600839933
2020-12-02,5.5,-0.8162454600839933,-0.8162454600839933
2020-12-03,8.25,-0.3418256027179833,-0.3418256027179833
2020-12-06,6.0,-0.7299873041992643,-0.7299873041992643
2020-12-07,5.0,-0.9025036159687224,-0.9025036159687224
2020-12-08,3.25,-1.2044071615652743,-1.2044071615652743
2020-12-09,3.5,-1.1612780836229097,-1.1612780836229097
2020-12-13,5.5,-0.8162454600839933,-0.8162454600839933
2020-12-14,5.0,-0.9025036159687224,-0.9025036159687224
2020-12-15,5.0,-0.9025036159687224,-0.9025036159687224
2020-12-16,5.25,-0.8593745380263579,-0.8593745380263579
2020-12-17,3.25,-1.2044071615652743,-1.2044071615652743
2020-12-20,6.0,-0.7299873041992643,-0.7299873041992643
2020-12-21,3.75,-1.1181490056805452,-1.1181490056805452
2020-12-27,5.0,-0.9025036159687224,-0.9025036159687224
2020-12-28,2.75,-1.2906653174500033,-1.2906653174500033
2020-12-29,3.75,-1.1181490056805452,-1.1181490056805452
2020-12-30,3.5,-1.1612780836229097,-1.1612780836229097
2021-01-03,5.75,-0.7731163821416288,-0.7731163821416288
2021-01-04,6.0,-0.7299873041992643,-0.7299873041992643
2021-01-05,13.25,0.5207559561293077,0.5207559561293077
2021-01-06,7.25,-0.5143419144874415,-0.5143419144874415
2021-01-07,6.5,-0.6437291483145351,-0.6437291483145351
2021-01-10,7.25,-0.5143419144874415,-0.5143419144874415
2021-01-11,6.75,-0.6006000703721706,-0.6006000703721706
2021-01-12,7.75,-0.42808375860271236,-0.42808375860271236
2021-01-14,7.0,-0.557470992429806,-0.557470992429806
2021-01-18,5.25,-0.8593745380263579,-0.8593745380263579
2021-01-19,4.25,-1.0318908497958161,-1.0318908497958161
2021-01-20,5.25,-0.8593745380263579,-0.8593745380263579
2021-01-21,4.25,-1.0318908497958161,-1.0318908497958161
2021-01-24,8.25,-0.3418256027179833,-0.3418256027179833
2021-01-25,3.0,-1.2475362395076388,-1.2475362395076388
2021-01-26,5.75,-0.7731163821416288,-0.7731163821416288
2021-01-27,7.5,-0.47121283654507695,-0.47121283654507695
2021-01-31,3.75,-1.1181490056805452,-1.1181490056805452
2021-02-01,5.5,-0.8162454600839933,-0.8162454600839933
2021-02-02,4.75,-0.945632693911087,-0.945632693911087
2021-02-03,4.0,-1.0750199277381807,-1.0750199277381807
2021-02-04,6.75,-0.6006000703721706,-0.6006000703721706
2021-02-07,5.25,-0.8593745380263579,-0.8593745380263579
2021-02-08,3.25,-1.2044071615652743,-1.2044071615652743
2021-02-09,6.5,-0.6437291483145351,-0.6437291483145351
2021-02-11,7.5,-0.47121283654507695,-0.47121283654507695
2021-02-15,13.25,0.5207559561293077,0.5207559561293077
2021-02-16,7.75,-0.42808375860271236,-0.42808375860271236
2021-02-18,9.0,-0.21243836889088963,-0.21243836889088963
2021-02-21,9.0,-0.21243836889088963,-0.21243836889088963
2021-02-22,5.75,-0.7731163821416288,-0.7731163821416288
2021-02-23,13.75,0.6070141120140368,0.6070141120140368
2021-02-24,35.25,4.3161148150573885,4.3161148150573885
2021-02-28,7.75,-0.42808375860271236,-0.42808375860271236
2021-03-01,9.25,-0.1693092909485251,-0.1693092909485251
2021-03-02,12.5,0.39136872230221403,0.39136872230221403
2021-03-03,12.75,0.4344978002445786,0.4344978002445786
2021-03-04,12.0,0.30511056641748496,0.30511056641748496
2021-03-07,4.5,-0.9887617718534515,-0.9887617718534515
2021-03-08,8.25,-0.3418256027179833,-0.3418256027179833
2021-03-09,6.75,-0.6006000703721706,-0.6006000703721706
2021-03-11,11.5,0.21885241053275586,0.21885241053275586
2021-03-14,4.25,-1.0318908497958161,-1.0318908497958161
2021-03-15,4.5,-0.9887617718534515,-0.9887617718534515
2021-03-16,9.25,-0.1693092909485251,-0.1693092909485251
2021-03-17,14.5,0.7364013458411305,0.7364013458411305
2021-03-18,7.75,-0.42808375860271236,-0.42808375860271236
2021-03-21,2.5,-1.3337943953923679,-1.3337943953923679
2021-03-22,10.5,0.04633609876329766,0.04633609876329766
2021-03-23,7.5,-0.47121283654507695,-0.47121283654507695
2021-03-24,6.5,-0.6437291483145351,-0.6437291483145351
2021-03-28,11.0,0.13259425464802677,0.13259425464802677
2021-03-29,9.75,-0.083051135063796,-0.083051135063796
2021-03-30,6.25,-0.6868582262568996,-0.6868582262568996
2021-03-31,10.25,0.0032070208209331093,0.0032070208209331093
2021-04-04,7.5,-0.47121283654507695,-0.47121283654507695
2021-04-05,10.0,-0.03992205712143144,-0.03992205712143144
2021-04-06,6.0,-0.7299873041992643,-0.7299873041992643
2021-04-07,7.0,-0.557470992429806,-0.557470992429806
2021-04-08,9.75,-0.083051135063796,-0.083051135063796
2021-04-11,5.75,-0.7731163821416288,-0.7731163821416288
2021-04-12,12.0,0.30511056641748496,0.30511056641748496
2021-04-14,13.75,0.6070141120140368,0.6070141120140368
2021-04-15,5.75,-0.7731163821416288,-0.7731163821416288
2021-04-18,8.25,-0.3418256027179833,-0.3418256027179833
2021-04-19,10.0,-0.03992205712143144,-0.03992205712143144
2021-04-20,4.5,-0.9887617718534515,-0.9887617718534515
2021-04-21,7.75,-0.42808375860271236,-0.42808375860271236
2021-04-22,6.75,-0.6006000703721706,-0.6006000703721706
2021-04-25,5.5,-0.8162454600839933,-0.8162454600839933
2021-04-26,7.0,-0.557470992429806,-0.557470992429806
2021-04-27,7.75,-0.42808375860271236,-0.42808375860271236
2021-04-28,9.5,-0.12618021300616053,-0.12618021300616053
2021-05-02,10.75,0.0894651767056622,0.0894651767056622
2021-05-03,9.25,-0.1693092909485251,-0.1693092909485251
2021-05-04,8.0,-0.3849546806603478,-0.3849546806603478
2021-05-05,3.75,-1.1181490056805452,-1.1181490056805452
2021-05-06,15.5,0.9089176576105886,0.9089176576105886
2021-05-09,6.25,-0.6868582262568996,-0.6868582262568996
2021-05-10,5.5,-0.8162454600839933,-0.8162454600839933
2021-05-11,11.0,0.13259425464802677,0.13259425464802677
2021-05-16,6.75,-0.6006000703721706,-0.6006000703721706
2021-05-17,3.5,-1.1612780836229097,-1.1612780836229097
2021-05-18,10.25,0.0032070208209331093,0.0032070208209331093
2021-05-19,8.0,-0.3849546806603478,-0.3849546806603478
2021-05-20,4.0,-1.0750199277381807,-1.0750199277381807
2021-05-23,3.5,-1.1612780836229097,-1.1612780836229097
2021-05-24,7.25,-0.5143419144874415,-0.5143419144874415
2021-05-25,3.75,-1.1181490056805452,-1.1181490056805452
2021-05-26,6.0,-0.7299873041992643,-0.7299873041992643
2021-05-31,4.0,-1.0750199277381807,-1.0750199277381807
2021-06-01,4.0,-1.0750199277381807,-1.0750199277381807
2021-06-02,6.0,-0.7299873041992643,-0.7299873041992643
2021-06-03,10.25,0.0032070208209331093,0.0032070208209331093
2021-06-06,2.25,-1.3769234733347324,-1.3769234733347324
2021-06-07,6.25,-0.6868582262568996,-0.6868582262568996
2021-06-08,7.75,-0.42808375860271236,-0.42808375860271236
2021-06-09,11.75,0.2619814884751204,0.2619814884751204
2021-06-13,6.75,-0.6006000703721706,-0.6006000703721706
2021-06-14,3.5,-1.1612780836229097,-1.1612780836229097
2021-06-16,9.0,-0.21243836889088963,-0.21243836889088963
2021-06-17,9.0,-0.21243836889088963,-0.21243836889088963
2021-06-20,15.0,0.8226595017258596,0.8226595017258596
2021-06-21,6.75,-0.6006000703721706,-0.6006000703721706
2021-06-22,5.75,-0.7731163821416288,-0.7731163821416288
2021-06-23,4.0,-1.0750199277381807,-1.0750199277381807
2021-06-27,7.0,-0.557470992429806,-0.557470992429806
2021-06-28,4.5,-0.9887617718534515,-0.9887617718534515
2021-06-29,6.0,-0.7299873041992643,-0.7299873041992643
2021-06-30,4.5,-0.9887617718534515,-0.9887617718534515
2021-07-01,9.0,-0.21243836889088963,-0.21243836889088963
2021-07-05,13.0,0.47762687818694316,0.47762687818694316
2021-07-06,8.0,-0.3849546806603478,-0.3849546806603478
2021-07-07,9.25,-0.1693092909485251,-0.1693092909485251
2021-07-08,7.0,-0.557470992429806,-0.557470992429806
2021-07-11,6.0,-0.7299873041992643,-0.7299873041992643
2021-07-12,9.5,-0.12618021300616053,-0.12618021300616053
2021-07-15,6.25,-0.6868582262568996,-0.6868582262568996
2021-07-18,15.75,0.9520467355529532,0.9520467355529532
2021-07-19,12.5,0.39136872230221403,0.39136872230221403
2021-07-20,13.5,0.5638850340716722,0.5638850340716722
2021-07-21,9.75,-0.083051135063796,-0.083051135063796
2021-07-22,4.5,-0.9887617718534515,-0.9887617718534515
2021-07-25,8.5,-0.29869652477561875,-0.29869652477561875
2021-07-26,7.5,-0.47121283654507695,-0.47121283654507695
2021-07-27,7.75,-0.42808375860271236,-0.42808375860271236
2021-07-28,6.5,-0.6437291483145351,-0.6437291483145351
2021-08-01,11.25,0.1757233325903913,0.1757233325903913
2021-08-02,6.5,-0.6437291483145351,-0.6437291483145351
2021-08-03,13.0,0.47762687818694316,0.47762687818694316
2021-08-04,8.25,-0.3418256027179833,-0.3418256027179833
2021-08-05,9.25,-0.1693092909485251,-0.1693092909485251
2021-08-08,8.75,-0.25556744683325416,-0.25556744683325416
2021-08-09,6.25,-0.6868582262568996,-0.6868582262568996
2021-08-10,9.75,-0.083051135063796,-0.083051135063796
2021-08-15,8.0,-0.3849546806603478,-0.3849546806603478
2021-08-16,7.25,-0.5143419144874415,-0.5143419144874415
2021-08-17,6.5,-0.6437291483145351,-0.6437291483145351
2021-08-18,5.75,-0.7731163821416288,-0.7731163821416288
2021-08-19,6.0,-0.7299873041992643,-0.7299873041992643
2021-08-22,5.25,-0.8593745380263579,-0.8593745380263579
2021-08-23,5.0,-0.9025036159687224,-0.9025036159687224
2021-08-24,8.0,-0.3849546806603478,-0.3849546806603478
2021-08-25,5.0,-0.9025036159687224,-0.9025036159687224
2021-08-29,5.25,-0.8593745380263579,-0.8593745380263579
2021-08-30,5.0,-0.9025036159687224,-0.9025036159687224
2021-08-31,6.25,-0.6868582262568996,-0.6868582262568996
2021-09-01,2.5,-1.3337943953923679,-1.3337943953923679
2021-09-02,9.75,-0.083051135063796,-0.083051135063796
2021-09-06,7.0,-0.557470992429806,-0.557470992429806
2021-09-07,4.75,-0.945632693911087,-0.945632693911087
2021-09-08,6.75,-0.6006000703721706,-0.6006000703721706
2021-09-09,6.25,-0.6868582262568996,-0.6868582262568996
2021-09-12,4.25,-1.0318908497958161,-1.0318908497958161
2021-09-13,9.25,-0.1693092909485251,-0.1693092909485251
2021-09-15,7.75,-0.42808375860271236,-0.42808375860271236
2021-09-16,7.0,-0.557470992429806,-0.557470992429806
2021-09-19,8.5,-0.29869652477561875,-0.29869652477561875
2021-09-20,5.25,-0.8593745380263579,-0.8593745380263579
2021-09-21,7.5,-0.47121283654507695,-0.47121283654507695
2021-09-22,16.5,1.0814339693800468,1.0814339693800468
2021-09-23,7.75,-0.42808375860271236,-0.42808375860271236
2021-09-26,9.0,-0.21243836889088963,-0.21243836889088963
2021-09-27,10.0,-0.03992205712143144,-0.03992205712143144
2021-09-28,7.75,-0.42808375860271236,-0.42808375860271236
2021-09-29,9.75,-0.083051135063796,-0.083051135063796
2021-10-03,6.5,-0.6437291483145351,-0.6437291483145351
2021-10-04,7.5,-0.47121283654507695,-0.47121283654507695
2021-10-05,7.0,-0.557470992429806,-0.557470992429806
2021-10-06,7.5,-0.47121283654507695,-0.47121283654507695
2021-10-07,8.75,-0.25556744683325416,-0.25556744683325416
2021-10-10,4.0,-1.0750199277381807,-1.0750199277381807
2021-10-11,7.0,-0.557470992429806,-0.557470992429806
2021-10-12,11.0,0.13259425464802677,0.13259425464802677
2021-10-17,8.0,-0.3849546806603478,-0.3849546806603478
2021-10-18,8.25,-0.3418256027179833,-0.3418256027179833
2021-10-19,8.0,-0.3849546806603478,-0.3849546806603478
2021-10-20,9.75,-0.083051135063796,-0.083051135063796
2021-10-21,8.25,-0.3418256027179833,-0.3418256027179833
2021-10-24,7.0,-0.557470992429806,-0.557470992429806
2021-10-25,5.5,-0.8162454600839933,-0.8162454600839933
2021-10-26,12.5,0.39136872230221403,0.39136872230221403
2021-10-27,7.5,-0.47121283654507695,-0.47121283654507695
2021-10-31,6.5,-0.6437291483145351,-0.6437291483145351
2021-11-01,8.0,-0.3849546806603478,-0.3849546806603478
2021-11-02,11.0,0.13259425464802677,0.13259425464802677
2021-11-03,14.0,0.6501431899564013,0.6501431899564013
2021-11-04,14.5,0.7364013458411305,0.7364013458411305
2021-11-07,8.75,-0.25556744683325416,-0.25556744683325416
2021-11-08,9.5,-0.12618021300616053,-0.12618021300616053
2021-11-11,8.0,-0.3849546806603478,-0.3849546806603478
2021-11-14,10.0,-0.03992205712143144,-0.03992205712143144
2021-11-15,7.0,-0.557470992429806,-0.557470992429806
2021-11-16,8.75,-0.25556744683325416,-0.25556744683325416
2021-11-17,5.0,-0.9025036159687224,-0.9025036159687224
2021-11-18,13.25,0.5207559561293077,0.5207559561293077
2021-11-21,13.5,0.5638850340716722,0.5638850340716722
2021-11-22,7.5,-0.47121283654507695,-0.47121283654507695
2021-11-23,9.75,-0.083051135063796,-0.083051135063796
2021-11-25,25.25,2.590951697362806,2.590951697362806
2021-11-28,11.0,0.13259425464802677,0.13259425464802677
2021-11-29,16.25,1.0383048914376822,1.0383048914376822
2021-11-30,14.25,0.693272267898766,0.693272267898766
2021-12-01,9.5,-0.12618021300616053,-0.12618021300616053
2021-12-02,18.0,1.3402084370342342,1.3402084370342342
2021-12-05,9.75,-0.083051135063796,-0.083051135063796
2021-12-06,7.25,-0.5143419144874415,-0.5143419144874415
2021-12-07,12.0,0.30511056641748496,0.30511056641748496
2021-12-08,8.5,-0.29869652477561875,-0.29869652477561875
2021-12-09,9.5,-0.12618021300616053,-0.12618021300616053
2021-12-12,10.0,-0.03992205712143144,-0.03992205712143144
2021-12-13,6.0,-0.7299873041992643,-0.7299873041992643
2021-12-15,10.0,-0.03992205712143144,-0.03992205712143144
2021-12-16,5.5,-0.8162454600839933,-0.8162454600839933
2021-12-19,6.75,-0.6006000703721706,-0.6006000703721706
2021-12-20,11.75,0.2619814884751204,0.2619814884751204
2021-12-21,5.75,-0.7731163821416288,-0.7731163821416288
2021-12-26,4.25,-1.0318908497958161,-1.0318908497958161
2021-12-27,4.0,-1.0750199277381807,-1.0750199277381807
2021-12-28,10.25,0.0032070208209331093,0.0032070208209331093
2021-12-29,5.25,-0.8593745380263579,-0.8593745380263579
2021-12-30,4.25,-1.0318908497958161,-1.0318908497958161
2022-01-02,15.25,0.8657885796682241,0.8657885796682241
2022-01-03,7.5,-0.47121283654507695,-0.47121283654507695
2022-01-04,10.25,0.0032070208209331093,0.0032070208209331093
2022-01-05,9.0,-0.21243836889088963,-0.21243836889088963
2022-01-06,11.5,0.21885241053275586,0.21885241053275586
2022-01-09,7.0,-0.557470992429806,-0.557470992429806
2022-01-10,7.0,-0.557470992429806,-0.557470992429806
2022-01-11,6.0,-0.7299873041992643,-0.7299873041992643
2022-01-17,12.75,0.4344978002445786,0.4344978002445786
2022-01-18,10.75,0.0894651767056622,0.0894651767056622
2022-01-19,11.25,0.1757233325903913,0.1757233325903913
2022-01-20,10.0,-0.03992205712143144,-0.03992205712143144
2022-01-23,11.5,0.21885241053275586,0.21885241053275586
2022-01-24,8.0,-0.3849546806603478,-0.3849546806603478
2022-01-25,17.0,1.1676921252647758,1.1676921252647758
2022-01-26,9.5,-0.12618021300616053,-0.12618021300616053
2022-01-30,6.0,-0.7299873041992643,-0.7299873041992643
2022-01-31,10.75,0.0894651767056622,0.0894651767056622
2022-02-01,8.5,-0.29869652477561875,-0.29869652477561875
2022-02-02,11.75,0.2619814884751204,0.2619814884751204
2022-02-03,16.25,1.0383048914376822,1.0383048914376822
2022-02-06,5.25,-0.8593745380263579,-0.8593745380263579
2022-02-07,7.25,-0.5143419144874415,-0.5143419144874415
2022-02-08,8.0,-0.3849546806603478,-0.3849546806603478
2022-02-09,20.25,1.728370138515515,1.728370138515515
2022-02-13,16.25,1.0383048914376822,1.0383048914376822
2022-02-14,10.0,-0.03992205712143144,-0.03992205712143144
2022-02-16,11.25,0.1757233325903913,0.1757233325903913
2022-02-17,9.25,-0.1693092909485251,-0.1693092909485251
2022-02-21,14.5,0.7364013458411305,0.7364013458411305
2022-02-22,8.25,-0.3418256027179833,-0.3418256027179833
2022-02-23,19.25,1.5558538267460569,1.5558538267460569
2022-02-27,12.5,0.39136872230221403,0.39136872230221403
2022-02-28,27.5,2.9791133988440874,2.9791133988440874
2022-03-01,28.5,3.1516297106135456,3.1516297106135456
2022-03-02,8.75,-0.25556744683325416,-0.25556744683325416
2022-03-03,20.5,1.7714992164578796,1.7714992164578796
2022-03-06,19.75,1.642111982630786,1.642111982630786
2022-03-07,14.5,0.7364013458411305,0.7364013458411305
2022-03-08,14.25,0.693272267898766,0.693272267898766
2022-03-09,12.5,0.39136872230221403,0.39136872230221403
2022-03-13,21.0,1.8577573723426086,1.8577573723426086
2022-03-14,10.75,0.0894651767056622,0.0894651767056622
2022-03-16,9.25,-0.1693092909485251,-0.1693092909485251
2022-03-17,6.0,-0.7299873041992643,-0.7299873041992643
2022-03-20,23.25,2.2459190738238894,2.2459190738238894
2022-03-21,13.25,0.5207559561293077,0.5207559561293077
2022-03-22,16.0,0.9951758134953177,0.9951758134953177
2022-03-23,12.75,0.4344978002445786,0.4344978002445786
2022-03-24,23.0,2.202789995881525,2.202789995881525
2022-03-27,19.75,1.642111982630786,1.642111982630786
2022-03-28,21.5,1.944015528227338,1.944015528227338
2022-03-29,13.0,0.47762687818694316,0.47762687818694316
2022-04-03,8.75,-0.25556744683325416,-0.25556744683325416
2022-04-04,24.25,2.418435385593348,2.418435385593348
2022-04-05,14.0,0.6501431899564013,0.6501431899564013
2022-04-06,13.0,0.47762687818694316,0.47762687818694316
2022-04-07,13.0,0.47762687818694316,0.47762687818694316
2022-04-10,9.0,-0.21243836889088963,-0.21243836889088963
2022-04-11,23.75,2.332177229708619,2.332177229708619
2022-04-17,10.5,0.04633609876329766,0.04633609876329766
2022-04-18,15.75,0.9520467355529532,0.9520467355529532
2022-04-19,16.5,1.0814339693800468,1.0814339693800468
2022-04-20,18.0,1.3402084370342342,1.3402084370342342
2022-04-21,14.25,0.693272267898766,0.693272267898766
2022-04-24,21.75,1.9871446061697025,1.9871446061697025
2022-04-25,20.25,1.728370138515515,1.728370138515515
2022-04-26,15.75,0.9520467355529532,0.9520467355529532
2022-04-27,13.25,0.5207559561293077,0.5207559561293077
2022-05-01,13.5,0.5638850340716722,0.5638850340716722
2022-05-02,12.75,0.4344978002445786,0.4344978002445786
2022-05-03,17.0,1.1676921252647758,1.1676921252647758
2022-05-04,23.75,2.332177229708619,2.332177229708619
2022-05-05,11.5,0.21885241053275586,0.21885241053275586
2022-05-08,21.5,1.944015528227338,1.944015528227338
2022-05-09,15.0,0.8226595017258596,0.8226595017258596
2022-05-10,20.75,1.814628294400244,1.814628294400244
2022-05-15,13.0,0.47762687818694316,0.47762687818694316
2022-05-16,17.5,1.2539502811495051,1.2539502811495051
2022-05-17,16.5,1.0814339693800468,1.0814339693800468
2022-05-18,18.0,1.3402084370342342,1.3402084370342342
2022-05-19,12.25,0.3482396443598495,0.3482396443598495
2022-05-22,10.0,-0.03992205712143144,-0.03992205712143144
2022-05-23,18.0,1.3402084370342342,1.3402084370342342
2022-05-24,8.25,-0.3418256027179833,-0.3418256027179833
2022-05-25,10.5,0.04633609876329766,0.04633609876329766
2022-05-30,16.0,0.9951758134953177,0.9951758134953177
2022-05-31,15.25,0.8657885796682241,0.8657885796682241
2022-06-01,5.75,-0.7731163821416288,-0.7731163821416288
2022-06-02,8.25,-0.3418256027179833,-0.3418256027179833
2022-06-05,13.0,0.47762687818694316,0.47762687818694316
2022-06-06,13.0,0.47762687818694316,0.47762687818694316
2022-06-07,6.25,-0.6868582262568996,-0.6868582262568996
2022-06-08,7.75,-0.42808375860271236,-0.42808375860271236
2022-06-09,22.0,2.0302736841120668,2.0302736841120668
2022-06-12,29.5,3.3241460223830037,3.3241460223830037
2022-06-13,26.75,2.849726165016994,2.849726165016994
2022-06-15,19.0,1.5127247488036923,1.5127247488036923
2022-06-16,12.75,0.4344978002445786,0.4344978002445786
2022-06-20,16.5,1.0814339693800468,1.0814339693800468
2022-06-21,20.75,1.814628294400244,1.814628294400244
2022-06-22,23.25,2.2459190738238894,2.2459190738238894
2022-06-23,12.5,0.39136872230221403,0.39136872230221403
2022-06-26,13.25,0.5207559561293077,0.5207559561293077
2022-06-27,11.0,0.13259425464802677,0.13259425464802677
2022-06-28,12.25,0.3482396443598495,0.3482396443598495
2022-07-04,24.0,2.3753063076509835,2.3753063076509835
2022-07-05,26.75,2.849726165016994,2.849726165016994
2022-07-06,15.5,0.9089176576105886,0.9089176576105886
2022-07-07,17.0,1.1676921252647758,1.1676921252647758
2022-07-10,16.25,1.0383048914376822,1.0383048914376822
2022-07-11,12.75,0.4344978002445786,0.4344978002445786
2022-07-12,23.0,2.202789995881525,2.202789995881525
2022-07-17,14.75,0.779530423783495,0.779530423783495
2022-07-18,10.0,-0.03992205712143144,-0.03992205712143144
2022-07-19,13.0,0.47762687818694316,0.47762687818694316
2022-07-20,28.0,3.0653715547288165,3.0653715547288165
2022-07-21,22.5,2.116531839996796,2.116531839996796
2022-07-24,9.5,-0.12618021300616053,-0.12618021300616053
2022-07-25,13.0,0.47762687818694316,0.47762687818694316
2022-07-26,14.0,0.6501431899564013,0.6501431899564013
2022-07-27,24.5,2.4615644635357126,2.4615644635357126
2022-07-31,12.5,0.39136872230221403,0.39136872230221403
2022-08-01,33.25,3.9710821915184717,3.9710821915184717
2022-08-02,18.75,1.4695956708613278,1.4695956708613278
2022-08-03,13.0,0.47762687818694316,0.47762687818694316
2022-08-04,24.5,2.4615644635357126,2.4615644635357126
2022-08-07,12.0,0.30511056641748496,0.30511056641748496
2022-08-08,9.25,-0.1693092909485251,-0.1693092909485251
2022-08-09,21.5,1.944015528227338,1.944015528227338
2022-08-14,13.25,0.5207559561293077,0.5207559561293077
2022-08-15,12.25,0.3482396443598495,0.3482396443598495
2022-08-16,14.5,0.7364013458411305,0.7364013458411305
2022-08-17,10.75,0.0894651767056622,0.0894651767056622
2022-08-18,14.25,0.693272267898766,0.693272267898766
2022-08-21,12.25,0.3482396443598495,0.3482396443598495
2022-08-22,12.25,0.3482396443598495,0.3482396443598495
2022-08-23,12.75,0.4344978002445786,0.4344978002445786
2022-08-24,11.25,0.1757233325903913,0.1757233325903913
2022-08-28,10.0,-0.03992205712143144,-0.03992205712143144
2022-08-29,12.0,0.30511056641748496,0.30511056641748496
2022-08-30,12.75,0.4344978002445786,0.4344978002445786
2022-08-31,13.0,0.47762687818694316,0.47762687818694316
2022-09-01,14.75,0.779530423783495,0.779530423783495
2022-09-05,21.5,1.944015528227338,1.944015528227338
2022-09-06,12.5,0.39136872230221403,0.39136872230221403
2022-09-07,15.5,0.9089176576105886,0.9089176576105886
2022-09-08,10.5,0.04633609876329766,0.04633609876329766
2022-09-11,10.0,-0.03992205712143144,-0.03992205712143144
2022-09-12,22.0,2.0302736841120668,2.0302736841120668
2022-09-15,9.25,-0.1693092909485251,-0.1693092909485251
2022-09-18,6.75,-0.6006000703721706,-0.6006000703721706
2022-09-19,12.0,0.30511056641748496,0.30511056641748496
2022-09-20,7.25,-0.5143419144874415,-0.5143419144874415
2022-09-21,21.25,1.9008864502849732,1.9008864502849732
2022-09-22,18.75,1.4695956708613278,1.4695956708613278
2022-09-25,27.0,2.8928552429593584,2.8928552429593584
2022-09-26,21.75,1.9871446061697025,1.9871446061697025
2022-09-27,37.5,4.704276516538669,4.704276516538669
2022-09-28,16.25,1.0383048914376822,1.0383048914376822
2022-10-02,33.0,3.927953113576107,3.927953113576107
2022-10-03,12.25,0.3482396443598495,0.3482396443598495
2022-10-04,20.25,1.728370138515515,1.728370138515515
2022-10-05,13.75,0.6070141120140368,0.6070141120140368
2022-10-06,12.5,0.39136872230221403,0.39136872230221403
2022-10-09,15.5,0.9089176576105886,0.9089176576105886
2022-10-10,16.25,1.0383048914376822,1.0383048914376822
2022-10-11,11.25,0.1757233325903913,0.1757233325903913
2022-10-16,13.5,0.5638850340716722,0.5638850340716722
2022-10-17,11.0,0.13259425464802677,0.13259425464802677
2022-10-18,16.25,1.0383048914376822,1.0383048914376822
2022-10-19,15.25,0.8657885796682241,0.8657885796682241
2022-10-20,18.25,1.3833375149765987,1.3833375149765987
2022-10-23,17.0,1.1676921252647758,1.1676921252647758
2022-10-24,21.75,1.9871446061697025,1.9871446061697025
2022-10-25,12.25,0.3482396443598495,0.3482396443598495
2022-10-26,22.5,2.116531839996796,2.116531839996796
2022-10-30,9.25,-0.1693092909485251,-0.1693092909485251
2022-10-31,18.5,1.4264665929189633,1.4264665929189633
2022-11-01,18.0,1.3402084370342342,1.3402084370342342
2022-11-02,14.75,0.779530423783495,0.779530423783495
2022-11-03,16.75,1.1245630473224113,1.1245630473224113
2022-11-06,9.75,-0.083051135063796,-0.083051135063796
2022-11-07,14.25,0.693272267898766,0.693272267898766
2022-11-08,12.25,0.3482396443598495,0.3482396443598495
2022-11-09,35.25,4.3161148150573885,4.3161148150573885
2022-11-13,5.75,-0.7731163821416288,-0.7731163821416288
2022-11-14,15.5,0.9089176576105886,0.9089176576105886
2022-11-16,14.25,0.693272267898766,0.693272267898766
2022-11-17,9.5,-0.12618021300616053,-0.12618021300616053
2022-11-20,9.5,-0.12618021300616053,-0.12618021300616053
2022-11-21,8.0,-0.3849546806603478,-0.3849546806603478
2022-11-22,13.75,0.6070141120140368,0.6070141120140368
2022-11-24,13.75,0.6070141120140368,0.6070141120140368
2022-11-27,10.5,0.04633609876329766,0.04633609876329766
2022-11-28,12.0,0.30511056641748496,0.30511056641748496
2022-11-29,24.25,2.418435385593348,2.418435385593348
2022-12-04,12.75,0.4344978002445786,0.4344978002445786
2022-12-05,8.5,-0.29869652477561875,-0.29869652477561875
2022-12-06,17.0,1.1676921252647758,1.1676921252647758
2022-12-07,8.5,-0.29869652477561875,-0.29869652477561875
2022-12-08,10.0,-0.03992205712143144,-0.03992205712143144
2022-12-11,9.25,-0.1693092909485251,-0.1693092909485251
2022-12-12,23.25,2.2459190738238894,2.2459190738238894
2022-12-14,4.5,-0.9887617718534515,-0.9887617718534515
2022-12-15,10.5,0.04633609876329766,0.04633609876329766
2022-12-18,17.25,1.2108212032071404,1.2108212032071404
2022-12-19,10.75,0.0894651767056622,0.0894651767056622
2022-12-20,12.0,0.30511056641748496,0.30511056641748496
2022-12-21,7.75,-0.42808375860271236,-0.42808375860271236
2022-12-26,14.25,0.693272267898766,0.693272267898766
2022-12-27,9.0,-0.21243836889088963,-0.21243836889088963
2022-12-28,6.5,-0.6437291483145351,-0.6437291483145351
2022-12-29,10.25,0.0032070208209331093,0.0032070208209331093
2023-01-02,11.5,0.21885241053275586,0.21885241053275586
2023-01-03,10.5,0.04633609876329766,0.04633609876329766
2023-01-04,12.5,0.39136872230221403,0.39136872230221403
2023-01-05,27.5,2.9791133988440874,2.9791133988440874
2023-01-08,11.75,0.2619814884751204,0.2619814884751204
2023-01-09,12.5,0.39136872230221403,0.39136872230221403
2023-01-10,9.75,-0.083051135063796,-0.083051135063796
2023-01-11,22.75,2.1596609179391604,2.1596609179391604
2023-01-16,10.0,-0.03992205712143144,-0.03992205712143144
2023-01-17,23.25,2.2459190738238894,2.2459190738238894
2023-01-22,10.0,-0.03992205712143144,-0.03992205712143144
2023-01-23,11.0,0.13259425464802677,0.13259425464802677
2023-01-24,7.75,-0.42808375860271236,-0.42808375860271236
2023-01-25,9.75,-0.083051135063796,-0.083051135063796
2023-01-29,9.75,-0.083051135063796,-0.083051135063796
2023-01-30,8.25,-0.3418256027179833,-0.3418256027179833
2023-01-31,16.75,1.1245630473224113,1.1245630473224113
2023-02-01,11.0,0.13259425464802677,0.13259425464802677
2023-02-02,23.25,2.2459190738238894,2.2459190738238894
2023-02-05,16.5,1.0814339693800468,1.0814339693800468
2023-02-06,11.25,0.1757233325903913,0.1757233325903913
2023-02-07,7.25,-0.5143419144874415,-0.5143419144874415
2023-02-08,13.0,0.47762687818694316,0.47762687818694316
2023-02-09,9.5,-0.12618021300616053,-0.12618021300616053
2023-02-12,5.75,-0.7731163821416288,-0.7731163821416288
2023-02-13,23.25,2.2459190738238894,2.2459190738238894
2023-02-15,11.5,0.21885241053275586,0.21885241053275586
2023-02-20,16.5,1.0814339693800468,1.0814339693800468
2023-02-21,8.0,-0.3849546806603478,-0.3849546806603478
2023-02-22,11.75,0.2619814884751204,0.2619814884751204
2023-02-26,9.75,-0.083051135063796,-0.083051135063796
2023-02-27,8.0,-0.3849546806603478,-0.3849546806603478
2023-02-28,10.5,0.04633609876329766,0.04633609876329766
2023-03-01,10.25,0.0032070208209331093,0.0032070208209331093
2023-03-02,10.25,0.0032070208209331093,0.0032070208209331093
2023-03-05,8.0,-0.3849546806603478,-0.3849546806603478
2023-03-06,10.0,-0.03992205712143144,-0.03992205712143144
2023-03-07,11.5,0.21885241053275586,0.21885241053275586
2023-03-08,15.25,0.8657885796682241,0.8657885796682241
2023-03-09,23.0,2.202789995881525,2.202789995881525
2023-03-12,38.75,4.919921906250492,4.919921906250492
2023-03-13,23.0,2.202789995881525,2.202789995881525
2023-03-16,20.0,1.6852410605731505,1.6852410605731505
2023-03-19,24.25,2.418435385593348,2.418435385593348
2023-03-20,13.25,0.5207559561293077,0.5207559561293077
2023-03-21,6.0,-0.7299873041992643,-0.7299873041992643
2023-03-22,19.5,1.5989829046884214,1.5989829046884214
2023-03-23,22.0,2.0302736841120668,2.0302736841120668
2023-03-26,21.25,1.9008864502849732,1.9008864502849732
2023-03-27,11.25,0.1757233325903913,0.1757233325903913
2023-03-28,10.5,0.04633609876329766,0.04633609876329766
2023-03-29,8.25,-0.3418256027179833,-0.3418256027179833
2023-04-02,17.75,1.2970793590918697,1.2970793590918697
2023-04-03,19.25,1.5558538267460569,1.5558538267460569
2023-04-04,16.5,1.0814339693800468,1.0814339693800468
2023-04-05,9.5,-0.12618021300616053,-0.12618021300616053
2023-04-09,9.75,-0.083051135063796,-0.083051135063796
2023-04-10,9.25,-0.1693092909485251,-0.1693092909485251
2023-04-11,16.0,0.9951758134953177,0.9951758134953177
2023-04-16,11.5,0.21885241053275586,0.21885241053275586
2023-04-17,6.75,-0.6006000703721706,-0.6006000703721706
2023-04-18,8.0,-0.3849546806603478,-0.3849546806603478
2023-04-19,9.5,-0.12618021300616053,-0.12618021300616053
2023-04-20,9.5,-0.12618021300616053,-0.12618021300616053
2023-04-23,9.75,-0.083051135063796,-0.083051135063796
2023-04-24,14.5,0.7364013458411305,0.7364013458411305
2023-04-25,10.25,0.0032070208209331093,0.0032070208209331093
2023-04-26,14.25,0.693272267898766,0.693272267898766
2023-04-30,17.75,1.2970793590918697,1.2970793590918697
2023-05-01,19.5,1.5989829046884214,1.5989829046884214
2023-05-02,15.0,0.8226595017258596,0.8226595017258596
2023-05-03,16.5,1.0814339693800468,1.0814339693800468
2023-05-04,15.25,0.8657885796682241,0.8657885796682241
2023-05-07,11.25,0.1757233325903913,0.1757233325903913
2023-05-08,7.0,-0.557470992429806,-0.557470992429806
2023-05-09,14.25,0.693272267898766,0.693272267898766
2023-05-14,5.25,-0.8593745380263579,-0.8593745380263579
2023-05-15,13.75,0.6070141120140368,0.6070141120140368
2023-05-16,9.75,-0.083051135063796,-0.083051135063796
2023-05-17,14.25,0.693272267898766,0.693272267898766
2023-05-18,13.0,0.47762687818694316,0.47762687818694316
2023-05-21,9.75,-0.083051135063796,-0.083051135063796
2023-05-22,9.0,-0.21243836889088963,-0.21243836889088963
2023-05-23,9.5,-0.12618021300616053,-0.12618021300616053
2023-05-24,14.0,0.6501431899564013,0.6501431899564013
2023-05-29,19.25,1.5558538267460569,1.5558538267460569
2023-05-30,10.25,0.0032070208209331093,0.0032070208209331093
2023-05-31,19.0,1.5127247488036923,1.5127247488036923
2023-06-01,15.5,0.9089176576105886,0.9089176576105886
2023-06-04,12.25,0.3482396443598495,0.3482396443598495
2023-06-05,8.5,-0.29869652477561875,-0.29869652477561875
2023-06-06,13.25,0.5207559561293077,0.5207559561293077
2023-06-07,12.25,0.3482396443598495,0.3482396443598495
2023-06-08,5.5,-0.8162454600839933,-0.8162454600839933
2023-06-11,12.75,0.4344978002445786,0.4344978002445786
2023-06-12,23.0,2.202789995881525,2.202789995881525
2023-06-15,2.5,-1.3337943953923679,-1.3337943953923679
2023-06-19,8.25,-0.3418256027179833,-0.3418256027179833
2023-06-20,3.5,-1.1612780836229097,-1.1612780836229097
2023-06-21,12.5,0.39136872230221403,0.39136872230221403
2023-06-22,12.75,0.4344978002445786,0.4344978002445786
2023-06-25,6.75,-0.6006000703721706,-0.6006000703721706
2023-06-26,10.25,0.0032070208209331093,0.0032070208209331093
2023-06-27,7.75,-0.42808375860271236,-0.42808375860271236
2023-06-28,19.75,1.642111982630786,1.642111982630786
2023-07-02,11.0,0.13259425464802677,0.13259425464802677
2023-07-04,12.75,0.4344978002445786,0.4344978002445786
2023-07-05,21.0,1.8577573723426086,1.8577573723426086
2023-07-06,11.25,0.1757233325903913,0.1757233325903913
2023-07-09,13.5,0.5638850340716722,0.5638850340716722
2023-07-10,6.25,-0.6868582262568996,-0.6868582262568996
2023-07-11,17.25,1.2108212032071404,1.2108212032071404
2023-07-16,8.25,-0.3418256027179833,-0.3418256027179833
2023-07-17,10.25,0.0032070208209331093,0.0032070208209331093
2023-07-18,8.75,-0.25556744683325416,-0.25556744683325416
2023-07-19,15.5,0.9089176576105886,0.9089176576105886
2023-07-20,5.75,-0.7731163821416288,-0.7731163821416288
2023-07-23,10.75,0.0894651767056622,0.0894651767056622
2023-07-24,8.0,-0.3849546806603478,-0.3849546806603478
2023-07-25,8.25,-0.3418256027179833,-0.3418256027179833
2023-07-26,20.25,1.728370138515515,1.728370138515515
2023-07-30,9.0,-0.21243836889088963,-0.21243836889088963
2023-07-31,10.75,0.0894651767056622,0.0894651767056622
2023-08-01,12.25,0.3482396443598495,0.3482396443598495
2023-08-02,10.75,0.0894651767056622,0.0894651767056622
2023-08-03,25.25,2.590951697362806,2.590951697362806
2023-08-06,8.75,-0.25556744683325416,-0.25556744683325416
2023-08-07,11.5,0.21885241053275586,0.21885241053275586
2023-08-08,5.75,-0.7731163821416288,-0.7731163821416288
2023-08-09,20.25,1.728370138515515,1.728370138515515
2023-08-13,8.75,-0.25556744683325416,-0.25556744683325416
2023-08-14,13.75,0.6070141120140368,0.6070141120140368
2023-08-15,12.0,0.30511056641748496,0.30511056641748496
2023-08-16,8.5,-0.29869652477561875,-0.29869652477561875
2023-08-17,7.25,-0.5143419144874415,-0.5143419144874415
2023-08-20,11.5,0.21885241053275586,0.21885241053275586
2023-08-21,6.5,-0.6437291483145351,-0.6437291483145351
2023-08-22,15.5,0.9089176576105886,0.9089176576105886
2023-08-23,7.5,-0.47121283654507695,-0.47121283654507695
2023-08-24,9.75,-0.083051135063796,-0.083051135063796
2023-08-27,6.75,-0.6006000703721706,-0.6006000703721706
2023-08-28,16.0,0.9951758134953177,0.9951758134953177
2023-08-29,8.75,-0.25556744683325416,-0.25556744683325416
2023-09-04,10.25,0.0032070208209331093,0.0032070208209331093
2023-09-05,8.5,-0.29869652477561875,-0.29869652477561875
2023-09-06,5.75,-0.7731163821416288,-0.7731163821416288
2023-09-07,6.5,-0.6437291483145351,-0.6437291483145351
2023-09-10,4.0,-1.0750199277381807,-1.0750199277381807
2023-09-11,3.0,-1.2475362395076388,-1.2475362395076388
2023-09-12,12.75,0.4344978002445786,0.4344978002445786
2023-09-17,4.5,-0.9887617718534515,-0.9887617718534515
2023-09-18,8.5,-0.29869652477561875,-0.29869652477561875
2023-09-19,4.5,-0.9887617718534515,-0.9887617718534515
2023-09-20,8.75,-0.25556744683325416,-0.25556744683325416
2023-09-21,8.75,-0.25556744683325416,-0.25556744683325416
2023-09-24,10.75,0.0894651767056622,0.0894651767056622
2023-09-25,8.25,-0.3418256027179833,-0.3418256027179833
2023-09-26,16.75,1.1245630473224113,1.1245630473224113
2023-09-27,12.75,0.4344978002445786,0.4344978002445786
2023-10-01,11.25,0.1757233325903913,0.1757233325903913
2023-10-02,14.0,0.6501431899564013,0.6501431899564013
2023-10-03,17.5,1.2539502811495051,1.2539502811495051
2023-10-04,8.0,-0.3849546806603478,-0.3849546806603478
2023-10-05,17.75,1.2970793590918697,1.2970793590918697
2023-10-08,14.0,0.6501431899564013,0.6501431899564013
2023-10-09,10.5,0.04633609876329766,0.04633609876329766
2023-10-10,11.0,0.13259425464802677,0.13259425464802677
2023-10-15,9.25,-0.1693092909485251,-0.1693092909485251
2023-10-16,18.25,1.3833375149765987,1.3833375149765987
2023-10-17,11.75,0.2619814884751204,0.2619814884751204
2023-10-18,10.0,-0.03992205712143144,-0.03992205712143144
2023-10-19,12.25,0.3482396443598495,0.3482396443598495
2023-10-22,17.75,1.2970793590918697,1.2970793590918697
2023-10-23,9.75,-0.083051135063796,-0.083051135063796
2023-10-24,16.0,0.9951758134953177,0.9951758134953177
2023-10-25,15.0,0.8226595017258596,0.8226595017258596
2023-10-29,8.25,-0.3418256027179833,-0.3418256027179833
2023-10-30,12.5,0.39136872230221403,0.39136872230221403
2023-10-31,21.5,1.944015528227338,1.944015528227338
2023-11-01,12.75,0.4344978002445786,0.4344978002445786
2023-11-02,22.25,2.0734027620544313,2.0734027620544313
2023-11-05,10.75,0.0894651767056622,0.0894651767056622
2023-11-06,11.0,0.13259425464802677,0.13259425464802677
2023-11-07,10.5,0.04633609876329766,0.04633609876329766
2023-11-08,17.75,1.2970793590918697,1.2970793590918697
2023-11-09,10.5,0.04633609876329766,0.04633609876329766
2023-11-12,7.75,-0.42808375860271236,-0.42808375860271236
2023-11-13,26.75,2.849726165016994,2.849726165016994
2023-11-16,10.75,0.0894651767056622,0.0894651767056622
2023-11-19,7.75,-0.42808375860271236,-0.42808375860271236
2023-11-20,6.0,-0.7299873041992643,-0.7299873041992643
2023-11-21,10.75,0.0894651767056622,0.0894651767056622
2023-11-22,7.5,-0.47121283654507695,-0.47121283654507695
2023-11-23,10.25,0.0032070208209331093,0.0032070208209331093
2023-11-26,13.75,0.6070141120140368,0.6070141120140368
2023-11-27,13.0,0.47762687818694316,0.47762687818694316
2023-11-28,9.25,-0.1693092909485251,-0.1693092909485251
2023-12-03,10.0,-0.03992205712143144,-0.03992205712143144
2023-12-04,10.0,-0.03992205712143144,-0.03992205712143144
2023-12-05,9.0,-0.21243836889088963,-0.21243836889088963
2023-12-06,8.5,-0.29869652477561875,-0.29869652477561875
2023-12-07,15.25,0.8657885796682241,0.8657885796682241
2023-12-10,6.75,-0.6006000703721706,-0.6006000703721706
2023-12-11,8.75,-0.25556744683325416,-0.25556744683325416
2023-12-14,9.25,-0.1693092909485251,-0.1693092909485251
2023-12-17,5.0,-0.9025036159687224,-0.9025036159687224
2023-12-18,2.5,-1.3337943953923679,-1.3337943953923679
2023-12-19,10.25,0.0032070208209331093,0.0032070208209331093
2023-12-20,9.0,-0.21243836889088963,-0.21243836889088963
2023-12-25,3.25,-1.2044071615652743,-1.2044071615652743
2023-12-26,13.0,0.47762687818694316,0.47762687818694316
2023-12-27,8.0,-0.3849546806603478,-0.3849546806603478
2023-12-28,7.5,-0.47121283654507695,-0.47121283654507695
2024-01-01,11.25,0.1757233325903913,0.1757233325903913
2024-01-02,12.0,0.30511056641748496,0.30511056641748496
2024-01-03,11.75,0.2619814884751204,0.2619814884751204
2024-01-04,17.75,1.2970793590918697,1.2970793590918697
2024-01-07,12.75,0.4344978002445786,0.4344978002445786
2024-01-08,6.0,-0.7299873041992643,-0.7299873041992643
2024-01-09,7.0,-0.557470992429806,-0.557470992429806
2024-01-10,14.25,0.693272267898766,0.693272267898766
2024-01-15,14.0,0.6501431899564013,0.6501431899564013
2024-01-16,12.25,0.3482396443598495,0.3482396443598495
2024-01-17,8.25,-0.3418256027179833,-0.3418256027179833
2024-01-18,7.75,-0.42808375860271236,-0.42808375860271236
2024-01-21,7.5,-0.47121283654507695,-0.47121283654507695
2024-01-22,6.5,-0.6437291483145351,-0.6437291483145351
2024-01-23,11.0,0.13259425464802677,0.13259425464802677
2024-01-24,9.25,-0.1693092909485251,-0.1693092909485251
2024-01-28,9.0,-0.21243836889088963,-0.21243836889088963
2024-01-29,8.25,-0.3418256027179833,-0.3418256027179833
2024-01-30,14.5,0.7364013458411305,0.7364013458411305
2024-01-31,14.5,0.7364013458411305,0.7364013458411305
2024-02-01,21.75,1.9871446061697025,1.9871446061697025
2024-02-04,15.5,0.9089176576105886,0.9089176576105886
2024-02-06,7.75,-0.42808375860271236,-0.42808375860271236
2024-02-07,8.25,-0.3418256027179833,-0.3418256027179833
2024-02-08,8.5,-0.29869652477561875,-0.29869652477561875
2024-02-11,5.25,-0.8593745380263579,-0.8593745380263579
2024-02-12,27.0,2.8928552429593584,2.8928552429593584
2024-02-15,12.25,0.3482396443598495,0.3482396443598495
2024-02-19,9.0,-0.21243836889088963,-0.21243836889088963
2024-02-20,9.0,-0.21243836889088963,-0.21243836889088963
2024-02-21,7.0,-0.557470992429806,-0.557470992429806
2024-02-22,11.0,0.13259425464802677,0.13259425464802677
2024-02-25,10.0,-0.03992205712143144,-0.03992205712143144
2024-02-27,5.5,-0.8162454600839933,-0.8162454600839933
2024-03-03,5.0,-0.9025036159687224,-0.9025036159687224
2024-03-04,11.25,0.1757233325903913,0.1757233325903913
2024-03-05,9.5,-0.12618021300616053,-0.12618021300616053
2024-03-06,6.0,-0.7299873041992643,-0.7299873041992643
2024-03-07,9.0,-0.21243836889088963,-0.21243836889088963
2024-03-10,5.75,-0.7731163821416288,-0.7731163821416288
2024-03-11,8.25,-0.3418256027179833,-0.3418256027179833
2024-03-13,12.0,0.30511056641748496,0.30511056641748496
2024-03-17,5.25,-0.8593745380263579,-0.8593745380263579
2024-03-18,4.25,-1.0318908497958161,-1.0318908497958161
2024-03-19,10.25,0.0032070208209331093,0.0032070208209331093
2024-03-20,9.0,-0.21243836889088963,-0.21243836889088963
2024-03-21,7.75,-0.42808375860271236,-0.42808375860271236
2024-03-24,7.5,-0.47121283654507695,-0.47121283654507695
2024-03-25,6.0,-0.7299873041992643,-0.7299873041992643
2024-03-26,6.75,-0.6006000703721706,-0.6006000703721706
2024-03-27,5.75,-0.7731163821416288,-0.7731163821416288
2024-03-31,16.75,1.1245630473224113,1.1245630473224113
2024-04-01,10.25,0.0032070208209331093,0.0032070208209331093
2024-04-02,9.0,-0.21243836889088963,-0.21243836889088963
2024-04-03,9.0,-0.21243836889088963,-0.21243836889088963
2024-04-04,11.5,0.21885241053275586,0.21885241053275586
2024-04-07,5.75,-0.7731163821416288,-0.7731163821416288
2024-04-08,8.25,-0.3418256027179833,-0.3418256027179833
2024-04-09,26.5,2.8065970870746293,2.8065970870746293
2024-04-14,17.75,1.2970793590918697,1.2970793590918697
2024-04-16,12.25,0.3482396443598495,0.3482396443598495
2024-04-17,11.0,0.13259425464802677,0.13259425464802677
2024-04-18,15.0,0.8226595017258596,0.8226595017258596
2024-04-21,6.75,-0.6006000703721706,-0.6006000703721706
2024-04-22,9.75,-0.083051135063796,-0.083051135063796
2024-04-23,7.0,-0.557470992429806,-0.557470992429806
2024-04-24,14.5,0.7364013458411305,0.7364013458411305
2024-04-28,6.5,-0.6437291483145351,-0.6437291483145351
2024-04-29,10.0,-0.03992205712143144,-0.03992205712143144
2024-04-30,13.0,0.47762687818694316,0.47762687818694316
2024-05-01,9.5,-0.12618021300616053,-0.12618021300616053
2024-05-02,17.75,1.2970793590918697,1.2970793590918697
2024-05-05,5.25,-0.8593745380263579,-0.8593745380263579
2024-05-06,7.5,-0.47121283654507695,-0.47121283654507695
2024-05-07,5.25,-0.8593745380263579,-0.8593745380263579
2024-05-08,8.0,-0.3849546806603478,-0.3849546806603478
2024-05-09,7.0,-0.557470992429806,-0.557470992429806
2024-05-12,4.5,-0.9887617718534515,-0.9887617718534515
2024-05-13,10.25,0.0032070208209331093,0.0032070208209331093
2024-05-16,6.75,-0.6006000703721706,-0.6006000703721706
2024-05-19,5.25,-0.8593745380263579,-0.8593745380263579
2024-05-20,5.5,-0.8162454600839933,-0.8162454600839933
2024-05-21,5.75,-0.7731163821416288,-0.7731163821416288
2024-05-22,10.25,0.0032070208209331093,0.0032070208209331093
2024-05-23,4.75,-0.945632693911087,-0.945632693911087
2024-05-27,11.25,0.1757233325903913,0.1757233325903913
2024-05-28,9.5,-0.12618021300616053,-0.12618021300616053
2024-05-29,9.25,-0.1693092909485251,-0.1693092909485251
2024-06-02,11.25,0.1757233325903913,0.1757233325903913
2024-06-03,10.75,0.0894651767056622,0.0894651767056622
2024-06-04,8.5,-0.29869652477561875,-0.29869652477561875
2024-06-05,4.75,-0.945632693911087,-0.945632693911087
2024-06-06,19.75,1.642111982630786,1.642111982630786
2024-06-09,2.75,-1.2906653174500033,-1.2906653174500033
2024-06-10,6.25,-0.6868582262568996,-0.6868582262568996
2024-06-11,20.0,1.6852410605731505,1.6852410605731505
2024-06-16,10.25,0.0032070208209331093,0.0032070208209331093
2024-06-17,5.5,-0.8162454600839933,-0.8162454600839933
2024-06-19,9.0,-0.21243836889088963,-0.21243836889088963
2024-06-20,7.0,-0.557470992429806,-0.557470992429806
2024-06-23,5.25,-0.8593745380263579,-0.8593745380263579
2024-06-24,5.5,-0.8162454600839933,-0.8162454600839933
2024-06-25,9.5,-0.12618021300616053,-0.12618021300616053
2024-06-26,8.0,-0.3849546806603478,-0.3849546806603478
2024-06-30,10.75,0.0894651767056622,0.0894651767056622
2024-07-01,6.25,-0.6868582262568996,-0.6868582262568996
2024-07-02,12.0,0.30511056641748496,0.30511056641748496
2024-07-04,17.25,1.2108212032071404,1.2108212032071404
2024-07-07,5.25,-0.8593745380263579,-0.8593745380263579
2024-07-08,5.5,-0.8162454600839933,-0.8162454600839933
2024-07-09,5.0,-0.9025036159687224,-0.9025036159687224
2024-07-10,14.75,0.779530423783495,0.779530423783495
2024-07-14,7.0,-0.557470992429806,-0.557470992429806
2024-07-15,7.75,-0.42808375860271236,-0.42808375860271236
2024-07-16,5.75,-0.7731163821416288,-0.7731163821416288
2024-07-17,5.25,-0.8593745380263579,-0.8593745380263579
2024-07-21,7.25,-0.5143419144874415,-0.5143419144874415
2024-07-22,4.5,-0.9887617718534515,-0.9887617718534515
2024-07-23,8.5,-0.29869652477561875,-0.29869652477561875
2024-07-24,10.0,-0.03992205712143144,-0.03992205712143144
2024-07-28,5.0,-0.9025036159687224,-0.9025036159687224
2024-07-29,6.5,-0.6437291483145351,-0.6437291483145351
2024-07-30,13.75,0.6070141120140368,0.6070141120140368
2024-07-31,12.25,0.3482396443598495,0.3482396443598495
2024-08-01,25.5,2.6340807753051707,2.6340807753051707
2024-08-04,21.5,1.944015528227338,1.944015528227338
2024-08-05,14.0,0.6501431899564013,0.6501431899564013
2024-08-06,11.5,0.21885241053275586,0.21885241053275586
2024-08-07,14.75,0.779530423783495,0.779530423783495
2024-08-08,7.75,-0.42808375860271236,-0.42808375860271236
2024-08-11,8.25,-0.3418256027179833,-0.3418256027179833
2024-08-12,9.25,-0.1693092909485251,-0.1693092909485251
2024-08-15,7.75,-0.42808375860271236,-0.42808375860271236
2024-08-18,6.25,-0.6868582262568996,-0.6868582262568996
2024-08-19,8.5,-0.29869652477561875,-0.29869652477561875
2024-08-20,9.25,-0.1693092909485251,-0.1693092909485251
2024-08-22,8.75,-0.25556744683325416,-0.25556744683325416
2024-08-25,6.0,-0.7299873041992643,-0.7299873041992643
2024-08-26,6.0,-0.7299873041992643,-0.7299873041992643
2024-08-27,4.0,-1.0750199277381807,-1.0750199277381807
2024-08-28,7.5,-0.47121283654507695,-0.47121283654507695
2024-09-02,12.0,0.30511056641748496,0.30511056641748496
2024-09-03,9.25,-0.1693092909485251,-0.1693092909485251
2024-09-04,6.25,-0.6868582262568996,-0.6868582262568996
2024-09-05,14.75,0.779530423783495,0.779530423783495
2024-09-08,5.5,-0.8162454600839933,-0.8162454600839933
2024-09-09,8.25,-0.3418256027179833,-0.3418256027179833
2024-09-10,10.0,-0.03992205712143144,-0.03992205712143144
2024-09-15,2.5,-1.3337943953923679,-1.3337943953923679
2024-09-16,5.75,-0.7731163821416288,-0.7731163821416288
2024-09-17,7.0,-0.557470992429806,-0.557470992429806
2024-09-18,10.25,0.0032070208209331093,0.0032070208209331093
2024-09-19,7.5,-0.47121283654507695,-0.47121283654507695
2024-09-22,7.5,-0.47121283654507695,-0.47121283654507695
2024-09-23,9.75,-0.083051135063796,-0.083051135063796
2024-09-24,7.25,-0.5143419144874415,-0.5143419144874415
2024-09-25,8.5,-0.29869652477561875,-0.29869652477561875
2024-09-29,8.25,-0.3418256027179833,-0.3418256027179833
2024-09-30,10.75,0.0894651767056622,0.0894651767056622
2024-10-01,9.5,-0.12618021300616053,-0.12618021300616053
2024-10-02,9.0,-0.21243836889088963,-0.21243836889088963
2024-10-03,19.75,1.642111982630786,1.642111982630786
2024-10-06,7.5,-0.47121283654507695,-0.47121283654507695
2024-10-07,7.0,-0.557470992429806,-0.557470992429806
2024-10-08,8.75,-0.25556744683325416,-0.25556744683325416
2024-10-09,10.75,0.0894651767056622,0.0894651767056622
2024-10-13,6.5,-0.6437291483145351,-0.6437291483145351
2024-10-14,8.25,-0.3418256027179833,-0.3418256027179833
2024-10-15,4.5,-0.9887617718534515,-0.9887617718534515
2024-10-16,9.0,-0.21243836889088963,-0.21243836889088963
2024-10-17,6.0,-0.7299873041992643,-0.7299873041992643
2024-10-20,12.5,0.39136872230221403,0.39136872230221403
2024-10-21,5.75,-0.7731163821416288,-0.7731163821416288
2024-10-22,6.5,-0.6437291483145351,-0.6437291483145351
2024-10-23,7.25,-0.5143419144874415,-0.5143419144874415
2024-10-24,8.25,-0.3418256027179833,-0.3418256027179833
2024-10-27,13.3599853515625,0.5397302233295375,0.5397302233295375
2024-10-28,0.5,-1.6788270189312844,-1.6788270189312844
2024-10-29,14.8800048828125,0.8019583866783281,0.8019583866783281
2024-11-03,7.25,-0.5143419144874415,-0.5143419144874415
2024-11-04,1.0,-1.592568863046555,-1.592568863046555
2024-11-05,23.25,2.2459190738238894,2.2459190738238894
2024-11-06,13.75,0.6070141120140368,0.6070141120140368
2024-11-07,8.0,-0.3849546806603478,-0.3849546806603478
2024-11-10,7.0,-0.557470992429806,-0.557470992429806
2024-11-11,13.25,0.5207559561293077,0.5207559561293077
2024-11-12,10.75,0.0894651767056622,0.0894651767056622
2024-11-17,8.75,-0.25556744683325416,-0.25556744683325416
2024-11-18,8.75,-0.25556744683325416,-0.25556744683325416
2024-11-19,5.75,-0.7731163821416288,-0.7731163821416288
2024-11-20,7.0,-0.557470992429806,-0.557470992429806
2024-11-21,5.0,-0.9025036159687224,-0.9025036159687224
2024-11-24,11.5,0.21885241053275586,0.21885241053275586
2024-11-25,6.0,-0.7299873041992643,-0.7299873041992643
2024-11-26,9.0,-0.21243836889088963,-0.21243836889088963
2024-11-28,8.0,-0.3849546806603478,-0.3849546806603478
2024-12-01,8.25,-0.3418256027179833,-0.3418256027179833
2024-12-02,7.0,-0.557470992429806,-0.557470992429806
2024-12-03,11.25,0.1757233325903913,0.1757233325903913
2024-12-04,5.75,-0.7731163821416288,-0.7731163821416288
2024-12-05,8.5,-0.29869652477561875,-0.29869652477561875
2024-12-08,7.25,-0.5143419144874415,-0.5143419144874415
2024-12-09,5.25,-0.8593745380263579,-0.8593745380263579
2024-12-10,6.5,-0.6437291483145351,-0.6437291483145351
2024-12-15,4.0,-1.0750199277381807,-1.0750199277381807
2024-12-16,6.0,-0.7299873041992643,-0.7299873041992643
2024-12-17,14.25,0.693272267898766,0.693272267898766
2024-12-18,3.5,-1.1612780836229097,-1.1612780836229097
2024-12-22,8.75,-0.25556744683325416,-0.25556744683325416
2024-12-23,5.0,-0.9025036159687224,-0.9025036159687224
2024-12-25,7.75,-0.42808375860271236,-0.42808375860271236
2024-12-26,5.75,-0.7731163821416288,-0.7731163821416288
2024-12-29,10.75,0.0894651767056622,0.0894651767056622
2024-12-30,7.75,-0.42808375860271236,-0.42808375860271236
2025-01-01,9.5,-0.12618021300616053,-0.12618021300616053
2025-01-02,7.25,-0.5143419144874415,-0.5143419144874415
2025-01-04,3.5,-1.1612780836229097,-1.1612780836229097
2025-01-05,7.5,-0.47121283654507695,-0.47121283654507695
2025-01-06,9.25,-0.1693092909485251,-0.1693092909485251
2025-01-07,7.0,-0.557470992429806,-0.557470992429806
2025-01-08,4.5,-0.9887617718534515,-0.9887617718534515
2025-01-09,14.75,0.779530423783495,0.779530423783495
2025-01-11,3.5,-1.1612780836229097,-1.1612780836229097
2025-01-12,4.75,-0.945632693911087,-0.945632693911087
2025-01-13,5.75,-0.7731163821416288,-0.7731163821416288
2025-01-16,7.25,-0.5143419144874415,-0.5143419144874415
2025-01-18,2.25,-1.3769234733347324,-1.3769234733347324
2025-01-19,8.0,-0.3849546806603478,-0.3849546806603478
2025-01-20,13.75,0.6070141120140368,0.6070141120140368
2025-01-21,7.0,-0.557470992429806,-0.557470992429806
2025-01-22,6.75,-0.6006000703721706,-0.6006000703721706
2025-01-23,6.75,-0.6006000703721706,-0.6006000703721706
2025-01-25,4.0,-1.0750199277381807,-1.0750199277381807
2025-01-26,14.0,0.6501431899564013,0.6501431899564013
2025-01-27,5.75,-0.7731163821416288,-0.7731163821416288
2025-01-28,9.5,-0.12618021300616053,-0.12618021300616053
2025-01-29,6.25,-0.6868582262568996,-0.6868582262568996
2025-02-01,9.5,-0.12618021300616053,-0.12618021300616053
2025-02-02,13.0,0.47762687818694316,0.47762687818694316
2025-02-05,5.5,-0.8162454600839933,-0.8162454600839933
2025-02-06,15.5,0.9089176576105886,0.9089176576105886
2025-02-08,2.25,-1.3769234733347324,-1.3769234733347324
2025-02-09,5.5,-0.8162454600839933,-0.8162454600839933
2025-02-10,6.75,-0.6006000703721706,-0.6006000703721706
2025-02-11,16.5,1.0814339693800468,1.0814339693800468
2025-02-15,2.75,-1.2906653174500033,-1.2906653174500033
2025-02-16,3.75,-1.1181490056805452,-1.1181490056805452
2025-02-17,9.75,-0.083051135063796,-0.083051135063796
2025-02-18,5.25,-0.8593745380263579,-0.8593745380263579
2025-02-19,4.75,-0.945632693911087,-0.945632693911087
2025-02-20,10.25,0.0032070208209331093,0.0032070208209331093
2025-02-22,1.5,-1.506310707161826,-1.506310707161826
2025-02-23,7.75,-0.42808375860271236,-0.42808375860271236
2025-02-24,13.0,0.47762687818694316,0.47762687818694316
2025-02-25,10.0,-0.03992205712143144,-0.03992205712143144
2025-02-26,7.0,-0.557470992429806,-0.557470992429806
2025-03-01,2.25,-1.3769234733347324,-1.3769234733347324
2025-03-02,12.25,0.3482396443598495,0.3482396443598495
2025-03-03,0.0,-1.7650851748160135,-1.7650851748160135
2025-03-04,12.25,0.3482396443598495,0.3482396443598495
2025-03-05,8.25,-0.3418256027179833,-0.3418256027179833
2025-03-08,2.5,-1.3337943953923679,-1.3337943953923679
2025-03-09,10.5,0.04633609876329766,0.04633609876329766
2025-03-10,15.25,0.8657885796682241,0.8657885796682241
2025-03-11,6.5,-0.6437291483145351,-0.6437291483145351
2025-03-15,1.0,-1.592568863046555,-1.592568863046555
2025-03-16,5.5,-0.8162454600839933,-0.8162454600839933
2025-03-17,5.0,-0.9025036159687224,-0.9025036159687224
2025-03-18,8.5,-0.29869652477561875,-0.29869652477561875
2025-03-19,3.5,-1.1612780836229097,-1.1612780836229097
2025-03-20,6.75,-0.6006000703721706,-0.6006000703721706
2025-03-22,3.0,-1.2475362395076388,-1.2475362395076388
2025-03-23,9.75,-0.083051135063796,-0.083051135063796
2025-03-24,8.0,-0.3849546806603478,-0.3849546806603478
2025-03-25,5.25,-0.8593745380263579,-0.8593745380263579
2025-03-26,7.5,-0.47121283654507695,-0.47121283654507695
2025-03-29,5.75,-0.7731163821416288,-0.7731163821416288
2025-03-30,9.25,-0.1693092909485251,-0.1693092909485251
2025-03-31,9.5,-0.12618021300616053,-0.12618021300616053
2025-04-01,14.75,0.779530423783495,0.779530423783495
2025-04-02,14.25,0.693272267898766,0.693272267898766
2025-04-03,22.25,2.0734027620544313,2.0734027620544313
2025-04-05,13.75,0.6070141120140368,0.6070141120140368
2025-04-06,45.25,6.04127793275197,6.04127793275197
2025-04-07,16.0,0.9951758134953177,0.9951758134953177
2025-04-08,25.5,2.6340807753051707,2.6340807753051707
2025-04-09,16.5,1.0814339693800468,1.0814339693800468
2025-04-12,9.25,-0.1693092909485251,-0.1693092909485251
2025-04-13,22.0,2.0302736841120668,2.0302736841120668
2025-04-15,10.25,0.0032070208209331093,0.0032070208209331093
2025-04-16,7.25,-0.5143419144874415,-0.5143419144874415
2025-04-19,2.5,-1.3337943953923679,-1.3337943953923679
2025-04-20,9.5,-0.12618021300616053,-0.12618021300616053
2025-04-21,6.75,-0.6006000703721706,-0.6006000703721706
2025-04-22,16.0,0.9951758134953177,0.9951758134953177
2025-04-23,9.75,-0.083051135063796,-0.083051135063796
2025-04-24,10.0,-0.03992205712143144,-0.03992205712143144
2025-04-26,2.0,-1.420052551277097,-1.420052551277097
2025-04-27,10.5,0.04633609876329766,0.04633609876329766
2025-04-28,9.0,-0.21243836889088963,-0.21243836889088963
2025-04-29,10.75,0.0894651767056622,0.0894651767056622
2025-05-01,15.75,0.9520467355529532,0.9520467355529532
2025-05-03,2.75,-1.2906653174500033,-1.2906653174500033
2025-05-04,8.5,-0.29869652477561875,-0.29869652477561875
2025-05-05,8.5,-0.29869652477561875,-0.29869652477561875
2025-05-06,9.0,-0.21243836889088963,-0.21243836889088963
2025-05-07,14.5,0.7364013458411305,0.7364013458411305
2025-05-08,5.75,-0.7731163821416288,-0.7731163821416288
2025-05-10,1.5,-1.506310707161826,-1.506310707161826
2025-05-11,9.0,-0.21243836889088963,-0.21243836889088963
2025-05-12,8.5,-0.29869652477561875,-0.29869652477561875
2025-05-14,13.5,0.5638850340716722,0.5638850340716722
2025-05-17,4.5,-0.9887617718534515,-0.9887617718534515
2025-05-18,11.25,0.1757233325903913,0.1757233325903913
2025-05-19,9.0,-0.21243836889088963,-0.21243836889088963
2025-05-20,14.5,0.7364013458411305,0.7364013458411305
2025-05-21,9.5,-0.12618021300616053,-0.12618021300616053
2025-05-22,10.5,0.04633609876329766,0.04633609876329766
2025-05-24,5.0,-0.9025036159687224,-0.9025036159687224
2025-05-25,5.25,-0.8593745380263579,-0.8593745380263579
2025-05-26,12.75,0.4344978002445786,0.4344978002445786
2025-05-28,14.75,0.779530423783495,0.779530423783495
2025-05-31,4.0,-1.0750199277381807,-1.0750199277381807
2025-06-02,7.0,-0.557470992429806,-0.557470992429806
2025-06-03,12.25,0.3482396443598495,0.3482396443598495
2025-06-04,10.25,0.0032070208209331093,0.0032070208209331093
2025-06-05,15.5,0.9089176576105886,0.9089176576105886
2025-06-07,2.75,-1.2906653174500033,-1.2906653174500033
2025-06-08,4.0,-1.0750199277381807,-1.0750199277381807
2025-06-09,3.5,-1.1612780836229097,-1.1612780836229097
2025-06-10,10.5,0.04633609876329766,0.04633609876329766
2025-06-14,3.75,-1.1181490056805452,-1.1181490056805452
2025-06-15,3.25,-1.2044071615652743,-1.2044071615652743
2025-06-16,5.75,-0.7731163821416288,-0.7731163821416288
2025-06-17,8.5,-0.29869652477561875,-0.29869652477561875
2025-06-19,9.5,-0.12618021300616053,-0.12618021300616053
2025-06-21,5.25,-0.8593745380263579,-0.8593745380263579
2025-06-22,13.75,0.6070141120140368,0.6070141120140368
2025-06-23,8.5,-0.29869652477561875,-0.29869652477561875
2025-06-25,7.0,-0.557470992429806,-0.557470992429806
2025-06-28,2.5,-1.3337943953923679,-1.3337943953923679
2025-06-29,7.75,-0.42808375860271236,-0.42808375860271236
2025-06-30,11.0,0.13259425464802677,0.13259425464802677
2025-07-01,7.0,-0.557470992429806,-0.557470992429806
2025-07-02,14.5,0.7364013458411305,0.7364013458411305
2025-07-05,2.0,-1.420052551277097,-1.420052551277097
2025-07-06,7.75,-0.42808375860271236,-0.42808375860271236
2025-07-07,6.0,-0.7299873041992643,-0.7299873041992643
2025-07-08,9.75,-0.083051135063796,-0.083051135063796
2025-07-09,6.5,-0.6437291483145351,-0.6437291483145351
2025-07-10,8.75,-0.25556744683325416,-0.25556744683325416
2025-07-12,1.75,-1.4631816292194615,-1.4631816292194615
2025-07-13,4.75,-0.945632693911087,-0.945632693911087
2025-07-14,10.75,0.0894651767056622,0.0894651767056622
2025-07-17,5.0,-0.9025036159687224,-0.9025036159687224
2025-07-19,2.0,-1.420052551277097,-1.420052551277097
2025-07-20,8.75,-0.25556744683325416,-0.25556744683325416
2025-07-21,7.25,-0.5143419144874415,-0.5143419144874415
2025-07-22,5.75,-0.7731163821416288,-0.7731163821416288
2025-07-23,7.25,-0.5143419144874415,-0.5143419144874415
2025-07-24,5.0,-0.9025036159687224,-0.9025036159687224
2025-07-26,2.25,-1.3769234733347324,-1.3769234733347324
2025-07-27,5.25,-0.8593745380263579,-0.8593745380263579
2025-07-28,10.5,0.04633609876329766,0.04633609876329766
2025-07-29,8.0,-0.3849546806603478,-0.3849546806603478
2025-08-02,6.0,-0.7299873041992643,-0.7299873041992643
2025-08-03,7.25,-0.5143419144874415,-0.5143419144874415
2025-08-04,5.25,-0.8593745380263579,-0.8593745380263579
2025-08-05,7.0,-0.557470992429806,-0.557470992429806
2025-08-06,4.25,-1.0318908497958161,-1.0318908497958161
2025-08-07,5.5,-0.8162454600839933,-0.8162454600839933
2025-08-09,1.75,-1.4631816292194615,-1.4631816292194615
2025-08-10,3.75,-1.1181490056805452,-1.1181490056805452
2025-08-11,9.25,-0.1693092909485251,-0.1693092909485251
2025-08-13,10.75,0.0894651767056622,0.0894651767056622
2025-08-16,2.25,-1.3769234733347324,-1.3769234733347324
2025-08-17,6.75,-0.6006000703721706,-0.6006000703721706
2025-08-18,5.5,-0.8162454600839933,-0.8162454600839933
2025-08-19,6.25,-0.6868582262568996,-0.6868582262568996
2025-08-20,7.25,-0.5143419144874415,-0.5143419144874415
2025-08-21,12.25,0.3482396443598495,0.3482396443598495
2025-08-23,1.75,-1.4631816292194615,-1.4631816292194615
2025-08-24,4.75,-0.945632693911087,-0.945632693911087
2025-08-25,7.0,-0.557470992429806,-0.557470992429806
2025-08-26,6.75,-0.6006000703721706,-0.6006000703721706
2025-08-27,5.0,-0.9025036159687224,-0.9025036159687224
2025-08-30,2.0,-1.420052551277097,-1.420052551277097
2025-08-31,3.248046875,-1.204744107486699,-1.204744107486699
2025-09-01,7.75,-0.42808375860271236,-0.42808375860271236
2025-09-02,10.25,0.0032070208209331093,0.0032070208209331093
2025-09-03,6.0,-0.7299873041992643,-0.7299873041992643
2025-09-04,12.25,0.3482396443598495,0.3482396443598495
2025-09-06,3.0,-1.2475362395076388,-1.2475362395076388
2025-09-07,5.25,-0.8593745380263579,-0.8593745380263579
2025-09-08,5.0,-0.9025036159687224,-0.9025036159687224
2025-09-13,2.5,-1.3337943953923679,-1.3337943953923679
2025-09-14,4.75,-0.945632693911087,-0.945632693911087
2025-09-15,3.5,-1.1612780836229097,-1.1612780836229097
2025-09-16,9.5,-0.12618021300616053,-0.12618021300616053
2025-09-17,9.5,-0.12618021300616053,-0.12618021300616053
2025-09-18,2.25,-1.3769234733347324,-1.3769234733347324
2025-09-20,2.75,-1.2906653174500033,-1.2906653174500033
2025-09-21,4.0,-1.0750199277381807,-1.0750199277381807
2025-09-22,4.5,-0.9887617718534515,-0.9887617718534515
2025-09-23,6.75,-0.6006000703721706,-0.6006000703721706
2025-09-24,8.0,-0.3849546806603478,-0.3849546806603478
2025-09-27,2.75,-1.2906653174500033,-1.2906653174500033
2025-09-28,5.0,-0.9025036159687224,-0.9025036159687224
2025-09-29,6.25,-0.6868582262568996,-0.6868582262568996
2025-09-30,9.5,-0.12618021300616053,-0.12618021300616053
2025-10-01,4.75,-0.945632693911087,-0.945632693911087
2025-10-02,5.75,-0.7731163821416288,-0.7731163821416288
2025-10-04,8.0,-0.3849546806603478,-0.3849546806603478
2025-10-05,4.25,-1.0318908497958161,-1.0318908497958161
2025-10-06,7.5,-0.47121283654507695,-0.47121283654507695
2025-10-07,5.0,-0.9025036159687224,-0.9025036159687224
2025-10-08,5.25,-0.8593745380263579,-0.8593745380263579
2025-10-09,12.25,0.3482396443598495,0.3482396443598495
2025-10-11,2.75,-1.2906653174500033,-1.2906653174500033
2025-10-12,4.5,-0.9887617718534515,-0.9887617718534515
2025-10-13,7.75,-0.42808375860271236,-0.42808375860271236
2025-10-14,5.5,-0.8162454600839933,-0.8162454600839933
2025-10-18,1.75,-1.4631816292194615,-1.4631816292194615
2025-10-19,5.0,-0.9025036159687224,-0.9025036159687224
2025-10-20,5.25,-0.8593745380263579,-0.8593745380263579
2025-10-21,4.75,-0.945632693911087,-0.945632693911087
2025-10-22,7.25,-0.5143419144874415,-0.5143419144874415
2025-10-23,7.25,-0.5143419144874415,-0.5143419144874415
2025-10-25,2.5,-1.3337943953923679,-1.3337943953923679
2025-10-26,6.0,-0.7299873041992643,-0.7299873041992643
2025-10-27,4.5,-0.9887617718534515,-0.9887617718534515
2025-10-28,12.25,0.3482396443598495,0.3482396443598495
2025-10-29,6.75,-0.6006000703721706,-0.6006000703721706
2025-11-01,2.25,-1.3769234733347324,-1.3769234733347324
2025-11-02,4.25,-1.0318908497958161,-1.0318908497958161
2025-11-03,4.5,-0.9887617718534515,-0.9887617718534515
2025-11-04,12.25,0.3482396443598495,0.3482396443598495
2025-11-05,3.0,-1.2475362395076388,-1.2475362395076388
